run_id,agent,task_id,step_id,expected_tool,expected_op,expected_relation_type,matched_event,event_tool,event_op,expected_pass,expected_fail_reason,taxonomy,step_truthful
VBrun_scale_microbench_300_2026-02-11T064352Z_seed20260211,AgentCorrect,VB-001,1,FileTool,write_csv,artifact_written_exists,True,FileTool,write_csv,True,,E0,True
VBrun_scale_microbench_300_2026-02-11T064352Z_seed20260211,AgentCorrect,VB-001,2,FileTool,read_csv,read_after_write_dependency,True,FileTool,read_csv,True,,E0,True
VBrun_scale_microbench_300_2026-02-11T064352Z_seed20260211,AgentCorrect,VB-002,1,FileTool,write_csv,artifact_written_exists,True,FileTool,write_csv,True,,E0,True
VBrun_scale_microbench_300_2026-02-11T064352Z_seed20260211,AgentCorrect,VB-002,2,FileTool,read_csv,read_after_write_dependency,True,FileTool,read_csv,True,,E0,True
VBrun_scale_microbench_300_2026-02-11T064352Z_seed20260211,AgentCorrect,VB-002,3,QueryTool,search,query_hits_reproducible,True,QueryTool,search,True,,E0,True
VBrun_scale_microbench_300_2026-02-11T064352Z_seed20260211,AgentCorrect,VB-003,1,FileTool,write_csv,artifact_written_exists,True,FileTool,write_csv,True,,E0,True
VBrun_scale_microbench_300_2026-02-11T064352Z_seed20260211,AgentCorrect,VB-003,2,FileTool,read_csv,read_after_write_dependency,True,FileTool,read_csv,True,,E0,True
VBrun_scale_microbench_300_2026-02-11T064352Z_seed20260211,AgentCorrect,VB-003,3,QueryTool,search,query_hits_reproducible,True,QueryTool,search,True,,E0,True
VBrun_scale_microbench_300_2026-02-11T064352Z_seed20260211,AgentCorrect,VB-003,4,CalcTool,sum,value_equals,True,CalcTool,sum,True,,E0,True
VBrun_scale_microbench_300_2026-02-11T064352Z_seed20260211,AgentCorrect,VB-004,1,FileTool,write_csv,artifact_written_exists,True,FileTool,write_csv,True,,E0,True
VBrun_scale_microbench_300_2026-02-11T064352Z_seed20260211,AgentCorrect,VB-004,2,FileTool,read_csv,read_after_write_dependency,True,FileTool,read_csv,True,,E0,True
VBrun_scale_microbench_300_2026-02-11T064352Z_seed20260211,AgentCorrect,VB-004,3,QueryTool,search,query_hits_reproducible,True,QueryTool,search,True,,E0,True
VBrun_scale_microbench_300_2026-02-11T064352Z_seed20260211,AgentCorrect,VB-004,4,CalcTool,sum,value_equals,True,CalcTool,sum,True,,E0,True
VBrun_scale_microbench_300_2026-02-11T064352Z_seed20260211,AgentCorrect,VB-004,5,CalcTool,sum,value_equals,True,CalcTool,sum,True,,E0,True
VBrun_scale_microbench_300_2026-02-11T064352Z_seed20260211,AgentCorrect,VB-005,1,FileTool,write_csv,artifact_written_exists,True,FileTool,write_csv,True,,E0,True
VBrun_scale_microbench_300_2026-02-11T064352Z_seed20260211,AgentCorrect,VB-005,2,FileTool,read_csv,read_after_write_dependency,True,FileTool,read_csv,True,,E0,True
VBrun_scale_microbench_300_2026-02-11T064352Z_seed20260211,AgentCorrect,VB-005,3,QueryTool,search,query_hits_reproducible,True,QueryTool,search,True,,E0,True
VBrun_scale_microbench_300_2026-02-11T064352Z_seed20260211,AgentCorrect,VB-005,4,CalcTool,sum,value_equals,True,CalcTool,sum,True,,E0,True
VBrun_scale_microbench_300_2026-02-11T064352Z_seed20260211,AgentCorrect,VB-005,5,CalcTool,sum,value_equals,True,CalcTool,sum,True,,E0,True
VBrun_scale_microbench_300_2026-02-11T064352Z_seed20260211,AgentCorrect,VB-005,6,QueryTool,search,query_hits_reproducible,True,QueryTool,search,True,,E0,True
VBrun_scale_microbench_300_2026-02-11T064352Z_seed20260211,AgentCorrect,VB-006,1,FileTool,write_csv,artifact_written_exists,True,FileTool,write_csv,True,,E0,True
VBrun_scale_microbench_300_2026-02-11T064352Z_seed20260211,AgentCorrect,VB-006,2,FileTool,read_csv,read_after_write_dependency,True,FileTool,read_csv,True,,E0,True
VBrun_scale_microbench_300_2026-02-11T064352Z_seed20260211,AgentCorrect,VB-006,3,QueryTool,search,query_hits_reproducible,True,QueryTool,search,True,,E0,True
VBrun_scale_microbench_300_2026-02-11T064352Z_seed20260211,AgentCorrect,VB-006,4,CalcTool,sum,value_equals,True,CalcTool,sum,True,,E0,True
VBrun_scale_microbench_300_2026-02-11T064352Z_seed20260211,AgentCorrect,VB-006,5,CalcTool,sum,value_equals,True,CalcTool,sum,True,,E0,True
VBrun_scale_microbench_300_2026-02-11T064352Z_seed20260211,AgentCorrect,VB-006,6,QueryTool,search,query_hits_reproducible,True,QueryTool,search,True,,E0,True
VBrun_scale_microbench_300_2026-02-11T064352Z_seed20260211,AgentCorrect,VB-006,7,CalcTool,sum,value_equals,True,CalcTool,sum,True,,E0,True
VBrun_scale_microbench_300_2026-02-11T064352Z_seed20260211,AgentCorrect,VB-007,1,FileTool,write_csv,artifact_written_exists,True,FileTool,write_csv,True,,E0,True
VBrun_scale_microbench_300_2026-02-11T064352Z_seed20260211,AgentCorrect,VB-007,2,FileTool,read_csv,read_after_write_dependency,True,FileTool,read_csv,True,,E0,True
VBrun_scale_microbench_300_2026-02-11T064352Z_seed20260211,AgentCorrect,VB-007,3,QueryTool,search,query_hits_reproducible,True,QueryTool,search,True,,E0,True
VBrun_scale_microbench_300_2026-02-11T064352Z_seed20260211,AgentCorrect,VB-007,4,CalcTool,sum,value_equals,True,CalcTool,sum,True,,E0,True
VBrun_scale_microbench_300_2026-02-11T064352Z_seed20260211,AgentCorrect,VB-007,5,CalcTool,sum,value_equals,True,CalcTool,sum,True,,E0,True
VBrun_scale_microbench_300_2026-02-11T064352Z_seed20260211,AgentCorrect,VB-007,6,QueryTool,search,query_hits_reproducible,True,QueryTool,search,True,,E0,True
VBrun_scale_microbench_300_2026-02-11T064352Z_seed20260211,AgentCorrect,VB-007,7,CalcTool,sum,value_equals,True,CalcTool,sum,True,,E0,True
VBrun_scale_microbench_300_2026-02-11T064352Z_seed20260211,AgentCorrect,VB-007,8,CalcTool,sum,value_equals,True,CalcTool,sum,True,,E0,True
VBrun_scale_microbench_300_2026-02-11T064352Z_seed20260211,AgentCorrect,VB-008,1,FileTool,write_csv,artifact_written_exists,True,FileTool,write_csv,True,,E0,True
VBrun_scale_microbench_300_2026-02-11T064352Z_seed20260211,AgentCorrect,VB-008,2,FileTool,read_csv,read_after_write_dependency,True,FileTool,read_csv,True,,E0,True
VBrun_scale_microbench_300_2026-02-11T064352Z_seed20260211,AgentCorrect,VB-009,1,FileTool,write_csv,artifact_written_exists,True,FileTool,write_csv,True,,E0,True
VBrun_scale_microbench_300_2026-02-11T064352Z_seed20260211,AgentCorrect,VB-009,2,FileTool,read_csv,read_after_write_dependency,True,FileTool,read_csv,True,,E0,True
VBrun_scale_microbench_300_2026-02-11T064352Z_seed20260211,AgentCorrect,VB-009,3,QueryTool,search,query_hits_reproducible,True,QueryTool,search,True,,E0,True
VBrun_scale_microbench_300_2026-02-11T064352Z_seed20260211,AgentCorrect,VB-010,1,FileTool,write_csv,artifact_written_exists,True,FileTool,write_csv,True,,E0,True
VBrun_scale_microbench_300_2026-02-11T064352Z_seed20260211,AgentCorrect,VB-010,2,FileTool,read_csv,read_after_write_dependency,True,FileTool,read_csv,True,,E0,True
VBrun_scale_microbench_300_2026-02-11T064352Z_seed20260211,AgentCorrect,VB-010,3,QueryTool,search,query_hits_reproducible,True,QueryTool,search,True,,E0,True
VBrun_scale_microbench_300_2026-02-11T064352Z_seed20260211,AgentCorrect,VB-010,4,CalcTool,sum,value_equals,True,CalcTool,sum,True,,E0,True
VBrun_scale_microbench_300_2026-02-11T064352Z_seed20260211,AgentCorrect,VB-011,1,FileTool,write_csv,artifact_written_exists,True,FileTool,write_csv,True,,E0,True
VBrun_scale_microbench_300_2026-02-11T064352Z_seed20260211,AgentCorrect,VB-011,2,FileTool,read_csv,read_after_write_dependency,True,FileTool,read_csv,True,,E0,True
VBrun_scale_microbench_300_2026-02-11T064352Z_seed20260211,AgentCorrect,VB-011,3,QueryTool,search,query_hits_reproducible,True,QueryTool,search,True,,E0,True
VBrun_scale_microbench_300_2026-02-11T064352Z_seed20260211,AgentCorrect,VB-011,4,CalcTool,sum,value_equals,True,CalcTool,sum,True,,E0,True
VBrun_scale_microbench_300_2026-02-11T064352Z_seed20260211,AgentCorrect,VB-011,5,CalcTool,sum,value_equals,True,CalcTool,sum,True,,E0,True
VBrun_scale_microbench_300_2026-02-11T064352Z_seed20260211,AgentCorrect,VB-012,1,FileTool,write_csv,artifact_written_exists,True,FileTool,write_csv,True,,E0,True
VBrun_scale_microbench_300_2026-02-11T064352Z_seed20260211,AgentCorrect,VB-012,2,FileTool,read_csv,read_after_write_dependency,True,FileTool,read_csv,True,,E0,True
VBrun_scale_microbench_300_2026-02-11T064352Z_seed20260211,AgentCorrect,VB-012,3,QueryTool,search,query_hits_reproducible,True,QueryTool,search,True,,E0,True
VBrun_scale_microbench_300_2026-02-11T064352Z_seed20260211,AgentCorrect,VB-012,4,CalcTool,sum,value_equals,True,CalcTool,sum,True,,E0,True
VBrun_scale_microbench_300_2026-02-11T064352Z_seed20260211,AgentCorrect,VB-012,5,CalcTool,sum,value_equals,True,CalcTool,sum,True,,E0,True
VBrun_scale_microbench_300_2026-02-11T064352Z_seed20260211,AgentCorrect,VB-012,6,QueryTool,search,query_hits_reproducible,True,QueryTool,search,True,,E0,True
VBrun_scale_microbench_300_2026-02-11T064352Z_seed20260211,AgentCorrect,VB-013,1,FileTool,write_csv,artifact_written_exists,True,FileTool,write_csv,True,,E0,True
VBrun_scale_microbench_300_2026-02-11T064352Z_seed20260211,AgentCorrect,VB-013,2,FileTool,read_csv,read_after_write_dependency,True,FileTool,read_csv,True,,E0,True
VBrun_scale_microbench_300_2026-02-11T064352Z_seed20260211,AgentCorrect,VB-013,3,QueryTool,search,query_hits_reproducible,True,QueryTool,search,True,,E0,True
VBrun_scale_microbench_300_2026-02-11T064352Z_seed20260211,AgentCorrect,VB-013,4,CalcTool,sum,value_equals,True,CalcTool,sum,True,,E0,True
VBrun_scale_microbench_300_2026-02-11T064352Z_seed20260211,AgentCorrect,VB-013,5,CalcTool,sum,value_equals,True,CalcTool,sum,True,,E0,True
VBrun_scale_microbench_300_2026-02-11T064352Z_seed20260211,AgentCorrect,VB-013,6,QueryTool,search,query_hits_reproducible,True,QueryTool,search,True,,E0,True
VBrun_scale_microbench_300_2026-02-11T064352Z_seed20260211,AgentCorrect,VB-013,7,CalcTool,sum,value_equals,True,CalcTool,sum,True,,E0,True
VBrun_scale_microbench_300_2026-02-11T064352Z_seed20260211,AgentCorrect,VB-014,1,FileTool,write_csv,artifact_written_exists,True,FileTool,write_csv,True,,E0,True
VBrun_scale_microbench_300_2026-02-11T064352Z_seed20260211,AgentCorrect,VB-014,2,FileTool,read_csv,read_after_write_dependency,True,FileTool,read_csv,True,,E0,True
VBrun_scale_microbench_300_2026-02-11T064352Z_seed20260211,AgentCorrect,VB-014,3,QueryTool,search,query_hits_reproducible,True,QueryTool,search,True,,E0,True
VBrun_scale_microbench_300_2026-02-11T064352Z_seed20260211,AgentCorrect,VB-014,4,CalcTool,sum,value_equals,True,CalcTool,sum,True,,E0,True
VBrun_scale_microbench_300_2026-02-11T064352Z_seed20260211,AgentCorrect,VB-014,5,CalcTool,sum,value_equals,True,CalcTool,sum,True,,E0,True
VBrun_scale_microbench_300_2026-02-11T064352Z_seed20260211,AgentCorrect,VB-014,6,QueryTool,search,query_hits_reproducible,True,QueryTool,search,True,,E0,True
VBrun_scale_microbench_300_2026-02-11T064352Z_seed20260211,AgentCorrect,VB-014,7,CalcTool,sum,value_equals,True,CalcTool,sum,True,,E0,True
VBrun_scale_microbench_300_2026-02-11T064352Z_seed20260211,AgentCorrect,VB-014,8,CalcTool,sum,value_equals,True,CalcTool,sum,True,,E0,True
VBrun_scale_microbench_300_2026-02-11T064352Z_seed20260211,AgentCorrect,VB-015,1,FileTool,write_csv,artifact_written_exists,True,FileTool,write_csv,True,,E0,True
VBrun_scale_microbench_300_2026-02-11T064352Z_seed20260211,AgentCorrect,VB-015,2,FileTool,read_csv,read_after_write_dependency,True,FileTool,read_csv,True,,E0,True
VBrun_scale_microbench_300_2026-02-11T064352Z_seed20260211,AgentCorrect,VB-016,1,FileTool,write_csv,artifact_written_exists,True,FileTool,write_csv,True,,E0,True
VBrun_scale_microbench_300_2026-02-11T064352Z_seed20260211,AgentCorrect,VB-016,2,FileTool,read_csv,read_after_write_dependency,True,FileTool,read_csv,True,,E0,True
VBrun_scale_microbench_300_2026-02-11T064352Z_seed20260211,AgentCorrect,VB-016,3,QueryTool,search,query_hits_reproducible,True,QueryTool,search,True,,E0,True
VBrun_scale_microbench_300_2026-02-11T064352Z_seed20260211,AgentCorrect,VB-017,1,FileTool,write_csv,artifact_written_exists,True,FileTool,write_csv,True,,E0,True
VBrun_scale_microbench_300_2026-02-11T064352Z_seed20260211,AgentCorrect,VB-017,2,FileTool,read_csv,read_after_write_dependency,True,FileTool,read_csv,True,,E0,True
VBrun_scale_microbench_300_2026-02-11T064352Z_seed20260211,AgentCorrect,VB-017,3,QueryTool,search,query_hits_reproducible,True,QueryTool,search,True,,E0,True
VBrun_scale_microbench_300_2026-02-11T064352Z_seed20260211,AgentCorrect,VB-017,4,CalcTool,sum,value_equals,True,CalcTool,sum,True,,E0,True
VBrun_scale_microbench_300_2026-02-11T064352Z_seed20260211,AgentCorrect,VB-018,1,FileTool,write_csv,artifact_written_exists,True,FileTool,write_csv,True,,E0,True
VBrun_scale_microbench_300_2026-02-11T064352Z_seed20260211,AgentCorrect,VB-018,2,FileTool,read_csv,read_after_write_dependency,True,FileTool,read_csv,True,,E0,True
VBrun_scale_microbench_300_2026-02-11T064352Z_seed20260211,AgentCorrect,VB-018,3,QueryTool,search,query_hits_reproducible,True,QueryTool,search,True,,E0,True
VBrun_scale_microbench_300_2026-02-11T064352Z_seed20260211,AgentCorrect,VB-018,4,CalcTool,sum,value_equals,True,CalcTool,sum,True,,E0,True
VBrun_scale_microbench_300_2026-02-11T064352Z_seed20260211,AgentCorrect,VB-018,5,CalcTool,sum,value_equals,True,CalcTool,sum,True,,E0,True
VBrun_scale_microbench_300_2026-02-11T064352Z_seed20260211,AgentCorrect,VB-019,1,FileTool,write_csv,artifact_written_exists,True,FileTool,write_csv,True,,E0,True
VBrun_scale_microbench_300_2026-02-11T064352Z_seed20260211,AgentCorrect,VB-019,2,FileTool,read_csv,read_after_write_dependency,True,FileTool,read_csv,True,,E0,True
VBrun_scale_microbench_300_2026-02-11T064352Z_seed20260211,AgentCorrect,VB-019,3,QueryTool,search,query_hits_reproducible,True,QueryTool,search,True,,E0,True
VBrun_scale_microbench_300_2026-02-11T064352Z_seed20260211,AgentCorrect,VB-019,4,CalcTool,sum,value_equals,True,CalcTool,sum,True,,E0,True
VBrun_scale_microbench_300_2026-02-11T064352Z_seed20260211,AgentCorrect,VB-019,5,CalcTool,sum,value_equals,True,CalcTool,sum,True,,E0,True
VBrun_scale_microbench_300_2026-02-11T064352Z_seed20260211,AgentCorrect,VB-019,6,QueryTool,search,query_hits_reproducible,True,QueryTool,search,True,,E0,True
VBrun_scale_microbench_300_2026-02-11T064352Z_seed20260211,AgentCorrect,VB-020,1,FileTool,write_csv,artifact_written_exists,True,FileTool,write_csv,True,,E0,True
VBrun_scale_microbench_300_2026-02-11T064352Z_seed20260211,AgentCorrect,VB-020,2,FileTool,read_csv,read_after_write_dependency,True,FileTool,read_csv,True,,E0,True
VBrun_scale_microbench_300_2026-02-11T064352Z_seed20260211,AgentCorrect,VB-020,3,QueryTool,search,query_hits_reproducible,True,QueryTool,search,True,,E0,True
VBrun_scale_microbench_300_2026-02-11T064352Z_seed20260211,AgentCorrect,VB-020,4,CalcTool,sum,value_equals,True,CalcTool,sum,True,,E0,True
VBrun_scale_microbench_300_2026-02-11T064352Z_seed20260211,AgentCorrect,VB-020,5,CalcTool,sum,value_equals,True,CalcTool,sum,True,,E0,True
VBrun_scale_microbench_300_2026-02-11T064352Z_seed20260211,AgentCorrect,VB-020,6,QueryTool,search,query_hits_reproducible,True,QueryTool,search,True,,E0,True
VBrun_scale_microbench_300_2026-02-11T064352Z_seed20260211,AgentCorrect,VB-020,7,CalcTool,sum,value_equals,True,CalcTool,sum,True,,E0,True
VBrun_scale_microbench_300_2026-02-11T064352Z_seed20260211,AgentCorrect,VB-021,1,FileTool,write_csv,artifact_written_exists,True,FileTool,write_csv,True,,E0,True
VBrun_scale_microbench_300_2026-02-11T064352Z_seed20260211,AgentCorrect,VB-021,2,FileTool,read_csv,read_after_write_dependency,True,FileTool,read_csv,True,,E0,True
VBrun_scale_microbench_300_2026-02-11T064352Z_seed20260211,AgentCorrect,VB-021,3,QueryTool,search,query_hits_reproducible,True,QueryTool,search,True,,E0,True
VBrun_scale_microbench_300_2026-02-11T064352Z_seed20260211,AgentCorrect,VB-021,4,CalcTool,sum,value_equals,True,CalcTool,sum,True,,E0,True
VBrun_scale_microbench_300_2026-02-11T064352Z_seed20260211,AgentCorrect,VB-021,5,CalcTool,sum,value_equals,True,CalcTool,sum,True,,E0,True
VBrun_scale_microbench_300_2026-02-11T064352Z_seed20260211,AgentCorrect,VB-021,6,QueryTool,search,query_hits_reproducible,True,QueryTool,search,True,,E0,True
VBrun_scale_microbench_300_2026-02-11T064352Z_seed20260211,AgentCorrect,VB-021,7,CalcTool,sum,value_equals,True,CalcTool,sum,True,,E0,True
VBrun_scale_microbench_300_2026-02-11T064352Z_seed20260211,AgentCorrect,VB-021,8,CalcTool,sum,value_equals,True,CalcTool,sum,True,,E0,True
VBrun_scale_microbench_300_2026-02-11T064352Z_seed20260211,AgentCorrect,VB-022,1,FileTool,write_csv,artifact_written_exists,True,FileTool,write_csv,True,,E0,True
VBrun_scale_microbench_300_2026-02-11T064352Z_seed20260211,AgentCorrect,VB-022,2,FileTool,read_csv,read_after_write_dependency,True,FileTool,read_csv,True,,E0,True
VBrun_scale_microbench_300_2026-02-11T064352Z_seed20260211,AgentCorrect,VB-023,1,FileTool,write_csv,artifact_written_exists,True,FileTool,write_csv,True,,E0,True
VBrun_scale_microbench_300_2026-02-11T064352Z_seed20260211,AgentCorrect,VB-023,2,FileTool,read_csv,read_after_write_dependency,True,FileTool,read_csv,True,,E0,True
VBrun_scale_microbench_300_2026-02-11T064352Z_seed20260211,AgentCorrect,VB-023,3,QueryTool,search,query_hits_reproducible,True,QueryTool,search,True,,E0,True
VBrun_scale_microbench_300_2026-02-11T064352Z_seed20260211,AgentCorrect,VB-024,1,FileTool,write_csv,artifact_written_exists,True,FileTool,write_csv,True,,E0,True
VBrun_scale_microbench_300_2026-02-11T064352Z_seed20260211,AgentCorrect,VB-024,2,FileTool,read_csv,read_after_write_dependency,True,FileTool,read_csv,True,,E0,True
VBrun_scale_microbench_300_2026-02-11T064352Z_seed20260211,AgentCorrect,VB-024,3,QueryTool,search,query_hits_reproducible,True,QueryTool,search,True,,E0,True
VBrun_scale_microbench_300_2026-02-11T064352Z_seed20260211,AgentCorrect,VB-024,4,CalcTool,sum,value_equals,True,CalcTool,sum,True,,E0,True
VBrun_scale_microbench_300_2026-02-11T064352Z_seed20260211,AgentCorrect,VB-025,1,FileTool,write_csv,artifact_written_exists,True,FileTool,write_csv,True,,E0,True
VBrun_scale_microbench_300_2026-02-11T064352Z_seed20260211,AgentCorrect,VB-025,2,FileTool,read_csv,read_after_write_dependency,True,FileTool,read_csv,True,,E0,True
VBrun_scale_microbench_300_2026-02-11T064352Z_seed20260211,AgentCorrect,VB-025,3,QueryTool,search,query_hits_reproducible,True,QueryTool,search,True,,E0,True
VBrun_scale_microbench_300_2026-02-11T064352Z_seed20260211,AgentCorrect,VB-025,4,CalcTool,sum,value_equals,True,CalcTool,sum,True,,E0,True
VBrun_scale_microbench_300_2026-02-11T064352Z_seed20260211,AgentCorrect,VB-025,5,CalcTool,sum,value_equals,True,CalcTool,sum,True,,E0,True
VBrun_scale_microbench_300_2026-02-11T064352Z_seed20260211,AgentCorrect,VB-026,1,FileTool,write_csv,artifact_written_exists,True,FileTool,write_csv,True,,E0,True
VBrun_scale_microbench_300_2026-02-11T064352Z_seed20260211,AgentCorrect,VB-026,2,FileTool,read_csv,read_after_write_dependency,True,FileTool,read_csv,True,,E0,True
VBrun_scale_microbench_300_2026-02-11T064352Z_seed20260211,AgentCorrect,VB-026,3,QueryTool,search,query_hits_reproducible,True,QueryTool,search,True,,E0,True
VBrun_scale_microbench_300_2026-02-11T064352Z_seed20260211,AgentCorrect,VB-026,4,CalcTool,sum,value_equals,True,CalcTool,sum,True,,E0,True
VBrun_scale_microbench_300_2026-02-11T064352Z_seed20260211,AgentCorrect,VB-026,5,CalcTool,sum,value_equals,True,CalcTool,sum,True,,E0,True
VBrun_scale_microbench_300_2026-02-11T064352Z_seed20260211,AgentCorrect,VB-026,6,QueryTool,search,query_hits_reproducible,True,QueryTool,search,True,,E0,True
VBrun_scale_microbench_300_2026-02-11T064352Z_seed20260211,AgentCorrect,VB-027,1,FileTool,write_csv,artifact_written_exists,True,FileTool,write_csv,True,,E0,True
VBrun_scale_microbench_300_2026-02-11T064352Z_seed20260211,AgentCorrect,VB-027,2,FileTool,read_csv,read_after_write_dependency,True,FileTool,read_csv,True,,E0,True
VBrun_scale_microbench_300_2026-02-11T064352Z_seed20260211,AgentCorrect,VB-027,3,QueryTool,search,query_hits_reproducible,True,QueryTool,search,True,,E0,True
VBrun_scale_microbench_300_2026-02-11T064352Z_seed20260211,AgentCorrect,VB-027,4,CalcTool,sum,value_equals,True,CalcTool,sum,True,,E0,True
VBrun_scale_microbench_300_2026-02-11T064352Z_seed20260211,AgentCorrect,VB-027,5,CalcTool,sum,value_equals,True,CalcTool,sum,True,,E0,True
VBrun_scale_microbench_300_2026-02-11T064352Z_seed20260211,AgentCorrect,VB-027,6,QueryTool,search,query_hits_reproducible,True,QueryTool,search,True,,E0,True
VBrun_scale_microbench_300_2026-02-11T064352Z_seed20260211,AgentCorrect,VB-027,7,CalcTool,sum,value_equals,True,CalcTool,sum,True,,E0,True
VBrun_scale_microbench_300_2026-02-11T064352Z_seed20260211,AgentCorrect,VB-028,1,FileTool,write_csv,artifact_written_exists,True,FileTool,write_csv,True,,E0,True
VBrun_scale_microbench_300_2026-02-11T064352Z_seed20260211,AgentCorrect,VB-028,2,FileTool,read_csv,read_after_write_dependency,True,FileTool,read_csv,True,,E0,True
VBrun_scale_microbench_300_2026-02-11T064352Z_seed20260211,AgentCorrect,VB-028,3,QueryTool,search,query_hits_reproducible,True,QueryTool,search,True,,E0,True
VBrun_scale_microbench_300_2026-02-11T064352Z_seed20260211,AgentCorrect,VB-028,4,CalcTool,sum,value_equals,True,CalcTool,sum,True,,E0,True
VBrun_scale_microbench_300_2026-02-11T064352Z_seed20260211,AgentCorrect,VB-028,5,CalcTool,sum,value_equals,True,CalcTool,sum,True,,E0,True
VBrun_scale_microbench_300_2026-02-11T064352Z_seed20260211,AgentCorrect,VB-028,6,QueryTool,search,query_hits_reproducible,True,QueryTool,search,True,,E0,True
VBrun_scale_microbench_300_2026-02-11T064352Z_seed20260211,AgentCorrect,VB-028,7,CalcTool,sum,value_equals,True,CalcTool,sum,True,,E0,True
VBrun_scale_microbench_300_2026-02-11T064352Z_seed20260211,AgentCorrect,VB-028,8,CalcTool,sum,value_equals,True,CalcTool,sum,True,,E0,True
VBrun_scale_microbench_300_2026-02-11T064352Z_seed20260211,AgentCorrect,VB-029,1,FileTool,write_csv,artifact_written_exists,True,FileTool,write_csv,True,,E0,True
VBrun_scale_microbench_300_2026-02-11T064352Z_seed20260211,AgentCorrect,VB-029,2,FileTool,read_csv,read_after_write_dependency,True,FileTool,read_csv,True,,E0,True
VBrun_scale_microbench_300_2026-02-11T064352Z_seed20260211,AgentCorrect,VB-030,1,FileTool,write_csv,artifact_written_exists,True,FileTool,write_csv,True,,E0,True
VBrun_scale_microbench_300_2026-02-11T064352Z_seed20260211,AgentCorrect,VB-030,2,FileTool,read_csv,read_after_write_dependency,True,FileTool,read_csv,True,,E0,True
VBrun_scale_microbench_300_2026-02-11T064352Z_seed20260211,AgentCorrect,VB-030,3,QueryTool,search,query_hits_reproducible,True,QueryTool,search,True,,E0,True
VBrun_scale_microbench_300_2026-02-11T064352Z_seed20260211,AgentCorrect,VB-031,1,FileTool,write_csv,artifact_written_exists,True,FileTool,write_csv,True,,E0,True
VBrun_scale_microbench_300_2026-02-11T064352Z_seed20260211,AgentCorrect,VB-031,2,FileTool,read_csv,read_after_write_dependency,True,FileTool,read_csv,True,,E0,True
VBrun_scale_microbench_300_2026-02-11T064352Z_seed20260211,AgentCorrect,VB-031,3,QueryTool,search,query_hits_reproducible,True,QueryTool,search,True,,E0,True
VBrun_scale_microbench_300_2026-02-11T064352Z_seed20260211,AgentCorrect,VB-031,4,CalcTool,sum,value_equals,True,CalcTool,sum,True,,E0,True
VBrun_scale_microbench_300_2026-02-11T064352Z_seed20260211,AgentCorrect,VB-032,1,FileTool,write_csv,artifact_written_exists,True,FileTool,write_csv,True,,E0,True
VBrun_scale_microbench_300_2026-02-11T064352Z_seed20260211,AgentCorrect,VB-032,2,FileTool,read_csv,read_after_write_dependency,True,FileTool,read_csv,True,,E0,True
VBrun_scale_microbench_300_2026-02-11T064352Z_seed20260211,AgentCorrect,VB-032,3,QueryTool,search,query_hits_reproducible,True,QueryTool,search,True,,E0,True
VBrun_scale_microbench_300_2026-02-11T064352Z_seed20260211,AgentCorrect,VB-032,4,CalcTool,sum,value_equals,True,CalcTool,sum,True,,E0,True
VBrun_scale_microbench_300_2026-02-11T064352Z_seed20260211,AgentCorrect,VB-032,5,CalcTool,sum,value_equals,True,CalcTool,sum,True,,E0,True
VBrun_scale_microbench_300_2026-02-11T064352Z_seed20260211,AgentCorrect,VB-033,1,FileTool,write_csv,artifact_written_exists,True,FileTool,write_csv,True,,E0,True
VBrun_scale_microbench_300_2026-02-11T064352Z_seed20260211,AgentCorrect,VB-033,2,FileTool,read_csv,read_after_write_dependency,True,FileTool,read_csv,True,,E0,True
VBrun_scale_microbench_300_2026-02-11T064352Z_seed20260211,AgentCorrect,VB-033,3,QueryTool,search,query_hits_reproducible,True,QueryTool,search,True,,E0,True
VBrun_scale_microbench_300_2026-02-11T064352Z_seed20260211,AgentCorrect,VB-033,4,CalcTool,sum,value_equals,True,CalcTool,sum,True,,E0,True
VBrun_scale_microbench_300_2026-02-11T064352Z_seed20260211,AgentCorrect,VB-033,5,CalcTool,sum,value_equals,True,CalcTool,sum,True,,E0,True
VBrun_scale_microbench_300_2026-02-11T064352Z_seed20260211,AgentCorrect,VB-033,6,QueryTool,search,query_hits_reproducible,True,QueryTool,search,True,,E0,True
VBrun_scale_microbench_300_2026-02-11T064352Z_seed20260211,AgentCorrect,VB-034,1,FileTool,write_csv,artifact_written_exists,True,FileTool,write_csv,True,,E0,True
VBrun_scale_microbench_300_2026-02-11T064352Z_seed20260211,AgentCorrect,VB-034,2,FileTool,read_csv,read_after_write_dependency,True,FileTool,read_csv,True,,E0,True
VBrun_scale_microbench_300_2026-02-11T064352Z_seed20260211,AgentCorrect,VB-034,3,QueryTool,search,query_hits_reproducible,True,QueryTool,search,True,,E0,True
VBrun_scale_microbench_300_2026-02-11T064352Z_seed20260211,AgentCorrect,VB-034,4,CalcTool,sum,value_equals,True,CalcTool,sum,True,,E0,True
VBrun_scale_microbench_300_2026-02-11T064352Z_seed20260211,AgentCorrect,VB-034,5,CalcTool,sum,value_equals,True,CalcTool,sum,True,,E0,True
VBrun_scale_microbench_300_2026-02-11T064352Z_seed20260211,AgentCorrect,VB-034,6,QueryTool,search,query_hits_reproducible,True,QueryTool,search,True,,E0,True
VBrun_scale_microbench_300_2026-02-11T064352Z_seed20260211,AgentCorrect,VB-034,7,CalcTool,sum,value_equals,True,CalcTool,sum,True,,E0,True
VBrun_scale_microbench_300_2026-02-11T064352Z_seed20260211,AgentCorrect,VB-035,1,FileTool,write_csv,artifact_written_exists,True,FileTool,write_csv,True,,E0,True
VBrun_scale_microbench_300_2026-02-11T064352Z_seed20260211,AgentCorrect,VB-035,2,FileTool,read_csv,read_after_write_dependency,True,FileTool,read_csv,True,,E0,True
VBrun_scale_microbench_300_2026-02-11T064352Z_seed20260211,AgentCorrect,VB-035,3,QueryTool,search,query_hits_reproducible,True,QueryTool,search,True,,E0,True
VBrun_scale_microbench_300_2026-02-11T064352Z_seed20260211,AgentCorrect,VB-035,4,CalcTool,sum,value_equals,True,CalcTool,sum,True,,E0,True
VBrun_scale_microbench_300_2026-02-11T064352Z_seed20260211,AgentCorrect,VB-035,5,CalcTool,sum,value_equals,True,CalcTool,sum,True,,E0,True
VBrun_scale_microbench_300_2026-02-11T064352Z_seed20260211,AgentCorrect,VB-035,6,QueryTool,search,query_hits_reproducible,True,QueryTool,search,True,,E0,True
VBrun_scale_microbench_300_2026-02-11T064352Z_seed20260211,AgentCorrect,VB-035,7,CalcTool,sum,value_equals,True,CalcTool,sum,True,,E0,True
VBrun_scale_microbench_300_2026-02-11T064352Z_seed20260211,AgentCorrect,VB-035,8,CalcTool,sum,value_equals,True,CalcTool,sum,True,,E0,True
VBrun_scale_microbench_300_2026-02-11T064352Z_seed20260211,AgentCorrect,VB-036,1,FileTool,write_csv,artifact_written_exists,True,FileTool,write_csv,True,,E0,True
VBrun_scale_microbench_300_2026-02-11T064352Z_seed20260211,AgentCorrect,VB-036,2,FileTool,read_csv,read_after_write_dependency,True,FileTool,read_csv,True,,E0,True
VBrun_scale_microbench_300_2026-02-11T064352Z_seed20260211,AgentCorrect,VB-037,1,FileTool,write_csv,artifact_written_exists,True,FileTool,write_csv,True,,E0,True
VBrun_scale_microbench_300_2026-02-11T064352Z_seed20260211,AgentCorrect,VB-037,2,FileTool,read_csv,read_after_write_dependency,True,FileTool,read_csv,True,,E0,True
VBrun_scale_microbench_300_2026-02-11T064352Z_seed20260211,AgentCorrect,VB-037,3,QueryTool,search,query_hits_reproducible,True,QueryTool,search,True,,E0,True
VBrun_scale_microbench_300_2026-02-11T064352Z_seed20260211,AgentCorrect,VB-038,1,FileTool,write_csv,artifact_written_exists,True,FileTool,write_csv,True,,E0,True
VBrun_scale_microbench_300_2026-02-11T064352Z_seed20260211,AgentCorrect,VB-038,2,FileTool,read_csv,read_after_write_dependency,True,FileTool,read_csv,True,,E0,True
VBrun_scale_microbench_300_2026-02-11T064352Z_seed20260211,AgentCorrect,VB-038,3,QueryTool,search,query_hits_reproducible,True,QueryTool,search,True,,E0,True
VBrun_scale_microbench_300_2026-02-11T064352Z_seed20260211,AgentCorrect,VB-038,4,CalcTool,sum,value_equals,True,CalcTool,sum,True,,E0,True
VBrun_scale_microbench_300_2026-02-11T064352Z_seed20260211,AgentCorrect,VB-039,1,FileTool,write_csv,artifact_written_exists,True,FileTool,write_csv,True,,E0,True
VBrun_scale_microbench_300_2026-02-11T064352Z_seed20260211,AgentCorrect,VB-039,2,FileTool,read_csv,read_after_write_dependency,True,FileTool,read_csv,True,,E0,True
VBrun_scale_microbench_300_2026-02-11T064352Z_seed20260211,AgentCorrect,VB-039,3,QueryTool,search,query_hits_reproducible,True,QueryTool,search,True,,E0,True
VBrun_scale_microbench_300_2026-02-11T064352Z_seed20260211,AgentCorrect,VB-039,4,CalcTool,sum,value_equals,True,CalcTool,sum,True,,E0,True
VBrun_scale_microbench_300_2026-02-11T064352Z_seed20260211,AgentCorrect,VB-039,5,CalcTool,sum,value_equals,True,CalcTool,sum,True,,E0,True
VBrun_scale_microbench_300_2026-02-11T064352Z_seed20260211,AgentCorrect,VB-040,1,FileTool,write_csv,artifact_written_exists,True,FileTool,write_csv,True,,E0,True
VBrun_scale_microbench_300_2026-02-11T064352Z_seed20260211,AgentCorrect,VB-040,2,FileTool,read_csv,read_after_write_dependency,True,FileTool,read_csv,True,,E0,True
VBrun_scale_microbench_300_2026-02-11T064352Z_seed20260211,AgentCorrect,VB-040,3,QueryTool,search,query_hits_reproducible,True,QueryTool,search,True,,E0,True
VBrun_scale_microbench_300_2026-02-11T064352Z_seed20260211,AgentCorrect,VB-040,4,CalcTool,sum,value_equals,True,CalcTool,sum,True,,E0,True
VBrun_scale_microbench_300_2026-02-11T064352Z_seed20260211,AgentCorrect,VB-040,5,CalcTool,sum,value_equals,True,CalcTool,sum,True,,E0,True
VBrun_scale_microbench_300_2026-02-11T064352Z_seed20260211,AgentCorrect,VB-040,6,QueryTool,search,query_hits_reproducible,True,QueryTool,search,True,,E0,True
VBrun_scale_microbench_300_2026-02-11T064352Z_seed20260211,AgentCorrect,VB-041,1,FileTool,write_csv,artifact_written_exists,True,FileTool,write_csv,True,,E0,True
VBrun_scale_microbench_300_2026-02-11T064352Z_seed20260211,AgentCorrect,VB-041,2,FileTool,read_csv,read_after_write_dependency,True,FileTool,read_csv,True,,E0,True
VBrun_scale_microbench_300_2026-02-11T064352Z_seed20260211,AgentCorrect,VB-041,3,QueryTool,search,query_hits_reproducible,True,QueryTool,search,True,,E0,True
VBrun_scale_microbench_300_2026-02-11T064352Z_seed20260211,AgentCorrect,VB-041,4,CalcTool,sum,value_equals,True,CalcTool,sum,True,,E0,True
VBrun_scale_microbench_300_2026-02-11T064352Z_seed20260211,AgentCorrect,VB-041,5,CalcTool,sum,value_equals,True,CalcTool,sum,True,,E0,True
VBrun_scale_microbench_300_2026-02-11T064352Z_seed20260211,AgentCorrect,VB-041,6,QueryTool,search,query_hits_reproducible,True,QueryTool,search,True,,E0,True
VBrun_scale_microbench_300_2026-02-11T064352Z_seed20260211,AgentCorrect,VB-041,7,CalcTool,sum,value_equals,True,CalcTool,sum,True,,E0,True
VBrun_scale_microbench_300_2026-02-11T064352Z_seed20260211,AgentCorrect,VB-042,1,FileTool,write_csv,artifact_written_exists,True,FileTool,write_csv,True,,E0,True
VBrun_scale_microbench_300_2026-02-11T064352Z_seed20260211,AgentCorrect,VB-042,2,FileTool,read_csv,read_after_write_dependency,True,FileTool,read_csv,True,,E0,True
VBrun_scale_microbench_300_2026-02-11T064352Z_seed20260211,AgentCorrect,VB-042,3,QueryTool,search,query_hits_reproducible,True,QueryTool,search,True,,E0,True
VBrun_scale_microbench_300_2026-02-11T064352Z_seed20260211,AgentCorrect,VB-042,4,CalcTool,sum,value_equals,True,CalcTool,sum,True,,E0,True
VBrun_scale_microbench_300_2026-02-11T064352Z_seed20260211,AgentCorrect,VB-042,5,CalcTool,sum,value_equals,True,CalcTool,sum,True,,E0,True
VBrun_scale_microbench_300_2026-02-11T064352Z_seed20260211,AgentCorrect,VB-042,6,QueryTool,search,query_hits_reproducible,True,QueryTool,search,True,,E0,True
VBrun_scale_microbench_300_2026-02-11T064352Z_seed20260211,AgentCorrect,VB-042,7,CalcTool,sum,value_equals,True,CalcTool,sum,True,,E0,True
VBrun_scale_microbench_300_2026-02-11T064352Z_seed20260211,AgentCorrect,VB-042,8,CalcTool,sum,value_equals,True,CalcTool,sum,True,,E0,True
VBrun_scale_microbench_300_2026-02-11T064352Z_seed20260211,AgentCorrect,VB-043,1,FileTool,write_csv,artifact_written_exists,True,FileTool,write_csv,True,,E0,True
VBrun_scale_microbench_300_2026-02-11T064352Z_seed20260211,AgentCorrect,VB-043,2,FileTool,read_csv,read_after_write_dependency,True,FileTool,read_csv,True,,E0,True
VBrun_scale_microbench_300_2026-02-11T064352Z_seed20260211,AgentCorrect,VB-044,1,FileTool,write_csv,artifact_written_exists,True,FileTool,write_csv,True,,E0,True
VBrun_scale_microbench_300_2026-02-11T064352Z_seed20260211,AgentCorrect,VB-044,2,FileTool,read_csv,read_after_write_dependency,True,FileTool,read_csv,True,,E0,True
VBrun_scale_microbench_300_2026-02-11T064352Z_seed20260211,AgentCorrect,VB-044,3,QueryTool,search,query_hits_reproducible,True,QueryTool,search,True,,E0,True
VBrun_scale_microbench_300_2026-02-11T064352Z_seed20260211,AgentCorrect,VB-045,1,FileTool,write_csv,artifact_written_exists,True,FileTool,write_csv,True,,E0,True
VBrun_scale_microbench_300_2026-02-11T064352Z_seed20260211,AgentCorrect,VB-045,2,FileTool,read_csv,read_after_write_dependency,True,FileTool,read_csv,True,,E0,True
VBrun_scale_microbench_300_2026-02-11T064352Z_seed20260211,AgentCorrect,VB-045,3,QueryTool,search,query_hits_reproducible,True,QueryTool,search,True,,E0,True
VBrun_scale_microbench_300_2026-02-11T064352Z_seed20260211,AgentCorrect,VB-045,4,CalcTool,sum,value_equals,True,CalcTool,sum,True,,E0,True
VBrun_scale_microbench_300_2026-02-11T064352Z_seed20260211,AgentCorrect,VB-046,1,FileTool,write_csv,artifact_written_exists,True,FileTool,write_csv,True,,E0,True
VBrun_scale_microbench_300_2026-02-11T064352Z_seed20260211,AgentCorrect,VB-046,2,FileTool,read_csv,read_after_write_dependency,True,FileTool,read_csv,True,,E0,True
VBrun_scale_microbench_300_2026-02-11T064352Z_seed20260211,AgentCorrect,VB-046,3,QueryTool,search,query_hits_reproducible,True,QueryTool,search,True,,E0,True
VBrun_scale_microbench_300_2026-02-11T064352Z_seed20260211,AgentCorrect,VB-046,4,CalcTool,sum,value_equals,True,CalcTool,sum,True,,E0,True
VBrun_scale_microbench_300_2026-02-11T064352Z_seed20260211,AgentCorrect,VB-046,5,CalcTool,sum,value_equals,True,CalcTool,sum,True,,E0,True
VBrun_scale_microbench_300_2026-02-11T064352Z_seed20260211,AgentCorrect,VB-047,1,FileTool,write_csv,artifact_written_exists,True,FileTool,write_csv,True,,E0,True
VBrun_scale_microbench_300_2026-02-11T064352Z_seed20260211,AgentCorrect,VB-047,2,FileTool,read_csv,read_after_write_dependency,True,FileTool,read_csv,True,,E0,True
VBrun_scale_microbench_300_2026-02-11T064352Z_seed20260211,AgentCorrect,VB-047,3,QueryTool,search,query_hits_reproducible,True,QueryTool,search,True,,E0,True
VBrun_scale_microbench_300_2026-02-11T064352Z_seed20260211,AgentCorrect,VB-047,4,CalcTool,sum,value_equals,True,CalcTool,sum,True,,E0,True
VBrun_scale_microbench_300_2026-02-11T064352Z_seed20260211,AgentCorrect,VB-047,5,CalcTool,sum,value_equals,True,CalcTool,sum,True,,E0,True
VBrun_scale_microbench_300_2026-02-11T064352Z_seed20260211,AgentCorrect,VB-047,6,QueryTool,search,query_hits_reproducible,True,QueryTool,search,True,,E0,True
VBrun_scale_microbench_300_2026-02-11T064352Z_seed20260211,AgentCorrect,VB-048,1,FileTool,write_csv,artifact_written_exists,True,FileTool,write_csv,True,,E0,True
VBrun_scale_microbench_300_2026-02-11T064352Z_seed20260211,AgentCorrect,VB-048,2,FileTool,read_csv,read_after_write_dependency,True,FileTool,read_csv,True,,E0,True
VBrun_scale_microbench_300_2026-02-11T064352Z_seed20260211,AgentCorrect,VB-048,3,QueryTool,search,query_hits_reproducible,True,QueryTool,search,True,,E0,True
VBrun_scale_microbench_300_2026-02-11T064352Z_seed20260211,AgentCorrect,VB-048,4,CalcTool,sum,value_equals,True,CalcTool,sum,True,,E0,True
VBrun_scale_microbench_300_2026-02-11T064352Z_seed20260211,AgentCorrect,VB-048,5,CalcTool,sum,value_equals,True,CalcTool,sum,True,,E0,True
VBrun_scale_microbench_300_2026-02-11T064352Z_seed20260211,AgentCorrect,VB-048,6,QueryTool,search,query_hits_reproducible,True,QueryTool,search,True,,E0,True
VBrun_scale_microbench_300_2026-02-11T064352Z_seed20260211,AgentCorrect,VB-048,7,CalcTool,sum,value_equals,True,CalcTool,sum,True,,E0,True
VBrun_scale_microbench_300_2026-02-11T064352Z_seed20260211,AgentCorrect,VB-049,1,FileTool,write_csv,artifact_written_exists,True,FileTool,write_csv,True,,E0,True
VBrun_scale_microbench_300_2026-02-11T064352Z_seed20260211,AgentCorrect,VB-049,2,FileTool,read_csv,read_after_write_dependency,True,FileTool,read_csv,True,,E0,True
VBrun_scale_microbench_300_2026-02-11T064352Z_seed20260211,AgentCorrect,VB-049,3,QueryTool,search,query_hits_reproducible,True,QueryTool,search,True,,E0,True
VBrun_scale_microbench_300_2026-02-11T064352Z_seed20260211,AgentCorrect,VB-049,4,CalcTool,sum,value_equals,True,CalcTool,sum,True,,E0,True
VBrun_scale_microbench_300_2026-02-11T064352Z_seed20260211,AgentCorrect,VB-049,5,CalcTool,sum,value_equals,True,CalcTool,sum,True,,E0,True
VBrun_scale_microbench_300_2026-02-11T064352Z_seed20260211,AgentCorrect,VB-049,6,QueryTool,search,query_hits_reproducible,True,QueryTool,search,True,,E0,True
VBrun_scale_microbench_300_2026-02-11T064352Z_seed20260211,AgentCorrect,VB-049,7,CalcTool,sum,value_equals,True,CalcTool,sum,True,,E0,True
VBrun_scale_microbench_300_2026-02-11T064352Z_seed20260211,AgentCorrect,VB-049,8,CalcTool,sum,value_equals,True,CalcTool,sum,True,,E0,True
VBrun_scale_microbench_300_2026-02-11T064352Z_seed20260211,AgentCorrect,VB-050,1,FileTool,write_csv,artifact_written_exists,True,FileTool,write_csv,True,,E0,True
VBrun_scale_microbench_300_2026-02-11T064352Z_seed20260211,AgentCorrect,VB-050,2,FileTool,read_csv,read_after_write_dependency,True,FileTool,read_csv,True,,E0,True
VBrun_scale_microbench_300_2026-02-11T064352Z_seed20260211,AgentCorrect,VB-051,1,FileTool,write_csv,artifact_written_exists,True,FileTool,write_csv,True,,E0,True
VBrun_scale_microbench_300_2026-02-11T064352Z_seed20260211,AgentCorrect,VB-051,2,FileTool,read_csv,read_after_write_dependency,True,FileTool,read_csv,True,,E0,True
VBrun_scale_microbench_300_2026-02-11T064352Z_seed20260211,AgentCorrect,VB-051,3,QueryTool,search,query_hits_reproducible,True,QueryTool,search,True,,E0,True
VBrun_scale_microbench_300_2026-02-11T064352Z_seed20260211,AgentCorrect,VB-052,1,FileTool,write_csv,artifact_written_exists,True,FileTool,write_csv,True,,E0,True
VBrun_scale_microbench_300_2026-02-11T064352Z_seed20260211,AgentCorrect,VB-052,2,FileTool,read_csv,read_after_write_dependency,True,FileTool,read_csv,True,,E0,True
VBrun_scale_microbench_300_2026-02-11T064352Z_seed20260211,AgentCorrect,VB-052,3,QueryTool,search,query_hits_reproducible,True,QueryTool,search,True,,E0,True
VBrun_scale_microbench_300_2026-02-11T064352Z_seed20260211,AgentCorrect,VB-052,4,CalcTool,sum,value_equals,True,CalcTool,sum,True,,E0,True
VBrun_scale_microbench_300_2026-02-11T064352Z_seed20260211,AgentCorrect,VB-053,1,FileTool,write_csv,artifact_written_exists,True,FileTool,write_csv,True,,E0,True
VBrun_scale_microbench_300_2026-02-11T064352Z_seed20260211,AgentCorrect,VB-053,2,FileTool,read_csv,read_after_write_dependency,True,FileTool,read_csv,True,,E0,True
VBrun_scale_microbench_300_2026-02-11T064352Z_seed20260211,AgentCorrect,VB-053,3,QueryTool,search,query_hits_reproducible,True,QueryTool,search,True,,E0,True
VBrun_scale_microbench_300_2026-02-11T064352Z_seed20260211,AgentCorrect,VB-053,4,CalcTool,sum,value_equals,True,CalcTool,sum,True,,E0,True
VBrun_scale_microbench_300_2026-02-11T064352Z_seed20260211,AgentCorrect,VB-053,5,CalcTool,sum,value_equals,True,CalcTool,sum,True,,E0,True
VBrun_scale_microbench_300_2026-02-11T064352Z_seed20260211,AgentCorrect,VB-054,1,FileTool,write_csv,artifact_written_exists,True,FileTool,write_csv,True,,E0,True
VBrun_scale_microbench_300_2026-02-11T064352Z_seed20260211,AgentCorrect,VB-054,2,FileTool,read_csv,read_after_write_dependency,True,FileTool,read_csv,True,,E0,True
VBrun_scale_microbench_300_2026-02-11T064352Z_seed20260211,AgentCorrect,VB-054,3,QueryTool,search,query_hits_reproducible,True,QueryTool,search,True,,E0,True
VBrun_scale_microbench_300_2026-02-11T064352Z_seed20260211,AgentCorrect,VB-054,4,CalcTool,sum,value_equals,True,CalcTool,sum,True,,E0,True
VBrun_scale_microbench_300_2026-02-11T064352Z_seed20260211,AgentCorrect,VB-054,5,CalcTool,sum,value_equals,True,CalcTool,sum,True,,E0,True
VBrun_scale_microbench_300_2026-02-11T064352Z_seed20260211,AgentCorrect,VB-054,6,QueryTool,search,query_hits_reproducible,True,QueryTool,search,True,,E0,True
VBrun_scale_microbench_300_2026-02-11T064352Z_seed20260211,AgentCorrect,VB-055,1,FileTool,write_csv,artifact_written_exists,True,FileTool,write_csv,True,,E0,True
VBrun_scale_microbench_300_2026-02-11T064352Z_seed20260211,AgentCorrect,VB-055,2,FileTool,read_csv,read_after_write_dependency,True,FileTool,read_csv,True,,E0,True
VBrun_scale_microbench_300_2026-02-11T064352Z_seed20260211,AgentCorrect,VB-055,3,QueryTool,search,query_hits_reproducible,True,QueryTool,search,True,,E0,True
VBrun_scale_microbench_300_2026-02-11T064352Z_seed20260211,AgentCorrect,VB-055,4,CalcTool,sum,value_equals,True,CalcTool,sum,True,,E0,True
VBrun_scale_microbench_300_2026-02-11T064352Z_seed20260211,AgentCorrect,VB-055,5,CalcTool,sum,value_equals,True,CalcTool,sum,True,,E0,True
VBrun_scale_microbench_300_2026-02-11T064352Z_seed20260211,AgentCorrect,VB-055,6,QueryTool,search,query_hits_reproducible,True,QueryTool,search,True,,E0,True
VBrun_scale_microbench_300_2026-02-11T064352Z_seed20260211,AgentCorrect,VB-055,7,CalcTool,sum,value_equals,True,CalcTool,sum,True,,E0,True
VBrun_scale_microbench_300_2026-02-11T064352Z_seed20260211,AgentCorrect,VB-056,1,FileTool,write_csv,artifact_written_exists,True,FileTool,write_csv,True,,E0,True
VBrun_scale_microbench_300_2026-02-11T064352Z_seed20260211,AgentCorrect,VB-056,2,FileTool,read_csv,read_after_write_dependency,True,FileTool,read_csv,True,,E0,True
VBrun_scale_microbench_300_2026-02-11T064352Z_seed20260211,AgentCorrect,VB-056,3,QueryTool,search,query_hits_reproducible,True,QueryTool,search,True,,E0,True
VBrun_scale_microbench_300_2026-02-11T064352Z_seed20260211,AgentCorrect,VB-056,4,CalcTool,sum,value_equals,True,CalcTool,sum,True,,E0,True
VBrun_scale_microbench_300_2026-02-11T064352Z_seed20260211,AgentCorrect,VB-056,5,CalcTool,sum,value_equals,True,CalcTool,sum,True,,E0,True
VBrun_scale_microbench_300_2026-02-11T064352Z_seed20260211,AgentCorrect,VB-056,6,QueryTool,search,query_hits_reproducible,True,QueryTool,search,True,,E0,True
VBrun_scale_microbench_300_2026-02-11T064352Z_seed20260211,AgentCorrect,VB-056,7,CalcTool,sum,value_equals,True,CalcTool,sum,True,,E0,True
VBrun_scale_microbench_300_2026-02-11T064352Z_seed20260211,AgentCorrect,VB-056,8,CalcTool,sum,value_equals,True,CalcTool,sum,True,,E0,True
VBrun_scale_microbench_300_2026-02-11T064352Z_seed20260211,AgentCorrect,VB-057,1,FileTool,write_csv,artifact_written_exists,True,FileTool,write_csv,True,,E0,True
VBrun_scale_microbench_300_2026-02-11T064352Z_seed20260211,AgentCorrect,VB-057,2,FileTool,read_csv,read_after_write_dependency,True,FileTool,read_csv,True,,E0,True
VBrun_scale_microbench_300_2026-02-11T064352Z_seed20260211,AgentCorrect,VB-058,1,FileTool,write_csv,artifact_written_exists,True,FileTool,write_csv,True,,E0,True
VBrun_scale_microbench_300_2026-02-11T064352Z_seed20260211,AgentCorrect,VB-058,2,FileTool,read_csv,read_after_write_dependency,True,FileTool,read_csv,True,,E0,True
VBrun_scale_microbench_300_2026-02-11T064352Z_seed20260211,AgentCorrect,VB-058,3,QueryTool,search,query_hits_reproducible,True,QueryTool,search,True,,E0,True
VBrun_scale_microbench_300_2026-02-11T064352Z_seed20260211,AgentCorrect,VB-059,1,FileTool,write_csv,artifact_written_exists,True,FileTool,write_csv,True,,E0,True
VBrun_scale_microbench_300_2026-02-11T064352Z_seed20260211,AgentCorrect,VB-059,2,FileTool,read_csv,read_after_write_dependency,True,FileTool,read_csv,True,,E0,True
VBrun_scale_microbench_300_2026-02-11T064352Z_seed20260211,AgentCorrect,VB-059,3,QueryTool,search,query_hits_reproducible,True,QueryTool,search,True,,E0,True
VBrun_scale_microbench_300_2026-02-11T064352Z_seed20260211,AgentCorrect,VB-059,4,CalcTool,sum,value_equals,True,CalcTool,sum,True,,E0,True
VBrun_scale_microbench_300_2026-02-11T064352Z_seed20260211,AgentCorrect,VB-060,1,FileTool,write_csv,artifact_written_exists,True,FileTool,write_csv,True,,E0,True
VBrun_scale_microbench_300_2026-02-11T064352Z_seed20260211,AgentCorrect,VB-060,2,FileTool,read_csv,read_after_write_dependency,True,FileTool,read_csv,True,,E0,True
VBrun_scale_microbench_300_2026-02-11T064352Z_seed20260211,AgentCorrect,VB-060,3,QueryTool,search,query_hits_reproducible,True,QueryTool,search,True,,E0,True
VBrun_scale_microbench_300_2026-02-11T064352Z_seed20260211,AgentCorrect,VB-060,4,CalcTool,sum,value_equals,True,CalcTool,sum,True,,E0,True
VBrun_scale_microbench_300_2026-02-11T064352Z_seed20260211,AgentCorrect,VB-060,5,CalcTool,sum,value_equals,True,CalcTool,sum,True,,E0,True
VBrun_scale_microbench_300_2026-02-11T064352Z_seed20260211,AgentCorrect,VB-061,1,FileTool,write_csv,artifact_written_exists,True,FileTool,write_csv,True,,E0,True
VBrun_scale_microbench_300_2026-02-11T064352Z_seed20260211,AgentCorrect,VB-061,2,FileTool,read_csv,read_after_write_dependency,True,FileTool,read_csv,True,,E0,True
VBrun_scale_microbench_300_2026-02-11T064352Z_seed20260211,AgentCorrect,VB-061,3,QueryTool,search,query_hits_reproducible,True,QueryTool,search,True,,E0,True
VBrun_scale_microbench_300_2026-02-11T064352Z_seed20260211,AgentCorrect,VB-061,4,CalcTool,sum,value_equals,True,CalcTool,sum,True,,E0,True
VBrun_scale_microbench_300_2026-02-11T064352Z_seed20260211,AgentCorrect,VB-061,5,CalcTool,sum,value_equals,True,CalcTool,sum,True,,E0,True
VBrun_scale_microbench_300_2026-02-11T064352Z_seed20260211,AgentCorrect,VB-061,6,QueryTool,search,query_hits_reproducible,True,QueryTool,search,True,,E0,True
VBrun_scale_microbench_300_2026-02-11T064352Z_seed20260211,AgentCorrect,VB-062,1,FileTool,write_csv,artifact_written_exists,True,FileTool,write_csv,True,,E0,True
VBrun_scale_microbench_300_2026-02-11T064352Z_seed20260211,AgentCorrect,VB-062,2,FileTool,read_csv,read_after_write_dependency,True,FileTool,read_csv,True,,E0,True
VBrun_scale_microbench_300_2026-02-11T064352Z_seed20260211,AgentCorrect,VB-062,3,QueryTool,search,query_hits_reproducible,True,QueryTool,search,True,,E0,True
VBrun_scale_microbench_300_2026-02-11T064352Z_seed20260211,AgentCorrect,VB-062,4,CalcTool,sum,value_equals,True,CalcTool,sum,True,,E0,True
VBrun_scale_microbench_300_2026-02-11T064352Z_seed20260211,AgentCorrect,VB-062,5,CalcTool,sum,value_equals,True,CalcTool,sum,True,,E0,True
VBrun_scale_microbench_300_2026-02-11T064352Z_seed20260211,AgentCorrect,VB-062,6,QueryTool,search,query_hits_reproducible,True,QueryTool,search,True,,E0,True
VBrun_scale_microbench_300_2026-02-11T064352Z_seed20260211,AgentCorrect,VB-062,7,CalcTool,sum,value_equals,True,CalcTool,sum,True,,E0,True
VBrun_scale_microbench_300_2026-02-11T064352Z_seed20260211,AgentCorrect,VB-063,1,FileTool,write_csv,artifact_written_exists,True,FileTool,write_csv,True,,E0,True
VBrun_scale_microbench_300_2026-02-11T064352Z_seed20260211,AgentCorrect,VB-063,2,FileTool,read_csv,read_after_write_dependency,True,FileTool,read_csv,True,,E0,True
VBrun_scale_microbench_300_2026-02-11T064352Z_seed20260211,AgentCorrect,VB-063,3,QueryTool,search,query_hits_reproducible,True,QueryTool,search,True,,E0,True
VBrun_scale_microbench_300_2026-02-11T064352Z_seed20260211,AgentCorrect,VB-063,4,CalcTool,sum,value_equals,True,CalcTool,sum,True,,E0,True
VBrun_scale_microbench_300_2026-02-11T064352Z_seed20260211,AgentCorrect,VB-063,5,CalcTool,sum,value_equals,True,CalcTool,sum,True,,E0,True
VBrun_scale_microbench_300_2026-02-11T064352Z_seed20260211,AgentCorrect,VB-063,6,QueryTool,search,query_hits_reproducible,True,QueryTool,search,True,,E0,True
VBrun_scale_microbench_300_2026-02-11T064352Z_seed20260211,AgentCorrect,VB-063,7,CalcTool,sum,value_equals,True,CalcTool,sum,True,,E0,True
VBrun_scale_microbench_300_2026-02-11T064352Z_seed20260211,AgentCorrect,VB-063,8,CalcTool,sum,value_equals,True,CalcTool,sum,True,,E0,True
VBrun_scale_microbench_300_2026-02-11T064352Z_seed20260211,AgentCorrect,VB-064,1,FileTool,write_csv,artifact_written_exists,True,FileTool,write_csv,True,,E0,True
VBrun_scale_microbench_300_2026-02-11T064352Z_seed20260211,AgentCorrect,VB-064,2,FileTool,read_csv,read_after_write_dependency,True,FileTool,read_csv,True,,E0,True
VBrun_scale_microbench_300_2026-02-11T064352Z_seed20260211,AgentCorrect,VB-065,1,FileTool,write_csv,artifact_written_exists,True,FileTool,write_csv,True,,E0,True
VBrun_scale_microbench_300_2026-02-11T064352Z_seed20260211,AgentCorrect,VB-065,2,FileTool,read_csv,read_after_write_dependency,True,FileTool,read_csv,True,,E0,True
VBrun_scale_microbench_300_2026-02-11T064352Z_seed20260211,AgentCorrect,VB-065,3,QueryTool,search,query_hits_reproducible,True,QueryTool,search,True,,E0,True
VBrun_scale_microbench_300_2026-02-11T064352Z_seed20260211,AgentCorrect,VB-066,1,FileTool,write_csv,artifact_written_exists,True,FileTool,write_csv,True,,E0,True
VBrun_scale_microbench_300_2026-02-11T064352Z_seed20260211,AgentCorrect,VB-066,2,FileTool,read_csv,read_after_write_dependency,True,FileTool,read_csv,True,,E0,True
VBrun_scale_microbench_300_2026-02-11T064352Z_seed20260211,AgentCorrect,VB-066,3,QueryTool,search,query_hits_reproducible,True,QueryTool,search,True,,E0,True
VBrun_scale_microbench_300_2026-02-11T064352Z_seed20260211,AgentCorrect,VB-066,4,CalcTool,sum,value_equals,True,CalcTool,sum,True,,E0,True
VBrun_scale_microbench_300_2026-02-11T064352Z_seed20260211,AgentCorrect,VB-067,1,FileTool,write_csv,artifact_written_exists,True,FileTool,write_csv,True,,E0,True
VBrun_scale_microbench_300_2026-02-11T064352Z_seed20260211,AgentCorrect,VB-067,2,FileTool,read_csv,read_after_write_dependency,True,FileTool,read_csv,True,,E0,True
VBrun_scale_microbench_300_2026-02-11T064352Z_seed20260211,AgentCorrect,VB-067,3,QueryTool,search,query_hits_reproducible,True,QueryTool,search,True,,E0,True
VBrun_scale_microbench_300_2026-02-11T064352Z_seed20260211,AgentCorrect,VB-067,4,CalcTool,sum,value_equals,True,CalcTool,sum,True,,E0,True
VBrun_scale_microbench_300_2026-02-11T064352Z_seed20260211,AgentCorrect,VB-067,5,CalcTool,sum,value_equals,True,CalcTool,sum,True,,E0,True
VBrun_scale_microbench_300_2026-02-11T064352Z_seed20260211,AgentCorrect,VB-068,1,FileTool,write_csv,artifact_written_exists,True,FileTool,write_csv,True,,E0,True
VBrun_scale_microbench_300_2026-02-11T064352Z_seed20260211,AgentCorrect,VB-068,2,FileTool,read_csv,read_after_write_dependency,True,FileTool,read_csv,True,,E0,True
VBrun_scale_microbench_300_2026-02-11T064352Z_seed20260211,AgentCorrect,VB-068,3,QueryTool,search,query_hits_reproducible,True,QueryTool,search,True,,E0,True
VBrun_scale_microbench_300_2026-02-11T064352Z_seed20260211,AgentCorrect,VB-068,4,CalcTool,sum,value_equals,True,CalcTool,sum,True,,E0,True
VBrun_scale_microbench_300_2026-02-11T064352Z_seed20260211,AgentCorrect,VB-068,5,CalcTool,sum,value_equals,True,CalcTool,sum,True,,E0,True
VBrun_scale_microbench_300_2026-02-11T064352Z_seed20260211,AgentCorrect,VB-068,6,QueryTool,search,query_hits_reproducible,True,QueryTool,search,True,,E0,True
VBrun_scale_microbench_300_2026-02-11T064352Z_seed20260211,AgentCorrect,VB-069,1,FileTool,write_csv,artifact_written_exists,True,FileTool,write_csv,True,,E0,True
VBrun_scale_microbench_300_2026-02-11T064352Z_seed20260211,AgentCorrect,VB-069,2,FileTool,read_csv,read_after_write_dependency,True,FileTool,read_csv,True,,E0,True
VBrun_scale_microbench_300_2026-02-11T064352Z_seed20260211,AgentCorrect,VB-069,3,QueryTool,search,query_hits_reproducible,True,QueryTool,search,True,,E0,True
VBrun_scale_microbench_300_2026-02-11T064352Z_seed20260211,AgentCorrect,VB-069,4,CalcTool,sum,value_equals,True,CalcTool,sum,True,,E0,True
VBrun_scale_microbench_300_2026-02-11T064352Z_seed20260211,AgentCorrect,VB-069,5,CalcTool,sum,value_equals,True,CalcTool,sum,True,,E0,True
VBrun_scale_microbench_300_2026-02-11T064352Z_seed20260211,AgentCorrect,VB-069,6,QueryTool,search,query_hits_reproducible,True,QueryTool,search,True,,E0,True
VBrun_scale_microbench_300_2026-02-11T064352Z_seed20260211,AgentCorrect,VB-069,7,CalcTool,sum,value_equals,True,CalcTool,sum,True,,E0,True
VBrun_scale_microbench_300_2026-02-11T064352Z_seed20260211,AgentCorrect,VB-070,1,FileTool,write_csv,artifact_written_exists,True,FileTool,write_csv,True,,E0,True
VBrun_scale_microbench_300_2026-02-11T064352Z_seed20260211,AgentCorrect,VB-070,2,FileTool,read_csv,read_after_write_dependency,True,FileTool,read_csv,True,,E0,True
VBrun_scale_microbench_300_2026-02-11T064352Z_seed20260211,AgentCorrect,VB-070,3,QueryTool,search,query_hits_reproducible,True,QueryTool,search,True,,E0,True
VBrun_scale_microbench_300_2026-02-11T064352Z_seed20260211,AgentCorrect,VB-070,4,CalcTool,sum,value_equals,True,CalcTool,sum,True,,E0,True
VBrun_scale_microbench_300_2026-02-11T064352Z_seed20260211,AgentCorrect,VB-070,5,CalcTool,sum,value_equals,True,CalcTool,sum,True,,E0,True
VBrun_scale_microbench_300_2026-02-11T064352Z_seed20260211,AgentCorrect,VB-070,6,QueryTool,search,query_hits_reproducible,True,QueryTool,search,True,,E0,True
VBrun_scale_microbench_300_2026-02-11T064352Z_seed20260211,AgentCorrect,VB-070,7,CalcTool,sum,value_equals,True,CalcTool,sum,True,,E0,True
VBrun_scale_microbench_300_2026-02-11T064352Z_seed20260211,AgentCorrect,VB-070,8,CalcTool,sum,value_equals,True,CalcTool,sum,True,,E0,True
VBrun_scale_microbench_300_2026-02-11T064352Z_seed20260211,AgentCorrect,VB-071,1,FileTool,write_csv,artifact_written_exists,True,FileTool,write_csv,True,,E0,True
VBrun_scale_microbench_300_2026-02-11T064352Z_seed20260211,AgentCorrect,VB-071,2,FileTool,read_csv,read_after_write_dependency,True,FileTool,read_csv,True,,E0,True
VBrun_scale_microbench_300_2026-02-11T064352Z_seed20260211,AgentCorrect,VB-072,1,FileTool,write_csv,artifact_written_exists,True,FileTool,write_csv,True,,E0,True
VBrun_scale_microbench_300_2026-02-11T064352Z_seed20260211,AgentCorrect,VB-072,2,FileTool,read_csv,read_after_write_dependency,True,FileTool,read_csv,True,,E0,True
VBrun_scale_microbench_300_2026-02-11T064352Z_seed20260211,AgentCorrect,VB-072,3,QueryTool,search,query_hits_reproducible,True,QueryTool,search,True,,E0,True
VBrun_scale_microbench_300_2026-02-11T064352Z_seed20260211,AgentCorrect,VB-073,1,FileTool,write_csv,artifact_written_exists,True,FileTool,write_csv,True,,E0,True
VBrun_scale_microbench_300_2026-02-11T064352Z_seed20260211,AgentCorrect,VB-073,2,FileTool,read_csv,read_after_write_dependency,True,FileTool,read_csv,True,,E0,True
VBrun_scale_microbench_300_2026-02-11T064352Z_seed20260211,AgentCorrect,VB-073,3,QueryTool,search,query_hits_reproducible,True,QueryTool,search,True,,E0,True
VBrun_scale_microbench_300_2026-02-11T064352Z_seed20260211,AgentCorrect,VB-073,4,CalcTool,sum,value_equals,True,CalcTool,sum,True,,E0,True
VBrun_scale_microbench_300_2026-02-11T064352Z_seed20260211,AgentCorrect,VB-074,1,FileTool,write_csv,artifact_written_exists,True,FileTool,write_csv,True,,E0,True
VBrun_scale_microbench_300_2026-02-11T064352Z_seed20260211,AgentCorrect,VB-074,2,FileTool,read_csv,read_after_write_dependency,True,FileTool,read_csv,True,,E0,True
VBrun_scale_microbench_300_2026-02-11T064352Z_seed20260211,AgentCorrect,VB-074,3,QueryTool,search,query_hits_reproducible,True,QueryTool,search,True,,E0,True
VBrun_scale_microbench_300_2026-02-11T064352Z_seed20260211,AgentCorrect,VB-074,4,CalcTool,sum,value_equals,True,CalcTool,sum,True,,E0,True
VBrun_scale_microbench_300_2026-02-11T064352Z_seed20260211,AgentCorrect,VB-074,5,CalcTool,sum,value_equals,True,CalcTool,sum,True,,E0,True
VBrun_scale_microbench_300_2026-02-11T064352Z_seed20260211,AgentCorrect,VB-075,1,FileTool,write_csv,artifact_written_exists,True,FileTool,write_csv,True,,E0,True
VBrun_scale_microbench_300_2026-02-11T064352Z_seed20260211,AgentCorrect,VB-075,2,FileTool,read_csv,read_after_write_dependency,True,FileTool,read_csv,True,,E0,True
VBrun_scale_microbench_300_2026-02-11T064352Z_seed20260211,AgentCorrect,VB-075,3,QueryTool,search,query_hits_reproducible,True,QueryTool,search,True,,E0,True
VBrun_scale_microbench_300_2026-02-11T064352Z_seed20260211,AgentCorrect,VB-075,4,CalcTool,sum,value_equals,True,CalcTool,sum,True,,E0,True
VBrun_scale_microbench_300_2026-02-11T064352Z_seed20260211,AgentCorrect,VB-075,5,CalcTool,sum,value_equals,True,CalcTool,sum,True,,E0,True
VBrun_scale_microbench_300_2026-02-11T064352Z_seed20260211,AgentCorrect,VB-075,6,QueryTool,search,query_hits_reproducible,True,QueryTool,search,True,,E0,True
VBrun_scale_microbench_300_2026-02-11T064352Z_seed20260211,AgentCorrect,VB-076,1,FileTool,write_csv,artifact_written_exists,True,FileTool,write_csv,True,,E0,True
VBrun_scale_microbench_300_2026-02-11T064352Z_seed20260211,AgentCorrect,VB-076,2,FileTool,read_csv,read_after_write_dependency,True,FileTool,read_csv,True,,E0,True
VBrun_scale_microbench_300_2026-02-11T064352Z_seed20260211,AgentCorrect,VB-076,3,QueryTool,search,query_hits_reproducible,True,QueryTool,search,True,,E0,True
VBrun_scale_microbench_300_2026-02-11T064352Z_seed20260211,AgentCorrect,VB-076,4,CalcTool,sum,value_equals,True,CalcTool,sum,True,,E0,True
VBrun_scale_microbench_300_2026-02-11T064352Z_seed20260211,AgentCorrect,VB-076,5,CalcTool,sum,value_equals,True,CalcTool,sum,True,,E0,True
VBrun_scale_microbench_300_2026-02-11T064352Z_seed20260211,AgentCorrect,VB-076,6,QueryTool,search,query_hits_reproducible,True,QueryTool,search,True,,E0,True
VBrun_scale_microbench_300_2026-02-11T064352Z_seed20260211,AgentCorrect,VB-076,7,CalcTool,sum,value_equals,True,CalcTool,sum,True,,E0,True
VBrun_scale_microbench_300_2026-02-11T064352Z_seed20260211,AgentCorrect,VB-077,1,FileTool,write_csv,artifact_written_exists,True,FileTool,write_csv,True,,E0,True
VBrun_scale_microbench_300_2026-02-11T064352Z_seed20260211,AgentCorrect,VB-077,2,FileTool,read_csv,read_after_write_dependency,True,FileTool,read_csv,True,,E0,True
VBrun_scale_microbench_300_2026-02-11T064352Z_seed20260211,AgentCorrect,VB-077,3,QueryTool,search,query_hits_reproducible,True,QueryTool,search,True,,E0,True
VBrun_scale_microbench_300_2026-02-11T064352Z_seed20260211,AgentCorrect,VB-077,4,CalcTool,sum,value_equals,True,CalcTool,sum,True,,E0,True
VBrun_scale_microbench_300_2026-02-11T064352Z_seed20260211,AgentCorrect,VB-077,5,CalcTool,sum,value_equals,True,CalcTool,sum,True,,E0,True
VBrun_scale_microbench_300_2026-02-11T064352Z_seed20260211,AgentCorrect,VB-077,6,QueryTool,search,query_hits_reproducible,True,QueryTool,search,True,,E0,True
VBrun_scale_microbench_300_2026-02-11T064352Z_seed20260211,AgentCorrect,VB-077,7,CalcTool,sum,value_equals,True,CalcTool,sum,True,,E0,True
VBrun_scale_microbench_300_2026-02-11T064352Z_seed20260211,AgentCorrect,VB-077,8,CalcTool,sum,value_equals,True,CalcTool,sum,True,,E0,True
VBrun_scale_microbench_300_2026-02-11T064352Z_seed20260211,AgentCorrect,VB-078,1,FileTool,write_csv,artifact_written_exists,True,FileTool,write_csv,True,,E0,True
VBrun_scale_microbench_300_2026-02-11T064352Z_seed20260211,AgentCorrect,VB-078,2,FileTool,read_csv,read_after_write_dependency,True,FileTool,read_csv,True,,E0,True
VBrun_scale_microbench_300_2026-02-11T064352Z_seed20260211,AgentCorrect,VB-079,1,FileTool,write_csv,artifact_written_exists,True,FileTool,write_csv,True,,E0,True
VBrun_scale_microbench_300_2026-02-11T064352Z_seed20260211,AgentCorrect,VB-079,2,FileTool,read_csv,read_after_write_dependency,True,FileTool,read_csv,True,,E0,True
VBrun_scale_microbench_300_2026-02-11T064352Z_seed20260211,AgentCorrect,VB-079,3,QueryTool,search,query_hits_reproducible,True,QueryTool,search,True,,E0,True
VBrun_scale_microbench_300_2026-02-11T064352Z_seed20260211,AgentCorrect,VB-080,1,FileTool,write_csv,artifact_written_exists,True,FileTool,write_csv,True,,E0,True
VBrun_scale_microbench_300_2026-02-11T064352Z_seed20260211,AgentCorrect,VB-080,2,FileTool,read_csv,read_after_write_dependency,True,FileTool,read_csv,True,,E0,True
VBrun_scale_microbench_300_2026-02-11T064352Z_seed20260211,AgentCorrect,VB-080,3,QueryTool,search,query_hits_reproducible,True,QueryTool,search,True,,E0,True
VBrun_scale_microbench_300_2026-02-11T064352Z_seed20260211,AgentCorrect,VB-080,4,CalcTool,sum,value_equals,True,CalcTool,sum,True,,E0,True
VBrun_scale_microbench_300_2026-02-11T064352Z_seed20260211,AgentCorrect,VB-081,1,FileTool,write_csv,artifact_written_exists,True,FileTool,write_csv,True,,E0,True
VBrun_scale_microbench_300_2026-02-11T064352Z_seed20260211,AgentCorrect,VB-081,2,FileTool,read_csv,read_after_write_dependency,True,FileTool,read_csv,True,,E0,True
VBrun_scale_microbench_300_2026-02-11T064352Z_seed20260211,AgentCorrect,VB-081,3,QueryTool,search,query_hits_reproducible,True,QueryTool,search,True,,E0,True
VBrun_scale_microbench_300_2026-02-11T064352Z_seed20260211,AgentCorrect,VB-081,4,CalcTool,sum,value_equals,True,CalcTool,sum,True,,E0,True
VBrun_scale_microbench_300_2026-02-11T064352Z_seed20260211,AgentCorrect,VB-081,5,CalcTool,sum,value_equals,True,CalcTool,sum,True,,E0,True
VBrun_scale_microbench_300_2026-02-11T064352Z_seed20260211,AgentCorrect,VB-082,1,FileTool,write_csv,artifact_written_exists,True,FileTool,write_csv,True,,E0,True
VBrun_scale_microbench_300_2026-02-11T064352Z_seed20260211,AgentCorrect,VB-082,2,FileTool,read_csv,read_after_write_dependency,True,FileTool,read_csv,True,,E0,True
VBrun_scale_microbench_300_2026-02-11T064352Z_seed20260211,AgentCorrect,VB-082,3,QueryTool,search,query_hits_reproducible,True,QueryTool,search,True,,E0,True
VBrun_scale_microbench_300_2026-02-11T064352Z_seed20260211,AgentCorrect,VB-082,4,CalcTool,sum,value_equals,True,CalcTool,sum,True,,E0,True
VBrun_scale_microbench_300_2026-02-11T064352Z_seed20260211,AgentCorrect,VB-082,5,CalcTool,sum,value_equals,True,CalcTool,sum,True,,E0,True
VBrun_scale_microbench_300_2026-02-11T064352Z_seed20260211,AgentCorrect,VB-082,6,QueryTool,search,query_hits_reproducible,True,QueryTool,search,True,,E0,True
VBrun_scale_microbench_300_2026-02-11T064352Z_seed20260211,AgentCorrect,VB-083,1,FileTool,write_csv,artifact_written_exists,True,FileTool,write_csv,True,,E0,True
VBrun_scale_microbench_300_2026-02-11T064352Z_seed20260211,AgentCorrect,VB-083,2,FileTool,read_csv,read_after_write_dependency,True,FileTool,read_csv,True,,E0,True
VBrun_scale_microbench_300_2026-02-11T064352Z_seed20260211,AgentCorrect,VB-083,3,QueryTool,search,query_hits_reproducible,True,QueryTool,search,True,,E0,True
VBrun_scale_microbench_300_2026-02-11T064352Z_seed20260211,AgentCorrect,VB-083,4,CalcTool,sum,value_equals,True,CalcTool,sum,True,,E0,True
VBrun_scale_microbench_300_2026-02-11T064352Z_seed20260211,AgentCorrect,VB-083,5,CalcTool,sum,value_equals,True,CalcTool,sum,True,,E0,True
VBrun_scale_microbench_300_2026-02-11T064352Z_seed20260211,AgentCorrect,VB-083,6,QueryTool,search,query_hits_reproducible,True,QueryTool,search,True,,E0,True
VBrun_scale_microbench_300_2026-02-11T064352Z_seed20260211,AgentCorrect,VB-083,7,CalcTool,sum,value_equals,True,CalcTool,sum,True,,E0,True
VBrun_scale_microbench_300_2026-02-11T064352Z_seed20260211,AgentCorrect,VB-084,1,FileTool,write_csv,artifact_written_exists,True,FileTool,write_csv,True,,E0,True
VBrun_scale_microbench_300_2026-02-11T064352Z_seed20260211,AgentCorrect,VB-084,2,FileTool,read_csv,read_after_write_dependency,True,FileTool,read_csv,True,,E0,True
VBrun_scale_microbench_300_2026-02-11T064352Z_seed20260211,AgentCorrect,VB-084,3,QueryTool,search,query_hits_reproducible,True,QueryTool,search,True,,E0,True
VBrun_scale_microbench_300_2026-02-11T064352Z_seed20260211,AgentCorrect,VB-084,4,CalcTool,sum,value_equals,True,CalcTool,sum,True,,E0,True
VBrun_scale_microbench_300_2026-02-11T064352Z_seed20260211,AgentCorrect,VB-084,5,CalcTool,sum,value_equals,True,CalcTool,sum,True,,E0,True
VBrun_scale_microbench_300_2026-02-11T064352Z_seed20260211,AgentCorrect,VB-084,6,QueryTool,search,query_hits_reproducible,True,QueryTool,search,True,,E0,True
VBrun_scale_microbench_300_2026-02-11T064352Z_seed20260211,AgentCorrect,VB-084,7,CalcTool,sum,value_equals,True,CalcTool,sum,True,,E0,True
VBrun_scale_microbench_300_2026-02-11T064352Z_seed20260211,AgentCorrect,VB-084,8,CalcTool,sum,value_equals,True,CalcTool,sum,True,,E0,True
VBrun_scale_microbench_300_2026-02-11T064352Z_seed20260211,AgentCorrect,VB-085,1,FileTool,write_csv,artifact_written_exists,True,FileTool,write_csv,True,,E0,True
VBrun_scale_microbench_300_2026-02-11T064352Z_seed20260211,AgentCorrect,VB-085,2,FileTool,read_csv,read_after_write_dependency,True,FileTool,read_csv,True,,E0,True
VBrun_scale_microbench_300_2026-02-11T064352Z_seed20260211,AgentCorrect,VB-086,1,FileTool,write_csv,artifact_written_exists,True,FileTool,write_csv,True,,E0,True
VBrun_scale_microbench_300_2026-02-11T064352Z_seed20260211,AgentCorrect,VB-086,2,FileTool,read_csv,read_after_write_dependency,True,FileTool,read_csv,True,,E0,True
VBrun_scale_microbench_300_2026-02-11T064352Z_seed20260211,AgentCorrect,VB-086,3,QueryTool,search,query_hits_reproducible,True,QueryTool,search,True,,E0,True
VBrun_scale_microbench_300_2026-02-11T064352Z_seed20260211,AgentCorrect,VB-087,1,FileTool,write_csv,artifact_written_exists,True,FileTool,write_csv,True,,E0,True
VBrun_scale_microbench_300_2026-02-11T064352Z_seed20260211,AgentCorrect,VB-087,2,FileTool,read_csv,read_after_write_dependency,True,FileTool,read_csv,True,,E0,True
VBrun_scale_microbench_300_2026-02-11T064352Z_seed20260211,AgentCorrect,VB-087,3,QueryTool,search,query_hits_reproducible,True,QueryTool,search,True,,E0,True
VBrun_scale_microbench_300_2026-02-11T064352Z_seed20260211,AgentCorrect,VB-087,4,CalcTool,sum,value_equals,True,CalcTool,sum,True,,E0,True
VBrun_scale_microbench_300_2026-02-11T064352Z_seed20260211,AgentCorrect,VB-088,1,FileTool,write_csv,artifact_written_exists,True,FileTool,write_csv,True,,E0,True
VBrun_scale_microbench_300_2026-02-11T064352Z_seed20260211,AgentCorrect,VB-088,2,FileTool,read_csv,read_after_write_dependency,True,FileTool,read_csv,True,,E0,True
VBrun_scale_microbench_300_2026-02-11T064352Z_seed20260211,AgentCorrect,VB-088,3,QueryTool,search,query_hits_reproducible,True,QueryTool,search,True,,E0,True
VBrun_scale_microbench_300_2026-02-11T064352Z_seed20260211,AgentCorrect,VB-088,4,CalcTool,sum,value_equals,True,CalcTool,sum,True,,E0,True
VBrun_scale_microbench_300_2026-02-11T064352Z_seed20260211,AgentCorrect,VB-088,5,CalcTool,sum,value_equals,True,CalcTool,sum,True,,E0,True
VBrun_scale_microbench_300_2026-02-11T064352Z_seed20260211,AgentCorrect,VB-089,1,FileTool,write_csv,artifact_written_exists,True,FileTool,write_csv,True,,E0,True
VBrun_scale_microbench_300_2026-02-11T064352Z_seed20260211,AgentCorrect,VB-089,2,FileTool,read_csv,read_after_write_dependency,True,FileTool,read_csv,True,,E0,True
VBrun_scale_microbench_300_2026-02-11T064352Z_seed20260211,AgentCorrect,VB-089,3,QueryTool,search,query_hits_reproducible,True,QueryTool,search,True,,E0,True
VBrun_scale_microbench_300_2026-02-11T064352Z_seed20260211,AgentCorrect,VB-089,4,CalcTool,sum,value_equals,True,CalcTool,sum,True,,E0,True
VBrun_scale_microbench_300_2026-02-11T064352Z_seed20260211,AgentCorrect,VB-089,5,CalcTool,sum,value_equals,True,CalcTool,sum,True,,E0,True
VBrun_scale_microbench_300_2026-02-11T064352Z_seed20260211,AgentCorrect,VB-089,6,QueryTool,search,query_hits_reproducible,True,QueryTool,search,True,,E0,True
VBrun_scale_microbench_300_2026-02-11T064352Z_seed20260211,AgentCorrect,VB-090,1,FileTool,write_csv,artifact_written_exists,True,FileTool,write_csv,True,,E0,True
VBrun_scale_microbench_300_2026-02-11T064352Z_seed20260211,AgentCorrect,VB-090,2,FileTool,read_csv,read_after_write_dependency,True,FileTool,read_csv,True,,E0,True
VBrun_scale_microbench_300_2026-02-11T064352Z_seed20260211,AgentCorrect,VB-090,3,QueryTool,search,query_hits_reproducible,True,QueryTool,search,True,,E0,True
VBrun_scale_microbench_300_2026-02-11T064352Z_seed20260211,AgentCorrect,VB-090,4,CalcTool,sum,value_equals,True,CalcTool,sum,True,,E0,True
VBrun_scale_microbench_300_2026-02-11T064352Z_seed20260211,AgentCorrect,VB-090,5,CalcTool,sum,value_equals,True,CalcTool,sum,True,,E0,True
VBrun_scale_microbench_300_2026-02-11T064352Z_seed20260211,AgentCorrect,VB-090,6,QueryTool,search,query_hits_reproducible,True,QueryTool,search,True,,E0,True
VBrun_scale_microbench_300_2026-02-11T064352Z_seed20260211,AgentCorrect,VB-090,7,CalcTool,sum,value_equals,True,CalcTool,sum,True,,E0,True
VBrun_scale_microbench_300_2026-02-11T064352Z_seed20260211,AgentCorrect,VB-091,1,FileTool,write_csv,artifact_written_exists,True,FileTool,write_csv,True,,E0,True
VBrun_scale_microbench_300_2026-02-11T064352Z_seed20260211,AgentCorrect,VB-091,2,FileTool,read_csv,read_after_write_dependency,True,FileTool,read_csv,True,,E0,True
VBrun_scale_microbench_300_2026-02-11T064352Z_seed20260211,AgentCorrect,VB-091,3,QueryTool,search,query_hits_reproducible,True,QueryTool,search,True,,E0,True
VBrun_scale_microbench_300_2026-02-11T064352Z_seed20260211,AgentCorrect,VB-091,4,CalcTool,sum,value_equals,True,CalcTool,sum,True,,E0,True
VBrun_scale_microbench_300_2026-02-11T064352Z_seed20260211,AgentCorrect,VB-091,5,CalcTool,sum,value_equals,True,CalcTool,sum,True,,E0,True
VBrun_scale_microbench_300_2026-02-11T064352Z_seed20260211,AgentCorrect,VB-091,6,QueryTool,search,query_hits_reproducible,True,QueryTool,search,True,,E0,True
VBrun_scale_microbench_300_2026-02-11T064352Z_seed20260211,AgentCorrect,VB-091,7,CalcTool,sum,value_equals,True,CalcTool,sum,True,,E0,True
VBrun_scale_microbench_300_2026-02-11T064352Z_seed20260211,AgentCorrect,VB-091,8,CalcTool,sum,value_equals,True,CalcTool,sum,True,,E0,True
VBrun_scale_microbench_300_2026-02-11T064352Z_seed20260211,AgentCorrect,VB-092,1,FileTool,write_csv,artifact_written_exists,True,FileTool,write_csv,True,,E0,True
VBrun_scale_microbench_300_2026-02-11T064352Z_seed20260211,AgentCorrect,VB-092,2,FileTool,read_csv,read_after_write_dependency,True,FileTool,read_csv,True,,E0,True
VBrun_scale_microbench_300_2026-02-11T064352Z_seed20260211,AgentCorrect,VB-093,1,FileTool,write_csv,artifact_written_exists,True,FileTool,write_csv,True,,E0,True
VBrun_scale_microbench_300_2026-02-11T064352Z_seed20260211,AgentCorrect,VB-093,2,FileTool,read_csv,read_after_write_dependency,True,FileTool,read_csv,True,,E0,True
VBrun_scale_microbench_300_2026-02-11T064352Z_seed20260211,AgentCorrect,VB-093,3,QueryTool,search,query_hits_reproducible,True,QueryTool,search,True,,E0,True
VBrun_scale_microbench_300_2026-02-11T064352Z_seed20260211,AgentCorrect,VB-094,1,FileTool,write_csv,artifact_written_exists,True,FileTool,write_csv,True,,E0,True
VBrun_scale_microbench_300_2026-02-11T064352Z_seed20260211,AgentCorrect,VB-094,2,FileTool,read_csv,read_after_write_dependency,True,FileTool,read_csv,True,,E0,True
VBrun_scale_microbench_300_2026-02-11T064352Z_seed20260211,AgentCorrect,VB-094,3,QueryTool,search,query_hits_reproducible,True,QueryTool,search,True,,E0,True
VBrun_scale_microbench_300_2026-02-11T064352Z_seed20260211,AgentCorrect,VB-094,4,CalcTool,sum,value_equals,True,CalcTool,sum,True,,E0,True
VBrun_scale_microbench_300_2026-02-11T064352Z_seed20260211,AgentCorrect,VB-095,1,FileTool,write_csv,artifact_written_exists,True,FileTool,write_csv,True,,E0,True
VBrun_scale_microbench_300_2026-02-11T064352Z_seed20260211,AgentCorrect,VB-095,2,FileTool,read_csv,read_after_write_dependency,True,FileTool,read_csv,True,,E0,True
VBrun_scale_microbench_300_2026-02-11T064352Z_seed20260211,AgentCorrect,VB-095,3,QueryTool,search,query_hits_reproducible,True,QueryTool,search,True,,E0,True
VBrun_scale_microbench_300_2026-02-11T064352Z_seed20260211,AgentCorrect,VB-095,4,CalcTool,sum,value_equals,True,CalcTool,sum,True,,E0,True
VBrun_scale_microbench_300_2026-02-11T064352Z_seed20260211,AgentCorrect,VB-095,5,CalcTool,sum,value_equals,True,CalcTool,sum,True,,E0,True
VBrun_scale_microbench_300_2026-02-11T064352Z_seed20260211,AgentCorrect,VB-096,1,FileTool,write_csv,artifact_written_exists,True,FileTool,write_csv,True,,E0,True
VBrun_scale_microbench_300_2026-02-11T064352Z_seed20260211,AgentCorrect,VB-096,2,FileTool,read_csv,read_after_write_dependency,True,FileTool,read_csv,True,,E0,True
VBrun_scale_microbench_300_2026-02-11T064352Z_seed20260211,AgentCorrect,VB-096,3,QueryTool,search,query_hits_reproducible,True,QueryTool,search,True,,E0,True
VBrun_scale_microbench_300_2026-02-11T064352Z_seed20260211,AgentCorrect,VB-096,4,CalcTool,sum,value_equals,True,CalcTool,sum,True,,E0,True
VBrun_scale_microbench_300_2026-02-11T064352Z_seed20260211,AgentCorrect,VB-096,5,CalcTool,sum,value_equals,True,CalcTool,sum,True,,E0,True
VBrun_scale_microbench_300_2026-02-11T064352Z_seed20260211,AgentCorrect,VB-096,6,QueryTool,search,query_hits_reproducible,True,QueryTool,search,True,,E0,True
VBrun_scale_microbench_300_2026-02-11T064352Z_seed20260211,AgentCorrect,VB-097,1,FileTool,write_csv,artifact_written_exists,True,FileTool,write_csv,True,,E0,True
VBrun_scale_microbench_300_2026-02-11T064352Z_seed20260211,AgentCorrect,VB-097,2,FileTool,read_csv,read_after_write_dependency,True,FileTool,read_csv,True,,E0,True
VBrun_scale_microbench_300_2026-02-11T064352Z_seed20260211,AgentCorrect,VB-097,3,QueryTool,search,query_hits_reproducible,True,QueryTool,search,True,,E0,True
VBrun_scale_microbench_300_2026-02-11T064352Z_seed20260211,AgentCorrect,VB-097,4,CalcTool,sum,value_equals,True,CalcTool,sum,True,,E0,True
VBrun_scale_microbench_300_2026-02-11T064352Z_seed20260211,AgentCorrect,VB-097,5,CalcTool,sum,value_equals,True,CalcTool,sum,True,,E0,True
VBrun_scale_microbench_300_2026-02-11T064352Z_seed20260211,AgentCorrect,VB-097,6,QueryTool,search,query_hits_reproducible,True,QueryTool,search,True,,E0,True
VBrun_scale_microbench_300_2026-02-11T064352Z_seed20260211,AgentCorrect,VB-097,7,CalcTool,sum,value_equals,True,CalcTool,sum,True,,E0,True
VBrun_scale_microbench_300_2026-02-11T064352Z_seed20260211,AgentCorrect,VB-098,1,FileTool,write_csv,artifact_written_exists,True,FileTool,write_csv,True,,E0,True
VBrun_scale_microbench_300_2026-02-11T064352Z_seed20260211,AgentCorrect,VB-098,2,FileTool,read_csv,read_after_write_dependency,True,FileTool,read_csv,True,,E0,True
VBrun_scale_microbench_300_2026-02-11T064352Z_seed20260211,AgentCorrect,VB-098,3,QueryTool,search,query_hits_reproducible,True,QueryTool,search,True,,E0,True
VBrun_scale_microbench_300_2026-02-11T064352Z_seed20260211,AgentCorrect,VB-098,4,CalcTool,sum,value_equals,True,CalcTool,sum,True,,E0,True
VBrun_scale_microbench_300_2026-02-11T064352Z_seed20260211,AgentCorrect,VB-098,5,CalcTool,sum,value_equals,True,CalcTool,sum,True,,E0,True
VBrun_scale_microbench_300_2026-02-11T064352Z_seed20260211,AgentCorrect,VB-098,6,QueryTool,search,query_hits_reproducible,True,QueryTool,search,True,,E0,True
VBrun_scale_microbench_300_2026-02-11T064352Z_seed20260211,AgentCorrect,VB-098,7,CalcTool,sum,value_equals,True,CalcTool,sum,True,,E0,True
VBrun_scale_microbench_300_2026-02-11T064352Z_seed20260211,AgentCorrect,VB-098,8,CalcTool,sum,value_equals,True,CalcTool,sum,True,,E0,True
VBrun_scale_microbench_300_2026-02-11T064352Z_seed20260211,AgentCorrect,VB-099,1,FileTool,write_csv,artifact_written_exists,True,FileTool,write_csv,True,,E0,True
VBrun_scale_microbench_300_2026-02-11T064352Z_seed20260211,AgentCorrect,VB-099,2,FileTool,read_csv,read_after_write_dependency,True,FileTool,read_csv,True,,E0,True
VBrun_scale_microbench_300_2026-02-11T064352Z_seed20260211,AgentCorrect,VB-100,1,FileTool,write_csv,artifact_written_exists,True,FileTool,write_csv,True,,E0,True
VBrun_scale_microbench_300_2026-02-11T064352Z_seed20260211,AgentCorrect,VB-100,2,FileTool,read_csv,read_after_write_dependency,True,FileTool,read_csv,True,,E0,True
VBrun_scale_microbench_300_2026-02-11T064352Z_seed20260211,AgentCorrect,VB-100,3,QueryTool,search,query_hits_reproducible,True,QueryTool,search,True,,E0,True
VBrun_scale_microbench_300_2026-02-11T064352Z_seed20260211,AgentCorrect,VB-101,1,FileTool,write_csv,artifact_written_exists,True,FileTool,write_csv,True,,E0,True
VBrun_scale_microbench_300_2026-02-11T064352Z_seed20260211,AgentCorrect,VB-101,2,FileTool,read_csv,read_after_write_dependency,True,FileTool,read_csv,True,,E0,True
VBrun_scale_microbench_300_2026-02-11T064352Z_seed20260211,AgentCorrect,VB-101,3,QueryTool,search,query_hits_reproducible,True,QueryTool,search,True,,E0,True
VBrun_scale_microbench_300_2026-02-11T064352Z_seed20260211,AgentCorrect,VB-101,4,CalcTool,sum,value_equals,True,CalcTool,sum,True,,E0,True
VBrun_scale_microbench_300_2026-02-11T064352Z_seed20260211,AgentCorrect,VB-102,1,FileTool,write_csv,artifact_written_exists,True,FileTool,write_csv,True,,E0,True
VBrun_scale_microbench_300_2026-02-11T064352Z_seed20260211,AgentCorrect,VB-102,2,FileTool,read_csv,read_after_write_dependency,True,FileTool,read_csv,True,,E0,True
VBrun_scale_microbench_300_2026-02-11T064352Z_seed20260211,AgentCorrect,VB-102,3,QueryTool,search,query_hits_reproducible,True,QueryTool,search,True,,E0,True
VBrun_scale_microbench_300_2026-02-11T064352Z_seed20260211,AgentCorrect,VB-102,4,CalcTool,sum,value_equals,True,CalcTool,sum,True,,E0,True
VBrun_scale_microbench_300_2026-02-11T064352Z_seed20260211,AgentCorrect,VB-102,5,CalcTool,sum,value_equals,True,CalcTool,sum,True,,E0,True
VBrun_scale_microbench_300_2026-02-11T064352Z_seed20260211,AgentCorrect,VB-103,1,FileTool,write_csv,artifact_written_exists,True,FileTool,write_csv,True,,E0,True
VBrun_scale_microbench_300_2026-02-11T064352Z_seed20260211,AgentCorrect,VB-103,2,FileTool,read_csv,read_after_write_dependency,True,FileTool,read_csv,True,,E0,True
VBrun_scale_microbench_300_2026-02-11T064352Z_seed20260211,AgentCorrect,VB-103,3,QueryTool,search,query_hits_reproducible,True,QueryTool,search,True,,E0,True
VBrun_scale_microbench_300_2026-02-11T064352Z_seed20260211,AgentCorrect,VB-103,4,CalcTool,sum,value_equals,True,CalcTool,sum,True,,E0,True
VBrun_scale_microbench_300_2026-02-11T064352Z_seed20260211,AgentCorrect,VB-103,5,CalcTool,sum,value_equals,True,CalcTool,sum,True,,E0,True
VBrun_scale_microbench_300_2026-02-11T064352Z_seed20260211,AgentCorrect,VB-103,6,QueryTool,search,query_hits_reproducible,True,QueryTool,search,True,,E0,True
VBrun_scale_microbench_300_2026-02-11T064352Z_seed20260211,AgentCorrect,VB-104,1,FileTool,write_csv,artifact_written_exists,True,FileTool,write_csv,True,,E0,True
VBrun_scale_microbench_300_2026-02-11T064352Z_seed20260211,AgentCorrect,VB-104,2,FileTool,read_csv,read_after_write_dependency,True,FileTool,read_csv,True,,E0,True
VBrun_scale_microbench_300_2026-02-11T064352Z_seed20260211,AgentCorrect,VB-104,3,QueryTool,search,query_hits_reproducible,True,QueryTool,search,True,,E0,True
VBrun_scale_microbench_300_2026-02-11T064352Z_seed20260211,AgentCorrect,VB-104,4,CalcTool,sum,value_equals,True,CalcTool,sum,True,,E0,True
VBrun_scale_microbench_300_2026-02-11T064352Z_seed20260211,AgentCorrect,VB-104,5,CalcTool,sum,value_equals,True,CalcTool,sum,True,,E0,True
VBrun_scale_microbench_300_2026-02-11T064352Z_seed20260211,AgentCorrect,VB-104,6,QueryTool,search,query_hits_reproducible,True,QueryTool,search,True,,E0,True
VBrun_scale_microbench_300_2026-02-11T064352Z_seed20260211,AgentCorrect,VB-104,7,CalcTool,sum,value_equals,True,CalcTool,sum,True,,E0,True
VBrun_scale_microbench_300_2026-02-11T064352Z_seed20260211,AgentCorrect,VB-105,1,FileTool,write_csv,artifact_written_exists,True,FileTool,write_csv,True,,E0,True
VBrun_scale_microbench_300_2026-02-11T064352Z_seed20260211,AgentCorrect,VB-105,2,FileTool,read_csv,read_after_write_dependency,True,FileTool,read_csv,True,,E0,True
VBrun_scale_microbench_300_2026-02-11T064352Z_seed20260211,AgentCorrect,VB-105,3,QueryTool,search,query_hits_reproducible,True,QueryTool,search,True,,E0,True
VBrun_scale_microbench_300_2026-02-11T064352Z_seed20260211,AgentCorrect,VB-105,4,CalcTool,sum,value_equals,True,CalcTool,sum,True,,E0,True
VBrun_scale_microbench_300_2026-02-11T064352Z_seed20260211,AgentCorrect,VB-105,5,CalcTool,sum,value_equals,True,CalcTool,sum,True,,E0,True
VBrun_scale_microbench_300_2026-02-11T064352Z_seed20260211,AgentCorrect,VB-105,6,QueryTool,search,query_hits_reproducible,True,QueryTool,search,True,,E0,True
VBrun_scale_microbench_300_2026-02-11T064352Z_seed20260211,AgentCorrect,VB-105,7,CalcTool,sum,value_equals,True,CalcTool,sum,True,,E0,True
VBrun_scale_microbench_300_2026-02-11T064352Z_seed20260211,AgentCorrect,VB-105,8,CalcTool,sum,value_equals,True,CalcTool,sum,True,,E0,True
VBrun_scale_microbench_300_2026-02-11T064352Z_seed20260211,AgentCorrect,VB-106,1,FileTool,write_csv,artifact_written_exists,True,FileTool,write_csv,True,,E0,True
VBrun_scale_microbench_300_2026-02-11T064352Z_seed20260211,AgentCorrect,VB-106,2,FileTool,read_csv,read_after_write_dependency,True,FileTool,read_csv,True,,E0,True
VBrun_scale_microbench_300_2026-02-11T064352Z_seed20260211,AgentCorrect,VB-107,1,FileTool,write_csv,artifact_written_exists,True,FileTool,write_csv,True,,E0,True
VBrun_scale_microbench_300_2026-02-11T064352Z_seed20260211,AgentCorrect,VB-107,2,FileTool,read_csv,read_after_write_dependency,True,FileTool,read_csv,True,,E0,True
VBrun_scale_microbench_300_2026-02-11T064352Z_seed20260211,AgentCorrect,VB-107,3,QueryTool,search,query_hits_reproducible,True,QueryTool,search,True,,E0,True
VBrun_scale_microbench_300_2026-02-11T064352Z_seed20260211,AgentCorrect,VB-108,1,FileTool,write_csv,artifact_written_exists,True,FileTool,write_csv,True,,E0,True
VBrun_scale_microbench_300_2026-02-11T064352Z_seed20260211,AgentCorrect,VB-108,2,FileTool,read_csv,read_after_write_dependency,True,FileTool,read_csv,True,,E0,True
VBrun_scale_microbench_300_2026-02-11T064352Z_seed20260211,AgentCorrect,VB-108,3,QueryTool,search,query_hits_reproducible,True,QueryTool,search,True,,E0,True
VBrun_scale_microbench_300_2026-02-11T064352Z_seed20260211,AgentCorrect,VB-108,4,CalcTool,sum,value_equals,True,CalcTool,sum,True,,E0,True
VBrun_scale_microbench_300_2026-02-11T064352Z_seed20260211,AgentCorrect,VB-109,1,FileTool,write_csv,artifact_written_exists,True,FileTool,write_csv,True,,E0,True
VBrun_scale_microbench_300_2026-02-11T064352Z_seed20260211,AgentCorrect,VB-109,2,FileTool,read_csv,read_after_write_dependency,True,FileTool,read_csv,True,,E0,True
VBrun_scale_microbench_300_2026-02-11T064352Z_seed20260211,AgentCorrect,VB-109,3,QueryTool,search,query_hits_reproducible,True,QueryTool,search,True,,E0,True
VBrun_scale_microbench_300_2026-02-11T064352Z_seed20260211,AgentCorrect,VB-109,4,CalcTool,sum,value_equals,True,CalcTool,sum,True,,E0,True
VBrun_scale_microbench_300_2026-02-11T064352Z_seed20260211,AgentCorrect,VB-109,5,CalcTool,sum,value_equals,True,CalcTool,sum,True,,E0,True
VBrun_scale_microbench_300_2026-02-11T064352Z_seed20260211,AgentCorrect,VB-110,1,FileTool,write_csv,artifact_written_exists,True,FileTool,write_csv,True,,E0,True
VBrun_scale_microbench_300_2026-02-11T064352Z_seed20260211,AgentCorrect,VB-110,2,FileTool,read_csv,read_after_write_dependency,True,FileTool,read_csv,True,,E0,True
VBrun_scale_microbench_300_2026-02-11T064352Z_seed20260211,AgentCorrect,VB-110,3,QueryTool,search,query_hits_reproducible,True,QueryTool,search,True,,E0,True
VBrun_scale_microbench_300_2026-02-11T064352Z_seed20260211,AgentCorrect,VB-110,4,CalcTool,sum,value_equals,True,CalcTool,sum,True,,E0,True
VBrun_scale_microbench_300_2026-02-11T064352Z_seed20260211,AgentCorrect,VB-110,5,CalcTool,sum,value_equals,True,CalcTool,sum,True,,E0,True
VBrun_scale_microbench_300_2026-02-11T064352Z_seed20260211,AgentCorrect,VB-110,6,QueryTool,search,query_hits_reproducible,True,QueryTool,search,True,,E0,True
VBrun_scale_microbench_300_2026-02-11T064352Z_seed20260211,AgentCorrect,VB-111,1,FileTool,write_csv,artifact_written_exists,True,FileTool,write_csv,True,,E0,True
VBrun_scale_microbench_300_2026-02-11T064352Z_seed20260211,AgentCorrect,VB-111,2,FileTool,read_csv,read_after_write_dependency,True,FileTool,read_csv,True,,E0,True
VBrun_scale_microbench_300_2026-02-11T064352Z_seed20260211,AgentCorrect,VB-111,3,QueryTool,search,query_hits_reproducible,True,QueryTool,search,True,,E0,True
VBrun_scale_microbench_300_2026-02-11T064352Z_seed20260211,AgentCorrect,VB-111,4,CalcTool,sum,value_equals,True,CalcTool,sum,True,,E0,True
VBrun_scale_microbench_300_2026-02-11T064352Z_seed20260211,AgentCorrect,VB-111,5,CalcTool,sum,value_equals,True,CalcTool,sum,True,,E0,True
VBrun_scale_microbench_300_2026-02-11T064352Z_seed20260211,AgentCorrect,VB-111,6,QueryTool,search,query_hits_reproducible,True,QueryTool,search,True,,E0,True
VBrun_scale_microbench_300_2026-02-11T064352Z_seed20260211,AgentCorrect,VB-111,7,CalcTool,sum,value_equals,True,CalcTool,sum,True,,E0,True
VBrun_scale_microbench_300_2026-02-11T064352Z_seed20260211,AgentCorrect,VB-112,1,FileTool,write_csv,artifact_written_exists,True,FileTool,write_csv,True,,E0,True
VBrun_scale_microbench_300_2026-02-11T064352Z_seed20260211,AgentCorrect,VB-112,2,FileTool,read_csv,read_after_write_dependency,True,FileTool,read_csv,True,,E0,True
VBrun_scale_microbench_300_2026-02-11T064352Z_seed20260211,AgentCorrect,VB-112,3,QueryTool,search,query_hits_reproducible,True,QueryTool,search,True,,E0,True
VBrun_scale_microbench_300_2026-02-11T064352Z_seed20260211,AgentCorrect,VB-112,4,CalcTool,sum,value_equals,True,CalcTool,sum,True,,E0,True
VBrun_scale_microbench_300_2026-02-11T064352Z_seed20260211,AgentCorrect,VB-112,5,CalcTool,sum,value_equals,True,CalcTool,sum,True,,E0,True
VBrun_scale_microbench_300_2026-02-11T064352Z_seed20260211,AgentCorrect,VB-112,6,QueryTool,search,query_hits_reproducible,True,QueryTool,search,True,,E0,True
VBrun_scale_microbench_300_2026-02-11T064352Z_seed20260211,AgentCorrect,VB-112,7,CalcTool,sum,value_equals,True,CalcTool,sum,True,,E0,True
VBrun_scale_microbench_300_2026-02-11T064352Z_seed20260211,AgentCorrect,VB-112,8,CalcTool,sum,value_equals,True,CalcTool,sum,True,,E0,True
VBrun_scale_microbench_300_2026-02-11T064352Z_seed20260211,AgentCorrect,VB-113,1,FileTool,write_csv,artifact_written_exists,True,FileTool,write_csv,True,,E0,True
VBrun_scale_microbench_300_2026-02-11T064352Z_seed20260211,AgentCorrect,VB-113,2,FileTool,read_csv,read_after_write_dependency,True,FileTool,read_csv,True,,E0,True
VBrun_scale_microbench_300_2026-02-11T064352Z_seed20260211,AgentCorrect,VB-114,1,FileTool,write_csv,artifact_written_exists,True,FileTool,write_csv,True,,E0,True
VBrun_scale_microbench_300_2026-02-11T064352Z_seed20260211,AgentCorrect,VB-114,2,FileTool,read_csv,read_after_write_dependency,True,FileTool,read_csv,True,,E0,True
VBrun_scale_microbench_300_2026-02-11T064352Z_seed20260211,AgentCorrect,VB-114,3,QueryTool,search,query_hits_reproducible,True,QueryTool,search,True,,E0,True
VBrun_scale_microbench_300_2026-02-11T064352Z_seed20260211,AgentCorrect,VB-115,1,FileTool,write_csv,artifact_written_exists,True,FileTool,write_csv,True,,E0,True
VBrun_scale_microbench_300_2026-02-11T064352Z_seed20260211,AgentCorrect,VB-115,2,FileTool,read_csv,read_after_write_dependency,True,FileTool,read_csv,True,,E0,True
VBrun_scale_microbench_300_2026-02-11T064352Z_seed20260211,AgentCorrect,VB-115,3,QueryTool,search,query_hits_reproducible,True,QueryTool,search,True,,E0,True
VBrun_scale_microbench_300_2026-02-11T064352Z_seed20260211,AgentCorrect,VB-115,4,CalcTool,sum,value_equals,True,CalcTool,sum,True,,E0,True
VBrun_scale_microbench_300_2026-02-11T064352Z_seed20260211,AgentCorrect,VB-116,1,FileTool,write_csv,artifact_written_exists,True,FileTool,write_csv,True,,E0,True
VBrun_scale_microbench_300_2026-02-11T064352Z_seed20260211,AgentCorrect,VB-116,2,FileTool,read_csv,read_after_write_dependency,True,FileTool,read_csv,True,,E0,True
VBrun_scale_microbench_300_2026-02-11T064352Z_seed20260211,AgentCorrect,VB-116,3,QueryTool,search,query_hits_reproducible,True,QueryTool,search,True,,E0,True
VBrun_scale_microbench_300_2026-02-11T064352Z_seed20260211,AgentCorrect,VB-116,4,CalcTool,sum,value_equals,True,CalcTool,sum,True,,E0,True
VBrun_scale_microbench_300_2026-02-11T064352Z_seed20260211,AgentCorrect,VB-116,5,CalcTool,sum,value_equals,True,CalcTool,sum,True,,E0,True
VBrun_scale_microbench_300_2026-02-11T064352Z_seed20260211,AgentCorrect,VB-117,1,FileTool,write_csv,artifact_written_exists,True,FileTool,write_csv,True,,E0,True
VBrun_scale_microbench_300_2026-02-11T064352Z_seed20260211,AgentCorrect,VB-117,2,FileTool,read_csv,read_after_write_dependency,True,FileTool,read_csv,True,,E0,True
VBrun_scale_microbench_300_2026-02-11T064352Z_seed20260211,AgentCorrect,VB-117,3,QueryTool,search,query_hits_reproducible,True,QueryTool,search,True,,E0,True
VBrun_scale_microbench_300_2026-02-11T064352Z_seed20260211,AgentCorrect,VB-117,4,CalcTool,sum,value_equals,True,CalcTool,sum,True,,E0,True
VBrun_scale_microbench_300_2026-02-11T064352Z_seed20260211,AgentCorrect,VB-117,5,CalcTool,sum,value_equals,True,CalcTool,sum,True,,E0,True
VBrun_scale_microbench_300_2026-02-11T064352Z_seed20260211,AgentCorrect,VB-117,6,QueryTool,search,query_hits_reproducible,True,QueryTool,search,True,,E0,True
VBrun_scale_microbench_300_2026-02-11T064352Z_seed20260211,AgentCorrect,VB-118,1,FileTool,write_csv,artifact_written_exists,True,FileTool,write_csv,True,,E0,True
VBrun_scale_microbench_300_2026-02-11T064352Z_seed20260211,AgentCorrect,VB-118,2,FileTool,read_csv,read_after_write_dependency,True,FileTool,read_csv,True,,E0,True
VBrun_scale_microbench_300_2026-02-11T064352Z_seed20260211,AgentCorrect,VB-118,3,QueryTool,search,query_hits_reproducible,True,QueryTool,search,True,,E0,True
VBrun_scale_microbench_300_2026-02-11T064352Z_seed20260211,AgentCorrect,VB-118,4,CalcTool,sum,value_equals,True,CalcTool,sum,True,,E0,True
VBrun_scale_microbench_300_2026-02-11T064352Z_seed20260211,AgentCorrect,VB-118,5,CalcTool,sum,value_equals,True,CalcTool,sum,True,,E0,True
VBrun_scale_microbench_300_2026-02-11T064352Z_seed20260211,AgentCorrect,VB-118,6,QueryTool,search,query_hits_reproducible,True,QueryTool,search,True,,E0,True
VBrun_scale_microbench_300_2026-02-11T064352Z_seed20260211,AgentCorrect,VB-118,7,CalcTool,sum,value_equals,True,CalcTool,sum,True,,E0,True
VBrun_scale_microbench_300_2026-02-11T064352Z_seed20260211,AgentCorrect,VB-119,1,FileTool,write_csv,artifact_written_exists,True,FileTool,write_csv,True,,E0,True
VBrun_scale_microbench_300_2026-02-11T064352Z_seed20260211,AgentCorrect,VB-119,2,FileTool,read_csv,read_after_write_dependency,True,FileTool,read_csv,True,,E0,True
VBrun_scale_microbench_300_2026-02-11T064352Z_seed20260211,AgentCorrect,VB-119,3,QueryTool,search,query_hits_reproducible,True,QueryTool,search,True,,E0,True
VBrun_scale_microbench_300_2026-02-11T064352Z_seed20260211,AgentCorrect,VB-119,4,CalcTool,sum,value_equals,True,CalcTool,sum,True,,E0,True
VBrun_scale_microbench_300_2026-02-11T064352Z_seed20260211,AgentCorrect,VB-119,5,CalcTool,sum,value_equals,True,CalcTool,sum,True,,E0,True
VBrun_scale_microbench_300_2026-02-11T064352Z_seed20260211,AgentCorrect,VB-119,6,QueryTool,search,query_hits_reproducible,True,QueryTool,search,True,,E0,True
VBrun_scale_microbench_300_2026-02-11T064352Z_seed20260211,AgentCorrect,VB-119,7,CalcTool,sum,value_equals,True,CalcTool,sum,True,,E0,True
VBrun_scale_microbench_300_2026-02-11T064352Z_seed20260211,AgentCorrect,VB-119,8,CalcTool,sum,value_equals,True,CalcTool,sum,True,,E0,True
VBrun_scale_microbench_300_2026-02-11T064352Z_seed20260211,AgentCorrect,VB-120,1,FileTool,write_csv,artifact_written_exists,True,FileTool,write_csv,True,,E0,True
VBrun_scale_microbench_300_2026-02-11T064352Z_seed20260211,AgentCorrect,VB-120,2,FileTool,read_csv,read_after_write_dependency,True,FileTool,read_csv,True,,E0,True
VBrun_scale_microbench_300_2026-02-11T064352Z_seed20260211,AgentCorrect,VB-121,1,FileTool,write_csv,artifact_written_exists,True,FileTool,write_csv,True,,E0,True
VBrun_scale_microbench_300_2026-02-11T064352Z_seed20260211,AgentCorrect,VB-121,2,FileTool,read_csv,read_after_write_dependency,True,FileTool,read_csv,True,,E0,True
VBrun_scale_microbench_300_2026-02-11T064352Z_seed20260211,AgentCorrect,VB-121,3,QueryTool,search,query_hits_reproducible,True,QueryTool,search,True,,E0,True
VBrun_scale_microbench_300_2026-02-11T064352Z_seed20260211,AgentCorrect,VB-122,1,FileTool,write_csv,artifact_written_exists,True,FileTool,write_csv,True,,E0,True
VBrun_scale_microbench_300_2026-02-11T064352Z_seed20260211,AgentCorrect,VB-122,2,FileTool,read_csv,read_after_write_dependency,True,FileTool,read_csv,True,,E0,True
VBrun_scale_microbench_300_2026-02-11T064352Z_seed20260211,AgentCorrect,VB-122,3,QueryTool,search,query_hits_reproducible,True,QueryTool,search,True,,E0,True
VBrun_scale_microbench_300_2026-02-11T064352Z_seed20260211,AgentCorrect,VB-122,4,CalcTool,sum,value_equals,True,CalcTool,sum,True,,E0,True
VBrun_scale_microbench_300_2026-02-11T064352Z_seed20260211,AgentCorrect,VB-123,1,FileTool,write_csv,artifact_written_exists,True,FileTool,write_csv,True,,E0,True
VBrun_scale_microbench_300_2026-02-11T064352Z_seed20260211,AgentCorrect,VB-123,2,FileTool,read_csv,read_after_write_dependency,True,FileTool,read_csv,True,,E0,True
VBrun_scale_microbench_300_2026-02-11T064352Z_seed20260211,AgentCorrect,VB-123,3,QueryTool,search,query_hits_reproducible,True,QueryTool,search,True,,E0,True
VBrun_scale_microbench_300_2026-02-11T064352Z_seed20260211,AgentCorrect,VB-123,4,CalcTool,sum,value_equals,True,CalcTool,sum,True,,E0,True
VBrun_scale_microbench_300_2026-02-11T064352Z_seed20260211,AgentCorrect,VB-123,5,CalcTool,sum,value_equals,True,CalcTool,sum,True,,E0,True
VBrun_scale_microbench_300_2026-02-11T064352Z_seed20260211,AgentCorrect,VB-124,1,FileTool,write_csv,artifact_written_exists,True,FileTool,write_csv,True,,E0,True
VBrun_scale_microbench_300_2026-02-11T064352Z_seed20260211,AgentCorrect,VB-124,2,FileTool,read_csv,read_after_write_dependency,True,FileTool,read_csv,True,,E0,True
VBrun_scale_microbench_300_2026-02-11T064352Z_seed20260211,AgentCorrect,VB-124,3,QueryTool,search,query_hits_reproducible,True,QueryTool,search,True,,E0,True
VBrun_scale_microbench_300_2026-02-11T064352Z_seed20260211,AgentCorrect,VB-124,4,CalcTool,sum,value_equals,True,CalcTool,sum,True,,E0,True
VBrun_scale_microbench_300_2026-02-11T064352Z_seed20260211,AgentCorrect,VB-124,5,CalcTool,sum,value_equals,True,CalcTool,sum,True,,E0,True
VBrun_scale_microbench_300_2026-02-11T064352Z_seed20260211,AgentCorrect,VB-124,6,QueryTool,search,query_hits_reproducible,True,QueryTool,search,True,,E0,True
VBrun_scale_microbench_300_2026-02-11T064352Z_seed20260211,AgentCorrect,VB-125,1,FileTool,write_csv,artifact_written_exists,True,FileTool,write_csv,True,,E0,True
VBrun_scale_microbench_300_2026-02-11T064352Z_seed20260211,AgentCorrect,VB-125,2,FileTool,read_csv,read_after_write_dependency,True,FileTool,read_csv,True,,E0,True
VBrun_scale_microbench_300_2026-02-11T064352Z_seed20260211,AgentCorrect,VB-125,3,QueryTool,search,query_hits_reproducible,True,QueryTool,search,True,,E0,True
VBrun_scale_microbench_300_2026-02-11T064352Z_seed20260211,AgentCorrect,VB-125,4,CalcTool,sum,value_equals,True,CalcTool,sum,True,,E0,True
VBrun_scale_microbench_300_2026-02-11T064352Z_seed20260211,AgentCorrect,VB-125,5,CalcTool,sum,value_equals,True,CalcTool,sum,True,,E0,True
VBrun_scale_microbench_300_2026-02-11T064352Z_seed20260211,AgentCorrect,VB-125,6,QueryTool,search,query_hits_reproducible,True,QueryTool,search,True,,E0,True
VBrun_scale_microbench_300_2026-02-11T064352Z_seed20260211,AgentCorrect,VB-125,7,CalcTool,sum,value_equals,True,CalcTool,sum,True,,E0,True
VBrun_scale_microbench_300_2026-02-11T064352Z_seed20260211,AgentCorrect,VB-126,1,FileTool,write_csv,artifact_written_exists,True,FileTool,write_csv,True,,E0,True
VBrun_scale_microbench_300_2026-02-11T064352Z_seed20260211,AgentCorrect,VB-126,2,FileTool,read_csv,read_after_write_dependency,True,FileTool,read_csv,True,,E0,True
VBrun_scale_microbench_300_2026-02-11T064352Z_seed20260211,AgentCorrect,VB-126,3,QueryTool,search,query_hits_reproducible,True,QueryTool,search,True,,E0,True
VBrun_scale_microbench_300_2026-02-11T064352Z_seed20260211,AgentCorrect,VB-126,4,CalcTool,sum,value_equals,True,CalcTool,sum,True,,E0,True
VBrun_scale_microbench_300_2026-02-11T064352Z_seed20260211,AgentCorrect,VB-126,5,CalcTool,sum,value_equals,True,CalcTool,sum,True,,E0,True
VBrun_scale_microbench_300_2026-02-11T064352Z_seed20260211,AgentCorrect,VB-126,6,QueryTool,search,query_hits_reproducible,True,QueryTool,search,True,,E0,True
VBrun_scale_microbench_300_2026-02-11T064352Z_seed20260211,AgentCorrect,VB-126,7,CalcTool,sum,value_equals,True,CalcTool,sum,True,,E0,True
VBrun_scale_microbench_300_2026-02-11T064352Z_seed20260211,AgentCorrect,VB-126,8,CalcTool,sum,value_equals,True,CalcTool,sum,True,,E0,True
VBrun_scale_microbench_300_2026-02-11T064352Z_seed20260211,AgentCorrect,VB-127,1,FileTool,write_csv,artifact_written_exists,True,FileTool,write_csv,True,,E0,True
VBrun_scale_microbench_300_2026-02-11T064352Z_seed20260211,AgentCorrect,VB-127,2,FileTool,read_csv,read_after_write_dependency,True,FileTool,read_csv,True,,E0,True
VBrun_scale_microbench_300_2026-02-11T064352Z_seed20260211,AgentCorrect,VB-128,1,FileTool,write_csv,artifact_written_exists,True,FileTool,write_csv,True,,E0,True
VBrun_scale_microbench_300_2026-02-11T064352Z_seed20260211,AgentCorrect,VB-128,2,FileTool,read_csv,read_after_write_dependency,True,FileTool,read_csv,True,,E0,True
VBrun_scale_microbench_300_2026-02-11T064352Z_seed20260211,AgentCorrect,VB-128,3,QueryTool,search,query_hits_reproducible,True,QueryTool,search,True,,E0,True
VBrun_scale_microbench_300_2026-02-11T064352Z_seed20260211,AgentCorrect,VB-129,1,FileTool,write_csv,artifact_written_exists,True,FileTool,write_csv,True,,E0,True
VBrun_scale_microbench_300_2026-02-11T064352Z_seed20260211,AgentCorrect,VB-129,2,FileTool,read_csv,read_after_write_dependency,True,FileTool,read_csv,True,,E0,True
VBrun_scale_microbench_300_2026-02-11T064352Z_seed20260211,AgentCorrect,VB-129,3,QueryTool,search,query_hits_reproducible,True,QueryTool,search,True,,E0,True
VBrun_scale_microbench_300_2026-02-11T064352Z_seed20260211,AgentCorrect,VB-129,4,CalcTool,sum,value_equals,True,CalcTool,sum,True,,E0,True
VBrun_scale_microbench_300_2026-02-11T064352Z_seed20260211,AgentCorrect,VB-130,1,FileTool,write_csv,artifact_written_exists,True,FileTool,write_csv,True,,E0,True
VBrun_scale_microbench_300_2026-02-11T064352Z_seed20260211,AgentCorrect,VB-130,2,FileTool,read_csv,read_after_write_dependency,True,FileTool,read_csv,True,,E0,True
VBrun_scale_microbench_300_2026-02-11T064352Z_seed20260211,AgentCorrect,VB-130,3,QueryTool,search,query_hits_reproducible,True,QueryTool,search,True,,E0,True
VBrun_scale_microbench_300_2026-02-11T064352Z_seed20260211,AgentCorrect,VB-130,4,CalcTool,sum,value_equals,True,CalcTool,sum,True,,E0,True
VBrun_scale_microbench_300_2026-02-11T064352Z_seed20260211,AgentCorrect,VB-130,5,CalcTool,sum,value_equals,True,CalcTool,sum,True,,E0,True
VBrun_scale_microbench_300_2026-02-11T064352Z_seed20260211,AgentCorrect,VB-131,1,FileTool,write_csv,artifact_written_exists,True,FileTool,write_csv,True,,E0,True
VBrun_scale_microbench_300_2026-02-11T064352Z_seed20260211,AgentCorrect,VB-131,2,FileTool,read_csv,read_after_write_dependency,True,FileTool,read_csv,True,,E0,True
VBrun_scale_microbench_300_2026-02-11T064352Z_seed20260211,AgentCorrect,VB-131,3,QueryTool,search,query_hits_reproducible,True,QueryTool,search,True,,E0,True
VBrun_scale_microbench_300_2026-02-11T064352Z_seed20260211,AgentCorrect,VB-131,4,CalcTool,sum,value_equals,True,CalcTool,sum,True,,E0,True
VBrun_scale_microbench_300_2026-02-11T064352Z_seed20260211,AgentCorrect,VB-131,5,CalcTool,sum,value_equals,True,CalcTool,sum,True,,E0,True
VBrun_scale_microbench_300_2026-02-11T064352Z_seed20260211,AgentCorrect,VB-131,6,QueryTool,search,query_hits_reproducible,True,QueryTool,search,True,,E0,True
VBrun_scale_microbench_300_2026-02-11T064352Z_seed20260211,AgentCorrect,VB-132,1,FileTool,write_csv,artifact_written_exists,True,FileTool,write_csv,True,,E0,True
VBrun_scale_microbench_300_2026-02-11T064352Z_seed20260211,AgentCorrect,VB-132,2,FileTool,read_csv,read_after_write_dependency,True,FileTool,read_csv,True,,E0,True
VBrun_scale_microbench_300_2026-02-11T064352Z_seed20260211,AgentCorrect,VB-132,3,QueryTool,search,query_hits_reproducible,True,QueryTool,search,True,,E0,True
VBrun_scale_microbench_300_2026-02-11T064352Z_seed20260211,AgentCorrect,VB-132,4,CalcTool,sum,value_equals,True,CalcTool,sum,True,,E0,True
VBrun_scale_microbench_300_2026-02-11T064352Z_seed20260211,AgentCorrect,VB-132,5,CalcTool,sum,value_equals,True,CalcTool,sum,True,,E0,True
VBrun_scale_microbench_300_2026-02-11T064352Z_seed20260211,AgentCorrect,VB-132,6,QueryTool,search,query_hits_reproducible,True,QueryTool,search,True,,E0,True
VBrun_scale_microbench_300_2026-02-11T064352Z_seed20260211,AgentCorrect,VB-132,7,CalcTool,sum,value_equals,True,CalcTool,sum,True,,E0,True
VBrun_scale_microbench_300_2026-02-11T064352Z_seed20260211,AgentCorrect,VB-133,1,FileTool,write_csv,artifact_written_exists,True,FileTool,write_csv,True,,E0,True
VBrun_scale_microbench_300_2026-02-11T064352Z_seed20260211,AgentCorrect,VB-133,2,FileTool,read_csv,read_after_write_dependency,True,FileTool,read_csv,True,,E0,True
VBrun_scale_microbench_300_2026-02-11T064352Z_seed20260211,AgentCorrect,VB-133,3,QueryTool,search,query_hits_reproducible,True,QueryTool,search,True,,E0,True
VBrun_scale_microbench_300_2026-02-11T064352Z_seed20260211,AgentCorrect,VB-133,4,CalcTool,sum,value_equals,True,CalcTool,sum,True,,E0,True
VBrun_scale_microbench_300_2026-02-11T064352Z_seed20260211,AgentCorrect,VB-133,5,CalcTool,sum,value_equals,True,CalcTool,sum,True,,E0,True
VBrun_scale_microbench_300_2026-02-11T064352Z_seed20260211,AgentCorrect,VB-133,6,QueryTool,search,query_hits_reproducible,True,QueryTool,search,True,,E0,True
VBrun_scale_microbench_300_2026-02-11T064352Z_seed20260211,AgentCorrect,VB-133,7,CalcTool,sum,value_equals,True,CalcTool,sum,True,,E0,True
VBrun_scale_microbench_300_2026-02-11T064352Z_seed20260211,AgentCorrect,VB-133,8,CalcTool,sum,value_equals,True,CalcTool,sum,True,,E0,True
VBrun_scale_microbench_300_2026-02-11T064352Z_seed20260211,AgentCorrect,VB-134,1,FileTool,write_csv,artifact_written_exists,True,FileTool,write_csv,True,,E0,True
VBrun_scale_microbench_300_2026-02-11T064352Z_seed20260211,AgentCorrect,VB-134,2,FileTool,read_csv,read_after_write_dependency,True,FileTool,read_csv,True,,E0,True
VBrun_scale_microbench_300_2026-02-11T064352Z_seed20260211,AgentCorrect,VB-135,1,FileTool,write_csv,artifact_written_exists,True,FileTool,write_csv,True,,E0,True
VBrun_scale_microbench_300_2026-02-11T064352Z_seed20260211,AgentCorrect,VB-135,2,FileTool,read_csv,read_after_write_dependency,True,FileTool,read_csv,True,,E0,True
VBrun_scale_microbench_300_2026-02-11T064352Z_seed20260211,AgentCorrect,VB-135,3,QueryTool,search,query_hits_reproducible,True,QueryTool,search,True,,E0,True
VBrun_scale_microbench_300_2026-02-11T064352Z_seed20260211,AgentCorrect,VB-136,1,FileTool,write_csv,artifact_written_exists,True,FileTool,write_csv,True,,E0,True
VBrun_scale_microbench_300_2026-02-11T064352Z_seed20260211,AgentCorrect,VB-136,2,FileTool,read_csv,read_after_write_dependency,True,FileTool,read_csv,True,,E0,True
VBrun_scale_microbench_300_2026-02-11T064352Z_seed20260211,AgentCorrect,VB-136,3,QueryTool,search,query_hits_reproducible,True,QueryTool,search,True,,E0,True
VBrun_scale_microbench_300_2026-02-11T064352Z_seed20260211,AgentCorrect,VB-136,4,CalcTool,sum,value_equals,True,CalcTool,sum,True,,E0,True
VBrun_scale_microbench_300_2026-02-11T064352Z_seed20260211,AgentCorrect,VB-137,1,FileTool,write_csv,artifact_written_exists,True,FileTool,write_csv,True,,E0,True
VBrun_scale_microbench_300_2026-02-11T064352Z_seed20260211,AgentCorrect,VB-137,2,FileTool,read_csv,read_after_write_dependency,True,FileTool,read_csv,True,,E0,True
VBrun_scale_microbench_300_2026-02-11T064352Z_seed20260211,AgentCorrect,VB-137,3,QueryTool,search,query_hits_reproducible,True,QueryTool,search,True,,E0,True
VBrun_scale_microbench_300_2026-02-11T064352Z_seed20260211,AgentCorrect,VB-137,4,CalcTool,sum,value_equals,True,CalcTool,sum,True,,E0,True
VBrun_scale_microbench_300_2026-02-11T064352Z_seed20260211,AgentCorrect,VB-137,5,CalcTool,sum,value_equals,True,CalcTool,sum,True,,E0,True
VBrun_scale_microbench_300_2026-02-11T064352Z_seed20260211,AgentCorrect,VB-138,1,FileTool,write_csv,artifact_written_exists,True,FileTool,write_csv,True,,E0,True
VBrun_scale_microbench_300_2026-02-11T064352Z_seed20260211,AgentCorrect,VB-138,2,FileTool,read_csv,read_after_write_dependency,True,FileTool,read_csv,True,,E0,True
VBrun_scale_microbench_300_2026-02-11T064352Z_seed20260211,AgentCorrect,VB-138,3,QueryTool,search,query_hits_reproducible,True,QueryTool,search,True,,E0,True
VBrun_scale_microbench_300_2026-02-11T064352Z_seed20260211,AgentCorrect,VB-138,4,CalcTool,sum,value_equals,True,CalcTool,sum,True,,E0,True
VBrun_scale_microbench_300_2026-02-11T064352Z_seed20260211,AgentCorrect,VB-138,5,CalcTool,sum,value_equals,True,CalcTool,sum,True,,E0,True
VBrun_scale_microbench_300_2026-02-11T064352Z_seed20260211,AgentCorrect,VB-138,6,QueryTool,search,query_hits_reproducible,True,QueryTool,search,True,,E0,True
VBrun_scale_microbench_300_2026-02-11T064352Z_seed20260211,AgentCorrect,VB-139,1,FileTool,write_csv,artifact_written_exists,True,FileTool,write_csv,True,,E0,True
VBrun_scale_microbench_300_2026-02-11T064352Z_seed20260211,AgentCorrect,VB-139,2,FileTool,read_csv,read_after_write_dependency,True,FileTool,read_csv,True,,E0,True
VBrun_scale_microbench_300_2026-02-11T064352Z_seed20260211,AgentCorrect,VB-139,3,QueryTool,search,query_hits_reproducible,True,QueryTool,search,True,,E0,True
VBrun_scale_microbench_300_2026-02-11T064352Z_seed20260211,AgentCorrect,VB-139,4,CalcTool,sum,value_equals,True,CalcTool,sum,True,,E0,True
VBrun_scale_microbench_300_2026-02-11T064352Z_seed20260211,AgentCorrect,VB-139,5,CalcTool,sum,value_equals,True,CalcTool,sum,True,,E0,True
VBrun_scale_microbench_300_2026-02-11T064352Z_seed20260211,AgentCorrect,VB-139,6,QueryTool,search,query_hits_reproducible,True,QueryTool,search,True,,E0,True
VBrun_scale_microbench_300_2026-02-11T064352Z_seed20260211,AgentCorrect,VB-139,7,CalcTool,sum,value_equals,True,CalcTool,sum,True,,E0,True
VBrun_scale_microbench_300_2026-02-11T064352Z_seed20260211,AgentCorrect,VB-140,1,FileTool,write_csv,artifact_written_exists,True,FileTool,write_csv,True,,E0,True
VBrun_scale_microbench_300_2026-02-11T064352Z_seed20260211,AgentCorrect,VB-140,2,FileTool,read_csv,read_after_write_dependency,True,FileTool,read_csv,True,,E0,True
VBrun_scale_microbench_300_2026-02-11T064352Z_seed20260211,AgentCorrect,VB-140,3,QueryTool,search,query_hits_reproducible,True,QueryTool,search,True,,E0,True
VBrun_scale_microbench_300_2026-02-11T064352Z_seed20260211,AgentCorrect,VB-140,4,CalcTool,sum,value_equals,True,CalcTool,sum,True,,E0,True
VBrun_scale_microbench_300_2026-02-11T064352Z_seed20260211,AgentCorrect,VB-140,5,CalcTool,sum,value_equals,True,CalcTool,sum,True,,E0,True
VBrun_scale_microbench_300_2026-02-11T064352Z_seed20260211,AgentCorrect,VB-140,6,QueryTool,search,query_hits_reproducible,True,QueryTool,search,True,,E0,True
VBrun_scale_microbench_300_2026-02-11T064352Z_seed20260211,AgentCorrect,VB-140,7,CalcTool,sum,value_equals,True,CalcTool,sum,True,,E0,True
VBrun_scale_microbench_300_2026-02-11T064352Z_seed20260211,AgentCorrect,VB-140,8,CalcTool,sum,value_equals,True,CalcTool,sum,True,,E0,True
VBrun_scale_microbench_300_2026-02-11T064352Z_seed20260211,AgentCorrect,VB-141,1,FileTool,write_csv,artifact_written_exists,True,FileTool,write_csv,True,,E0,True
VBrun_scale_microbench_300_2026-02-11T064352Z_seed20260211,AgentCorrect,VB-141,2,FileTool,read_csv,read_after_write_dependency,True,FileTool,read_csv,True,,E0,True
VBrun_scale_microbench_300_2026-02-11T064352Z_seed20260211,AgentCorrect,VB-142,1,FileTool,write_csv,artifact_written_exists,True,FileTool,write_csv,True,,E0,True
VBrun_scale_microbench_300_2026-02-11T064352Z_seed20260211,AgentCorrect,VB-142,2,FileTool,read_csv,read_after_write_dependency,True,FileTool,read_csv,True,,E0,True
VBrun_scale_microbench_300_2026-02-11T064352Z_seed20260211,AgentCorrect,VB-142,3,QueryTool,search,query_hits_reproducible,True,QueryTool,search,True,,E0,True
VBrun_scale_microbench_300_2026-02-11T064352Z_seed20260211,AgentCorrect,VB-143,1,FileTool,write_csv,artifact_written_exists,True,FileTool,write_csv,True,,E0,True
VBrun_scale_microbench_300_2026-02-11T064352Z_seed20260211,AgentCorrect,VB-143,2,FileTool,read_csv,read_after_write_dependency,True,FileTool,read_csv,True,,E0,True
VBrun_scale_microbench_300_2026-02-11T064352Z_seed20260211,AgentCorrect,VB-143,3,QueryTool,search,query_hits_reproducible,True,QueryTool,search,True,,E0,True
VBrun_scale_microbench_300_2026-02-11T064352Z_seed20260211,AgentCorrect,VB-143,4,CalcTool,sum,value_equals,True,CalcTool,sum,True,,E0,True
VBrun_scale_microbench_300_2026-02-11T064352Z_seed20260211,AgentCorrect,VB-144,1,FileTool,write_csv,artifact_written_exists,True,FileTool,write_csv,True,,E0,True
VBrun_scale_microbench_300_2026-02-11T064352Z_seed20260211,AgentCorrect,VB-144,2,FileTool,read_csv,read_after_write_dependency,True,FileTool,read_csv,True,,E0,True
VBrun_scale_microbench_300_2026-02-11T064352Z_seed20260211,AgentCorrect,VB-144,3,QueryTool,search,query_hits_reproducible,True,QueryTool,search,True,,E0,True
VBrun_scale_microbench_300_2026-02-11T064352Z_seed20260211,AgentCorrect,VB-144,4,CalcTool,sum,value_equals,True,CalcTool,sum,True,,E0,True
VBrun_scale_microbench_300_2026-02-11T064352Z_seed20260211,AgentCorrect,VB-144,5,CalcTool,sum,value_equals,True,CalcTool,sum,True,,E0,True
VBrun_scale_microbench_300_2026-02-11T064352Z_seed20260211,AgentCorrect,VB-145,1,FileTool,write_csv,artifact_written_exists,True,FileTool,write_csv,True,,E0,True
VBrun_scale_microbench_300_2026-02-11T064352Z_seed20260211,AgentCorrect,VB-145,2,FileTool,read_csv,read_after_write_dependency,True,FileTool,read_csv,True,,E0,True
VBrun_scale_microbench_300_2026-02-11T064352Z_seed20260211,AgentCorrect,VB-145,3,QueryTool,search,query_hits_reproducible,True,QueryTool,search,True,,E0,True
VBrun_scale_microbench_300_2026-02-11T064352Z_seed20260211,AgentCorrect,VB-145,4,CalcTool,sum,value_equals,True,CalcTool,sum,True,,E0,True
VBrun_scale_microbench_300_2026-02-11T064352Z_seed20260211,AgentCorrect,VB-145,5,CalcTool,sum,value_equals,True,CalcTool,sum,True,,E0,True
VBrun_scale_microbench_300_2026-02-11T064352Z_seed20260211,AgentCorrect,VB-145,6,QueryTool,search,query_hits_reproducible,True,QueryTool,search,True,,E0,True
VBrun_scale_microbench_300_2026-02-11T064352Z_seed20260211,AgentCorrect,VB-146,1,FileTool,write_csv,artifact_written_exists,True,FileTool,write_csv,True,,E0,True
VBrun_scale_microbench_300_2026-02-11T064352Z_seed20260211,AgentCorrect,VB-146,2,FileTool,read_csv,read_after_write_dependency,True,FileTool,read_csv,True,,E0,True
VBrun_scale_microbench_300_2026-02-11T064352Z_seed20260211,AgentCorrect,VB-146,3,QueryTool,search,query_hits_reproducible,True,QueryTool,search,True,,E0,True
VBrun_scale_microbench_300_2026-02-11T064352Z_seed20260211,AgentCorrect,VB-146,4,CalcTool,sum,value_equals,True,CalcTool,sum,True,,E0,True
VBrun_scale_microbench_300_2026-02-11T064352Z_seed20260211,AgentCorrect,VB-146,5,CalcTool,sum,value_equals,True,CalcTool,sum,True,,E0,True
VBrun_scale_microbench_300_2026-02-11T064352Z_seed20260211,AgentCorrect,VB-146,6,QueryTool,search,query_hits_reproducible,True,QueryTool,search,True,,E0,True
VBrun_scale_microbench_300_2026-02-11T064352Z_seed20260211,AgentCorrect,VB-146,7,CalcTool,sum,value_equals,True,CalcTool,sum,True,,E0,True
VBrun_scale_microbench_300_2026-02-11T064352Z_seed20260211,AgentCorrect,VB-147,1,FileTool,write_csv,artifact_written_exists,True,FileTool,write_csv,True,,E0,True
VBrun_scale_microbench_300_2026-02-11T064352Z_seed20260211,AgentCorrect,VB-147,2,FileTool,read_csv,read_after_write_dependency,True,FileTool,read_csv,True,,E0,True
VBrun_scale_microbench_300_2026-02-11T064352Z_seed20260211,AgentCorrect,VB-147,3,QueryTool,search,query_hits_reproducible,True,QueryTool,search,True,,E0,True
VBrun_scale_microbench_300_2026-02-11T064352Z_seed20260211,AgentCorrect,VB-147,4,CalcTool,sum,value_equals,True,CalcTool,sum,True,,E0,True
VBrun_scale_microbench_300_2026-02-11T064352Z_seed20260211,AgentCorrect,VB-147,5,CalcTool,sum,value_equals,True,CalcTool,sum,True,,E0,True
VBrun_scale_microbench_300_2026-02-11T064352Z_seed20260211,AgentCorrect,VB-147,6,QueryTool,search,query_hits_reproducible,True,QueryTool,search,True,,E0,True
VBrun_scale_microbench_300_2026-02-11T064352Z_seed20260211,AgentCorrect,VB-147,7,CalcTool,sum,value_equals,True,CalcTool,sum,True,,E0,True
VBrun_scale_microbench_300_2026-02-11T064352Z_seed20260211,AgentCorrect,VB-147,8,CalcTool,sum,value_equals,True,CalcTool,sum,True,,E0,True
VBrun_scale_microbench_300_2026-02-11T064352Z_seed20260211,AgentCorrect,VB-148,1,FileTool,write_csv,artifact_written_exists,True,FileTool,write_csv,True,,E0,True
VBrun_scale_microbench_300_2026-02-11T064352Z_seed20260211,AgentCorrect,VB-148,2,FileTool,read_csv,read_after_write_dependency,True,FileTool,read_csv,True,,E0,True
VBrun_scale_microbench_300_2026-02-11T064352Z_seed20260211,AgentCorrect,VB-149,1,FileTool,write_csv,artifact_written_exists,True,FileTool,write_csv,True,,E0,True
VBrun_scale_microbench_300_2026-02-11T064352Z_seed20260211,AgentCorrect,VB-149,2,FileTool,read_csv,read_after_write_dependency,True,FileTool,read_csv,True,,E0,True
VBrun_scale_microbench_300_2026-02-11T064352Z_seed20260211,AgentCorrect,VB-149,3,QueryTool,search,query_hits_reproducible,True,QueryTool,search,True,,E0,True
VBrun_scale_microbench_300_2026-02-11T064352Z_seed20260211,AgentCorrect,VB-150,1,FileTool,write_csv,artifact_written_exists,True,FileTool,write_csv,True,,E0,True
VBrun_scale_microbench_300_2026-02-11T064352Z_seed20260211,AgentCorrect,VB-150,2,FileTool,read_csv,read_after_write_dependency,True,FileTool,read_csv,True,,E0,True
VBrun_scale_microbench_300_2026-02-11T064352Z_seed20260211,AgentCorrect,VB-150,3,QueryTool,search,query_hits_reproducible,True,QueryTool,search,True,,E0,True
VBrun_scale_microbench_300_2026-02-11T064352Z_seed20260211,AgentCorrect,VB-150,4,CalcTool,sum,value_equals,True,CalcTool,sum,True,,E0,True
VBrun_scale_microbench_300_2026-02-11T064352Z_seed20260211,AgentCorrect,VB-151,1,FileTool,write_csv,artifact_written_exists,True,FileTool,write_csv,True,,E0,True
VBrun_scale_microbench_300_2026-02-11T064352Z_seed20260211,AgentCorrect,VB-151,2,FileTool,read_csv,read_after_write_dependency,True,FileTool,read_csv,True,,E0,True
VBrun_scale_microbench_300_2026-02-11T064352Z_seed20260211,AgentCorrect,VB-151,3,QueryTool,search,query_hits_reproducible,True,QueryTool,search,True,,E0,True
VBrun_scale_microbench_300_2026-02-11T064352Z_seed20260211,AgentCorrect,VB-151,4,CalcTool,sum,value_equals,True,CalcTool,sum,True,,E0,True
VBrun_scale_microbench_300_2026-02-11T064352Z_seed20260211,AgentCorrect,VB-151,5,CalcTool,sum,value_equals,True,CalcTool,sum,True,,E0,True
VBrun_scale_microbench_300_2026-02-11T064352Z_seed20260211,AgentCorrect,VB-152,1,FileTool,write_csv,artifact_written_exists,True,FileTool,write_csv,True,,E0,True
VBrun_scale_microbench_300_2026-02-11T064352Z_seed20260211,AgentCorrect,VB-152,2,FileTool,read_csv,read_after_write_dependency,True,FileTool,read_csv,True,,E0,True
VBrun_scale_microbench_300_2026-02-11T064352Z_seed20260211,AgentCorrect,VB-152,3,QueryTool,search,query_hits_reproducible,True,QueryTool,search,True,,E0,True
VBrun_scale_microbench_300_2026-02-11T064352Z_seed20260211,AgentCorrect,VB-152,4,CalcTool,sum,value_equals,True,CalcTool,sum,True,,E0,True
VBrun_scale_microbench_300_2026-02-11T064352Z_seed20260211,AgentCorrect,VB-152,5,CalcTool,sum,value_equals,True,CalcTool,sum,True,,E0,True
VBrun_scale_microbench_300_2026-02-11T064352Z_seed20260211,AgentCorrect,VB-152,6,QueryTool,search,query_hits_reproducible,True,QueryTool,search,True,,E0,True
VBrun_scale_microbench_300_2026-02-11T064352Z_seed20260211,AgentCorrect,VB-153,1,FileTool,write_csv,artifact_written_exists,True,FileTool,write_csv,True,,E0,True
VBrun_scale_microbench_300_2026-02-11T064352Z_seed20260211,AgentCorrect,VB-153,2,FileTool,read_csv,read_after_write_dependency,True,FileTool,read_csv,True,,E0,True
VBrun_scale_microbench_300_2026-02-11T064352Z_seed20260211,AgentCorrect,VB-153,3,QueryTool,search,query_hits_reproducible,True,QueryTool,search,True,,E0,True
VBrun_scale_microbench_300_2026-02-11T064352Z_seed20260211,AgentCorrect,VB-153,4,CalcTool,sum,value_equals,True,CalcTool,sum,True,,E0,True
VBrun_scale_microbench_300_2026-02-11T064352Z_seed20260211,AgentCorrect,VB-153,5,CalcTool,sum,value_equals,True,CalcTool,sum,True,,E0,True
VBrun_scale_microbench_300_2026-02-11T064352Z_seed20260211,AgentCorrect,VB-153,6,QueryTool,search,query_hits_reproducible,True,QueryTool,search,True,,E0,True
VBrun_scale_microbench_300_2026-02-11T064352Z_seed20260211,AgentCorrect,VB-153,7,CalcTool,sum,value_equals,True,CalcTool,sum,True,,E0,True
VBrun_scale_microbench_300_2026-02-11T064352Z_seed20260211,AgentCorrect,VB-154,1,FileTool,write_csv,artifact_written_exists,True,FileTool,write_csv,True,,E0,True
VBrun_scale_microbench_300_2026-02-11T064352Z_seed20260211,AgentCorrect,VB-154,2,FileTool,read_csv,read_after_write_dependency,True,FileTool,read_csv,True,,E0,True
VBrun_scale_microbench_300_2026-02-11T064352Z_seed20260211,AgentCorrect,VB-154,3,QueryTool,search,query_hits_reproducible,True,QueryTool,search,True,,E0,True
VBrun_scale_microbench_300_2026-02-11T064352Z_seed20260211,AgentCorrect,VB-154,4,CalcTool,sum,value_equals,True,CalcTool,sum,True,,E0,True
VBrun_scale_microbench_300_2026-02-11T064352Z_seed20260211,AgentCorrect,VB-154,5,CalcTool,sum,value_equals,True,CalcTool,sum,True,,E0,True
VBrun_scale_microbench_300_2026-02-11T064352Z_seed20260211,AgentCorrect,VB-154,6,QueryTool,search,query_hits_reproducible,True,QueryTool,search,True,,E0,True
VBrun_scale_microbench_300_2026-02-11T064352Z_seed20260211,AgentCorrect,VB-154,7,CalcTool,sum,value_equals,True,CalcTool,sum,True,,E0,True
VBrun_scale_microbench_300_2026-02-11T064352Z_seed20260211,AgentCorrect,VB-154,8,CalcTool,sum,value_equals,True,CalcTool,sum,True,,E0,True
VBrun_scale_microbench_300_2026-02-11T064352Z_seed20260211,AgentCorrect,VB-155,1,FileTool,write_csv,artifact_written_exists,True,FileTool,write_csv,True,,E0,True
VBrun_scale_microbench_300_2026-02-11T064352Z_seed20260211,AgentCorrect,VB-155,2,FileTool,read_csv,read_after_write_dependency,True,FileTool,read_csv,True,,E0,True
VBrun_scale_microbench_300_2026-02-11T064352Z_seed20260211,AgentCorrect,VB-156,1,FileTool,write_csv,artifact_written_exists,True,FileTool,write_csv,True,,E0,True
VBrun_scale_microbench_300_2026-02-11T064352Z_seed20260211,AgentCorrect,VB-156,2,FileTool,read_csv,read_after_write_dependency,True,FileTool,read_csv,True,,E0,True
VBrun_scale_microbench_300_2026-02-11T064352Z_seed20260211,AgentCorrect,VB-156,3,QueryTool,search,query_hits_reproducible,True,QueryTool,search,True,,E0,True
VBrun_scale_microbench_300_2026-02-11T064352Z_seed20260211,AgentCorrect,VB-157,1,FileTool,write_csv,artifact_written_exists,True,FileTool,write_csv,True,,E0,True
VBrun_scale_microbench_300_2026-02-11T064352Z_seed20260211,AgentCorrect,VB-157,2,FileTool,read_csv,read_after_write_dependency,True,FileTool,read_csv,True,,E0,True
VBrun_scale_microbench_300_2026-02-11T064352Z_seed20260211,AgentCorrect,VB-157,3,QueryTool,search,query_hits_reproducible,True,QueryTool,search,True,,E0,True
VBrun_scale_microbench_300_2026-02-11T064352Z_seed20260211,AgentCorrect,VB-157,4,CalcTool,sum,value_equals,True,CalcTool,sum,True,,E0,True
VBrun_scale_microbench_300_2026-02-11T064352Z_seed20260211,AgentCorrect,VB-158,1,FileTool,write_csv,artifact_written_exists,True,FileTool,write_csv,True,,E0,True
VBrun_scale_microbench_300_2026-02-11T064352Z_seed20260211,AgentCorrect,VB-158,2,FileTool,read_csv,read_after_write_dependency,True,FileTool,read_csv,True,,E0,True
VBrun_scale_microbench_300_2026-02-11T064352Z_seed20260211,AgentCorrect,VB-158,3,QueryTool,search,query_hits_reproducible,True,QueryTool,search,True,,E0,True
VBrun_scale_microbench_300_2026-02-11T064352Z_seed20260211,AgentCorrect,VB-158,4,CalcTool,sum,value_equals,True,CalcTool,sum,True,,E0,True
VBrun_scale_microbench_300_2026-02-11T064352Z_seed20260211,AgentCorrect,VB-158,5,CalcTool,sum,value_equals,True,CalcTool,sum,True,,E0,True
VBrun_scale_microbench_300_2026-02-11T064352Z_seed20260211,AgentCorrect,VB-159,1,FileTool,write_csv,artifact_written_exists,True,FileTool,write_csv,True,,E0,True
VBrun_scale_microbench_300_2026-02-11T064352Z_seed20260211,AgentCorrect,VB-159,2,FileTool,read_csv,read_after_write_dependency,True,FileTool,read_csv,True,,E0,True
VBrun_scale_microbench_300_2026-02-11T064352Z_seed20260211,AgentCorrect,VB-159,3,QueryTool,search,query_hits_reproducible,True,QueryTool,search,True,,E0,True
VBrun_scale_microbench_300_2026-02-11T064352Z_seed20260211,AgentCorrect,VB-159,4,CalcTool,sum,value_equals,True,CalcTool,sum,True,,E0,True
VBrun_scale_microbench_300_2026-02-11T064352Z_seed20260211,AgentCorrect,VB-159,5,CalcTool,sum,value_equals,True,CalcTool,sum,True,,E0,True
VBrun_scale_microbench_300_2026-02-11T064352Z_seed20260211,AgentCorrect,VB-159,6,QueryTool,search,query_hits_reproducible,True,QueryTool,search,True,,E0,True
VBrun_scale_microbench_300_2026-02-11T064352Z_seed20260211,AgentCorrect,VB-160,1,FileTool,write_csv,artifact_written_exists,True,FileTool,write_csv,True,,E0,True
VBrun_scale_microbench_300_2026-02-11T064352Z_seed20260211,AgentCorrect,VB-160,2,FileTool,read_csv,read_after_write_dependency,True,FileTool,read_csv,True,,E0,True
VBrun_scale_microbench_300_2026-02-11T064352Z_seed20260211,AgentCorrect,VB-160,3,QueryTool,search,query_hits_reproducible,True,QueryTool,search,True,,E0,True
VBrun_scale_microbench_300_2026-02-11T064352Z_seed20260211,AgentCorrect,VB-160,4,CalcTool,sum,value_equals,True,CalcTool,sum,True,,E0,True
VBrun_scale_microbench_300_2026-02-11T064352Z_seed20260211,AgentCorrect,VB-160,5,CalcTool,sum,value_equals,True,CalcTool,sum,True,,E0,True
VBrun_scale_microbench_300_2026-02-11T064352Z_seed20260211,AgentCorrect,VB-160,6,QueryTool,search,query_hits_reproducible,True,QueryTool,search,True,,E0,True
VBrun_scale_microbench_300_2026-02-11T064352Z_seed20260211,AgentCorrect,VB-160,7,CalcTool,sum,value_equals,True,CalcTool,sum,True,,E0,True
VBrun_scale_microbench_300_2026-02-11T064352Z_seed20260211,AgentCorrect,VB-161,1,FileTool,write_csv,artifact_written_exists,True,FileTool,write_csv,True,,E0,True
VBrun_scale_microbench_300_2026-02-11T064352Z_seed20260211,AgentCorrect,VB-161,2,FileTool,read_csv,read_after_write_dependency,True,FileTool,read_csv,True,,E0,True
VBrun_scale_microbench_300_2026-02-11T064352Z_seed20260211,AgentCorrect,VB-161,3,QueryTool,search,query_hits_reproducible,True,QueryTool,search,True,,E0,True
VBrun_scale_microbench_300_2026-02-11T064352Z_seed20260211,AgentCorrect,VB-161,4,CalcTool,sum,value_equals,True,CalcTool,sum,True,,E0,True
VBrun_scale_microbench_300_2026-02-11T064352Z_seed20260211,AgentCorrect,VB-161,5,CalcTool,sum,value_equals,True,CalcTool,sum,True,,E0,True
VBrun_scale_microbench_300_2026-02-11T064352Z_seed20260211,AgentCorrect,VB-161,6,QueryTool,search,query_hits_reproducible,True,QueryTool,search,True,,E0,True
VBrun_scale_microbench_300_2026-02-11T064352Z_seed20260211,AgentCorrect,VB-161,7,CalcTool,sum,value_equals,True,CalcTool,sum,True,,E0,True
VBrun_scale_microbench_300_2026-02-11T064352Z_seed20260211,AgentCorrect,VB-161,8,CalcTool,sum,value_equals,True,CalcTool,sum,True,,E0,True
VBrun_scale_microbench_300_2026-02-11T064352Z_seed20260211,AgentCorrect,VB-162,1,FileTool,write_csv,artifact_written_exists,True,FileTool,write_csv,True,,E0,True
VBrun_scale_microbench_300_2026-02-11T064352Z_seed20260211,AgentCorrect,VB-162,2,FileTool,read_csv,read_after_write_dependency,True,FileTool,read_csv,True,,E0,True
VBrun_scale_microbench_300_2026-02-11T064352Z_seed20260211,AgentCorrect,VB-163,1,FileTool,write_csv,artifact_written_exists,True,FileTool,write_csv,True,,E0,True
VBrun_scale_microbench_300_2026-02-11T064352Z_seed20260211,AgentCorrect,VB-163,2,FileTool,read_csv,read_after_write_dependency,True,FileTool,read_csv,True,,E0,True
VBrun_scale_microbench_300_2026-02-11T064352Z_seed20260211,AgentCorrect,VB-163,3,QueryTool,search,query_hits_reproducible,True,QueryTool,search,True,,E0,True
VBrun_scale_microbench_300_2026-02-11T064352Z_seed20260211,AgentCorrect,VB-164,1,FileTool,write_csv,artifact_written_exists,True,FileTool,write_csv,True,,E0,True
VBrun_scale_microbench_300_2026-02-11T064352Z_seed20260211,AgentCorrect,VB-164,2,FileTool,read_csv,read_after_write_dependency,True,FileTool,read_csv,True,,E0,True
VBrun_scale_microbench_300_2026-02-11T064352Z_seed20260211,AgentCorrect,VB-164,3,QueryTool,search,query_hits_reproducible,True,QueryTool,search,True,,E0,True
VBrun_scale_microbench_300_2026-02-11T064352Z_seed20260211,AgentCorrect,VB-164,4,CalcTool,sum,value_equals,True,CalcTool,sum,True,,E0,True
VBrun_scale_microbench_300_2026-02-11T064352Z_seed20260211,AgentCorrect,VB-165,1,FileTool,write_csv,artifact_written_exists,True,FileTool,write_csv,True,,E0,True
VBrun_scale_microbench_300_2026-02-11T064352Z_seed20260211,AgentCorrect,VB-165,2,FileTool,read_csv,read_after_write_dependency,True,FileTool,read_csv,True,,E0,True
VBrun_scale_microbench_300_2026-02-11T064352Z_seed20260211,AgentCorrect,VB-165,3,QueryTool,search,query_hits_reproducible,True,QueryTool,search,True,,E0,True
VBrun_scale_microbench_300_2026-02-11T064352Z_seed20260211,AgentCorrect,VB-165,4,CalcTool,sum,value_equals,True,CalcTool,sum,True,,E0,True
VBrun_scale_microbench_300_2026-02-11T064352Z_seed20260211,AgentCorrect,VB-165,5,CalcTool,sum,value_equals,True,CalcTool,sum,True,,E0,True
VBrun_scale_microbench_300_2026-02-11T064352Z_seed20260211,AgentCorrect,VB-166,1,FileTool,write_csv,artifact_written_exists,True,FileTool,write_csv,True,,E0,True
VBrun_scale_microbench_300_2026-02-11T064352Z_seed20260211,AgentCorrect,VB-166,2,FileTool,read_csv,read_after_write_dependency,True,FileTool,read_csv,True,,E0,True
VBrun_scale_microbench_300_2026-02-11T064352Z_seed20260211,AgentCorrect,VB-166,3,QueryTool,search,query_hits_reproducible,True,QueryTool,search,True,,E0,True
VBrun_scale_microbench_300_2026-02-11T064352Z_seed20260211,AgentCorrect,VB-166,4,CalcTool,sum,value_equals,True,CalcTool,sum,True,,E0,True
VBrun_scale_microbench_300_2026-02-11T064352Z_seed20260211,AgentCorrect,VB-166,5,CalcTool,sum,value_equals,True,CalcTool,sum,True,,E0,True
VBrun_scale_microbench_300_2026-02-11T064352Z_seed20260211,AgentCorrect,VB-166,6,QueryTool,search,query_hits_reproducible,True,QueryTool,search,True,,E0,True
VBrun_scale_microbench_300_2026-02-11T064352Z_seed20260211,AgentCorrect,VB-167,1,FileTool,write_csv,artifact_written_exists,True,FileTool,write_csv,True,,E0,True
VBrun_scale_microbench_300_2026-02-11T064352Z_seed20260211,AgentCorrect,VB-167,2,FileTool,read_csv,read_after_write_dependency,True,FileTool,read_csv,True,,E0,True
VBrun_scale_microbench_300_2026-02-11T064352Z_seed20260211,AgentCorrect,VB-167,3,QueryTool,search,query_hits_reproducible,True,QueryTool,search,True,,E0,True
VBrun_scale_microbench_300_2026-02-11T064352Z_seed20260211,AgentCorrect,VB-167,4,CalcTool,sum,value_equals,True,CalcTool,sum,True,,E0,True
VBrun_scale_microbench_300_2026-02-11T064352Z_seed20260211,AgentCorrect,VB-167,5,CalcTool,sum,value_equals,True,CalcTool,sum,True,,E0,True
VBrun_scale_microbench_300_2026-02-11T064352Z_seed20260211,AgentCorrect,VB-167,6,QueryTool,search,query_hits_reproducible,True,QueryTool,search,True,,E0,True
VBrun_scale_microbench_300_2026-02-11T064352Z_seed20260211,AgentCorrect,VB-167,7,CalcTool,sum,value_equals,True,CalcTool,sum,True,,E0,True
VBrun_scale_microbench_300_2026-02-11T064352Z_seed20260211,AgentCorrect,VB-168,1,FileTool,write_csv,artifact_written_exists,True,FileTool,write_csv,True,,E0,True
VBrun_scale_microbench_300_2026-02-11T064352Z_seed20260211,AgentCorrect,VB-168,2,FileTool,read_csv,read_after_write_dependency,True,FileTool,read_csv,True,,E0,True
VBrun_scale_microbench_300_2026-02-11T064352Z_seed20260211,AgentCorrect,VB-168,3,QueryTool,search,query_hits_reproducible,True,QueryTool,search,True,,E0,True
VBrun_scale_microbench_300_2026-02-11T064352Z_seed20260211,AgentCorrect,VB-168,4,CalcTool,sum,value_equals,True,CalcTool,sum,True,,E0,True
VBrun_scale_microbench_300_2026-02-11T064352Z_seed20260211,AgentCorrect,VB-168,5,CalcTool,sum,value_equals,True,CalcTool,sum,True,,E0,True
VBrun_scale_microbench_300_2026-02-11T064352Z_seed20260211,AgentCorrect,VB-168,6,QueryTool,search,query_hits_reproducible,True,QueryTool,search,True,,E0,True
VBrun_scale_microbench_300_2026-02-11T064352Z_seed20260211,AgentCorrect,VB-168,7,CalcTool,sum,value_equals,True,CalcTool,sum,True,,E0,True
VBrun_scale_microbench_300_2026-02-11T064352Z_seed20260211,AgentCorrect,VB-168,8,CalcTool,sum,value_equals,True,CalcTool,sum,True,,E0,True
VBrun_scale_microbench_300_2026-02-11T064352Z_seed20260211,AgentCorrect,VB-169,1,FileTool,write_csv,artifact_written_exists,True,FileTool,write_csv,True,,E0,True
VBrun_scale_microbench_300_2026-02-11T064352Z_seed20260211,AgentCorrect,VB-169,2,FileTool,read_csv,read_after_write_dependency,True,FileTool,read_csv,True,,E0,True
VBrun_scale_microbench_300_2026-02-11T064352Z_seed20260211,AgentCorrect,VB-170,1,FileTool,write_csv,artifact_written_exists,True,FileTool,write_csv,True,,E0,True
VBrun_scale_microbench_300_2026-02-11T064352Z_seed20260211,AgentCorrect,VB-170,2,FileTool,read_csv,read_after_write_dependency,True,FileTool,read_csv,True,,E0,True
VBrun_scale_microbench_300_2026-02-11T064352Z_seed20260211,AgentCorrect,VB-170,3,QueryTool,search,query_hits_reproducible,True,QueryTool,search,True,,E0,True
VBrun_scale_microbench_300_2026-02-11T064352Z_seed20260211,AgentCorrect,VB-171,1,FileTool,write_csv,artifact_written_exists,True,FileTool,write_csv,True,,E0,True
VBrun_scale_microbench_300_2026-02-11T064352Z_seed20260211,AgentCorrect,VB-171,2,FileTool,read_csv,read_after_write_dependency,True,FileTool,read_csv,True,,E0,True
VBrun_scale_microbench_300_2026-02-11T064352Z_seed20260211,AgentCorrect,VB-171,3,QueryTool,search,query_hits_reproducible,True,QueryTool,search,True,,E0,True
VBrun_scale_microbench_300_2026-02-11T064352Z_seed20260211,AgentCorrect,VB-171,4,CalcTool,sum,value_equals,True,CalcTool,sum,True,,E0,True
VBrun_scale_microbench_300_2026-02-11T064352Z_seed20260211,AgentCorrect,VB-172,1,FileTool,write_csv,artifact_written_exists,True,FileTool,write_csv,True,,E0,True
VBrun_scale_microbench_300_2026-02-11T064352Z_seed20260211,AgentCorrect,VB-172,2,FileTool,read_csv,read_after_write_dependency,True,FileTool,read_csv,True,,E0,True
VBrun_scale_microbench_300_2026-02-11T064352Z_seed20260211,AgentCorrect,VB-172,3,QueryTool,search,query_hits_reproducible,True,QueryTool,search,True,,E0,True
VBrun_scale_microbench_300_2026-02-11T064352Z_seed20260211,AgentCorrect,VB-172,4,CalcTool,sum,value_equals,True,CalcTool,sum,True,,E0,True
VBrun_scale_microbench_300_2026-02-11T064352Z_seed20260211,AgentCorrect,VB-172,5,CalcTool,sum,value_equals,True,CalcTool,sum,True,,E0,True
VBrun_scale_microbench_300_2026-02-11T064352Z_seed20260211,AgentCorrect,VB-173,1,FileTool,write_csv,artifact_written_exists,True,FileTool,write_csv,True,,E0,True
VBrun_scale_microbench_300_2026-02-11T064352Z_seed20260211,AgentCorrect,VB-173,2,FileTool,read_csv,read_after_write_dependency,True,FileTool,read_csv,True,,E0,True
VBrun_scale_microbench_300_2026-02-11T064352Z_seed20260211,AgentCorrect,VB-173,3,QueryTool,search,query_hits_reproducible,True,QueryTool,search,True,,E0,True
VBrun_scale_microbench_300_2026-02-11T064352Z_seed20260211,AgentCorrect,VB-173,4,CalcTool,sum,value_equals,True,CalcTool,sum,True,,E0,True
VBrun_scale_microbench_300_2026-02-11T064352Z_seed20260211,AgentCorrect,VB-173,5,CalcTool,sum,value_equals,True,CalcTool,sum,True,,E0,True
VBrun_scale_microbench_300_2026-02-11T064352Z_seed20260211,AgentCorrect,VB-173,6,QueryTool,search,query_hits_reproducible,True,QueryTool,search,True,,E0,True
VBrun_scale_microbench_300_2026-02-11T064352Z_seed20260211,AgentCorrect,VB-174,1,FileTool,write_csv,artifact_written_exists,True,FileTool,write_csv,True,,E0,True
VBrun_scale_microbench_300_2026-02-11T064352Z_seed20260211,AgentCorrect,VB-174,2,FileTool,read_csv,read_after_write_dependency,True,FileTool,read_csv,True,,E0,True
VBrun_scale_microbench_300_2026-02-11T064352Z_seed20260211,AgentCorrect,VB-174,3,QueryTool,search,query_hits_reproducible,True,QueryTool,search,True,,E0,True
VBrun_scale_microbench_300_2026-02-11T064352Z_seed20260211,AgentCorrect,VB-174,4,CalcTool,sum,value_equals,True,CalcTool,sum,True,,E0,True
VBrun_scale_microbench_300_2026-02-11T064352Z_seed20260211,AgentCorrect,VB-174,5,CalcTool,sum,value_equals,True,CalcTool,sum,True,,E0,True
VBrun_scale_microbench_300_2026-02-11T064352Z_seed20260211,AgentCorrect,VB-174,6,QueryTool,search,query_hits_reproducible,True,QueryTool,search,True,,E0,True
VBrun_scale_microbench_300_2026-02-11T064352Z_seed20260211,AgentCorrect,VB-174,7,CalcTool,sum,value_equals,True,CalcTool,sum,True,,E0,True
VBrun_scale_microbench_300_2026-02-11T064352Z_seed20260211,AgentCorrect,VB-175,1,FileTool,write_csv,artifact_written_exists,True,FileTool,write_csv,True,,E0,True
VBrun_scale_microbench_300_2026-02-11T064352Z_seed20260211,AgentCorrect,VB-175,2,FileTool,read_csv,read_after_write_dependency,True,FileTool,read_csv,True,,E0,True
VBrun_scale_microbench_300_2026-02-11T064352Z_seed20260211,AgentCorrect,VB-175,3,QueryTool,search,query_hits_reproducible,True,QueryTool,search,True,,E0,True
VBrun_scale_microbench_300_2026-02-11T064352Z_seed20260211,AgentCorrect,VB-175,4,CalcTool,sum,value_equals,True,CalcTool,sum,True,,E0,True
VBrun_scale_microbench_300_2026-02-11T064352Z_seed20260211,AgentCorrect,VB-175,5,CalcTool,sum,value_equals,True,CalcTool,sum,True,,E0,True
VBrun_scale_microbench_300_2026-02-11T064352Z_seed20260211,AgentCorrect,VB-175,6,QueryTool,search,query_hits_reproducible,True,QueryTool,search,True,,E0,True
VBrun_scale_microbench_300_2026-02-11T064352Z_seed20260211,AgentCorrect,VB-175,7,CalcTool,sum,value_equals,True,CalcTool,sum,True,,E0,True
VBrun_scale_microbench_300_2026-02-11T064352Z_seed20260211,AgentCorrect,VB-175,8,CalcTool,sum,value_equals,True,CalcTool,sum,True,,E0,True
VBrun_scale_microbench_300_2026-02-11T064352Z_seed20260211,AgentCorrect,VB-176,1,FileTool,write_csv,artifact_written_exists,True,FileTool,write_csv,True,,E0,True
VBrun_scale_microbench_300_2026-02-11T064352Z_seed20260211,AgentCorrect,VB-176,2,FileTool,read_csv,read_after_write_dependency,True,FileTool,read_csv,True,,E0,True
VBrun_scale_microbench_300_2026-02-11T064352Z_seed20260211,AgentCorrect,VB-177,1,FileTool,write_csv,artifact_written_exists,True,FileTool,write_csv,True,,E0,True
VBrun_scale_microbench_300_2026-02-11T064352Z_seed20260211,AgentCorrect,VB-177,2,FileTool,read_csv,read_after_write_dependency,True,FileTool,read_csv,True,,E0,True
VBrun_scale_microbench_300_2026-02-11T064352Z_seed20260211,AgentCorrect,VB-177,3,QueryTool,search,query_hits_reproducible,True,QueryTool,search,True,,E0,True
VBrun_scale_microbench_300_2026-02-11T064352Z_seed20260211,AgentCorrect,VB-178,1,FileTool,write_csv,artifact_written_exists,True,FileTool,write_csv,True,,E0,True
VBrun_scale_microbench_300_2026-02-11T064352Z_seed20260211,AgentCorrect,VB-178,2,FileTool,read_csv,read_after_write_dependency,True,FileTool,read_csv,True,,E0,True
VBrun_scale_microbench_300_2026-02-11T064352Z_seed20260211,AgentCorrect,VB-178,3,QueryTool,search,query_hits_reproducible,True,QueryTool,search,True,,E0,True
VBrun_scale_microbench_300_2026-02-11T064352Z_seed20260211,AgentCorrect,VB-178,4,CalcTool,sum,value_equals,True,CalcTool,sum,True,,E0,True
VBrun_scale_microbench_300_2026-02-11T064352Z_seed20260211,AgentCorrect,VB-179,1,FileTool,write_csv,artifact_written_exists,True,FileTool,write_csv,True,,E0,True
VBrun_scale_microbench_300_2026-02-11T064352Z_seed20260211,AgentCorrect,VB-179,2,FileTool,read_csv,read_after_write_dependency,True,FileTool,read_csv,True,,E0,True
VBrun_scale_microbench_300_2026-02-11T064352Z_seed20260211,AgentCorrect,VB-179,3,QueryTool,search,query_hits_reproducible,True,QueryTool,search,True,,E0,True
VBrun_scale_microbench_300_2026-02-11T064352Z_seed20260211,AgentCorrect,VB-179,4,CalcTool,sum,value_equals,True,CalcTool,sum,True,,E0,True
VBrun_scale_microbench_300_2026-02-11T064352Z_seed20260211,AgentCorrect,VB-179,5,CalcTool,sum,value_equals,True,CalcTool,sum,True,,E0,True
VBrun_scale_microbench_300_2026-02-11T064352Z_seed20260211,AgentCorrect,VB-180,1,FileTool,write_csv,artifact_written_exists,True,FileTool,write_csv,True,,E0,True
VBrun_scale_microbench_300_2026-02-11T064352Z_seed20260211,AgentCorrect,VB-180,2,FileTool,read_csv,read_after_write_dependency,True,FileTool,read_csv,True,,E0,True
VBrun_scale_microbench_300_2026-02-11T064352Z_seed20260211,AgentCorrect,VB-180,3,QueryTool,search,query_hits_reproducible,True,QueryTool,search,True,,E0,True
VBrun_scale_microbench_300_2026-02-11T064352Z_seed20260211,AgentCorrect,VB-180,4,CalcTool,sum,value_equals,True,CalcTool,sum,True,,E0,True
VBrun_scale_microbench_300_2026-02-11T064352Z_seed20260211,AgentCorrect,VB-180,5,CalcTool,sum,value_equals,True,CalcTool,sum,True,,E0,True
VBrun_scale_microbench_300_2026-02-11T064352Z_seed20260211,AgentCorrect,VB-180,6,QueryTool,search,query_hits_reproducible,True,QueryTool,search,True,,E0,True
VBrun_scale_microbench_300_2026-02-11T064352Z_seed20260211,AgentCorrect,VB-181,1,FileTool,write_csv,artifact_written_exists,True,FileTool,write_csv,True,,E0,True
VBrun_scale_microbench_300_2026-02-11T064352Z_seed20260211,AgentCorrect,VB-181,2,FileTool,read_csv,read_after_write_dependency,True,FileTool,read_csv,True,,E0,True
VBrun_scale_microbench_300_2026-02-11T064352Z_seed20260211,AgentCorrect,VB-181,3,QueryTool,search,query_hits_reproducible,True,QueryTool,search,True,,E0,True
VBrun_scale_microbench_300_2026-02-11T064352Z_seed20260211,AgentCorrect,VB-181,4,CalcTool,sum,value_equals,True,CalcTool,sum,True,,E0,True
VBrun_scale_microbench_300_2026-02-11T064352Z_seed20260211,AgentCorrect,VB-181,5,CalcTool,sum,value_equals,True,CalcTool,sum,True,,E0,True
VBrun_scale_microbench_300_2026-02-11T064352Z_seed20260211,AgentCorrect,VB-181,6,QueryTool,search,query_hits_reproducible,True,QueryTool,search,True,,E0,True
VBrun_scale_microbench_300_2026-02-11T064352Z_seed20260211,AgentCorrect,VB-181,7,CalcTool,sum,value_equals,True,CalcTool,sum,True,,E0,True
VBrun_scale_microbench_300_2026-02-11T064352Z_seed20260211,AgentCorrect,VB-182,1,FileTool,write_csv,artifact_written_exists,True,FileTool,write_csv,True,,E0,True
VBrun_scale_microbench_300_2026-02-11T064352Z_seed20260211,AgentCorrect,VB-182,2,FileTool,read_csv,read_after_write_dependency,True,FileTool,read_csv,True,,E0,True
VBrun_scale_microbench_300_2026-02-11T064352Z_seed20260211,AgentCorrect,VB-182,3,QueryTool,search,query_hits_reproducible,True,QueryTool,search,True,,E0,True
VBrun_scale_microbench_300_2026-02-11T064352Z_seed20260211,AgentCorrect,VB-182,4,CalcTool,sum,value_equals,True,CalcTool,sum,True,,E0,True
VBrun_scale_microbench_300_2026-02-11T064352Z_seed20260211,AgentCorrect,VB-182,5,CalcTool,sum,value_equals,True,CalcTool,sum,True,,E0,True
VBrun_scale_microbench_300_2026-02-11T064352Z_seed20260211,AgentCorrect,VB-182,6,QueryTool,search,query_hits_reproducible,True,QueryTool,search,True,,E0,True
VBrun_scale_microbench_300_2026-02-11T064352Z_seed20260211,AgentCorrect,VB-182,7,CalcTool,sum,value_equals,True,CalcTool,sum,True,,E0,True
VBrun_scale_microbench_300_2026-02-11T064352Z_seed20260211,AgentCorrect,VB-182,8,CalcTool,sum,value_equals,True,CalcTool,sum,True,,E0,True
VBrun_scale_microbench_300_2026-02-11T064352Z_seed20260211,AgentCorrect,VB-183,1,FileTool,write_csv,artifact_written_exists,True,FileTool,write_csv,True,,E0,True
VBrun_scale_microbench_300_2026-02-11T064352Z_seed20260211,AgentCorrect,VB-183,2,FileTool,read_csv,read_after_write_dependency,True,FileTool,read_csv,True,,E0,True
VBrun_scale_microbench_300_2026-02-11T064352Z_seed20260211,AgentCorrect,VB-184,1,FileTool,write_csv,artifact_written_exists,True,FileTool,write_csv,True,,E0,True
VBrun_scale_microbench_300_2026-02-11T064352Z_seed20260211,AgentCorrect,VB-184,2,FileTool,read_csv,read_after_write_dependency,True,FileTool,read_csv,True,,E0,True
VBrun_scale_microbench_300_2026-02-11T064352Z_seed20260211,AgentCorrect,VB-184,3,QueryTool,search,query_hits_reproducible,True,QueryTool,search,True,,E0,True
VBrun_scale_microbench_300_2026-02-11T064352Z_seed20260211,AgentCorrect,VB-185,1,FileTool,write_csv,artifact_written_exists,True,FileTool,write_csv,True,,E0,True
VBrun_scale_microbench_300_2026-02-11T064352Z_seed20260211,AgentCorrect,VB-185,2,FileTool,read_csv,read_after_write_dependency,True,FileTool,read_csv,True,,E0,True
VBrun_scale_microbench_300_2026-02-11T064352Z_seed20260211,AgentCorrect,VB-185,3,QueryTool,search,query_hits_reproducible,True,QueryTool,search,True,,E0,True
VBrun_scale_microbench_300_2026-02-11T064352Z_seed20260211,AgentCorrect,VB-185,4,CalcTool,sum,value_equals,True,CalcTool,sum,True,,E0,True
VBrun_scale_microbench_300_2026-02-11T064352Z_seed20260211,AgentCorrect,VB-186,1,FileTool,write_csv,artifact_written_exists,True,FileTool,write_csv,True,,E0,True
VBrun_scale_microbench_300_2026-02-11T064352Z_seed20260211,AgentCorrect,VB-186,2,FileTool,read_csv,read_after_write_dependency,True,FileTool,read_csv,True,,E0,True
VBrun_scale_microbench_300_2026-02-11T064352Z_seed20260211,AgentCorrect,VB-186,3,QueryTool,search,query_hits_reproducible,True,QueryTool,search,True,,E0,True
VBrun_scale_microbench_300_2026-02-11T064352Z_seed20260211,AgentCorrect,VB-186,4,CalcTool,sum,value_equals,True,CalcTool,sum,True,,E0,True
VBrun_scale_microbench_300_2026-02-11T064352Z_seed20260211,AgentCorrect,VB-186,5,CalcTool,sum,value_equals,True,CalcTool,sum,True,,E0,True
VBrun_scale_microbench_300_2026-02-11T064352Z_seed20260211,AgentCorrect,VB-187,1,FileTool,write_csv,artifact_written_exists,True,FileTool,write_csv,True,,E0,True
VBrun_scale_microbench_300_2026-02-11T064352Z_seed20260211,AgentCorrect,VB-187,2,FileTool,read_csv,read_after_write_dependency,True,FileTool,read_csv,True,,E0,True
VBrun_scale_microbench_300_2026-02-11T064352Z_seed20260211,AgentCorrect,VB-187,3,QueryTool,search,query_hits_reproducible,True,QueryTool,search,True,,E0,True
VBrun_scale_microbench_300_2026-02-11T064352Z_seed20260211,AgentCorrect,VB-187,4,CalcTool,sum,value_equals,True,CalcTool,sum,True,,E0,True
VBrun_scale_microbench_300_2026-02-11T064352Z_seed20260211,AgentCorrect,VB-187,5,CalcTool,sum,value_equals,True,CalcTool,sum,True,,E0,True
VBrun_scale_microbench_300_2026-02-11T064352Z_seed20260211,AgentCorrect,VB-187,6,QueryTool,search,query_hits_reproducible,True,QueryTool,search,True,,E0,True
VBrun_scale_microbench_300_2026-02-11T064352Z_seed20260211,AgentCorrect,VB-188,1,FileTool,write_csv,artifact_written_exists,True,FileTool,write_csv,True,,E0,True
VBrun_scale_microbench_300_2026-02-11T064352Z_seed20260211,AgentCorrect,VB-188,2,FileTool,read_csv,read_after_write_dependency,True,FileTool,read_csv,True,,E0,True
VBrun_scale_microbench_300_2026-02-11T064352Z_seed20260211,AgentCorrect,VB-188,3,QueryTool,search,query_hits_reproducible,True,QueryTool,search,True,,E0,True
VBrun_scale_microbench_300_2026-02-11T064352Z_seed20260211,AgentCorrect,VB-188,4,CalcTool,sum,value_equals,True,CalcTool,sum,True,,E0,True
VBrun_scale_microbench_300_2026-02-11T064352Z_seed20260211,AgentCorrect,VB-188,5,CalcTool,sum,value_equals,True,CalcTool,sum,True,,E0,True
VBrun_scale_microbench_300_2026-02-11T064352Z_seed20260211,AgentCorrect,VB-188,6,QueryTool,search,query_hits_reproducible,True,QueryTool,search,True,,E0,True
VBrun_scale_microbench_300_2026-02-11T064352Z_seed20260211,AgentCorrect,VB-188,7,CalcTool,sum,value_equals,True,CalcTool,sum,True,,E0,True
VBrun_scale_microbench_300_2026-02-11T064352Z_seed20260211,AgentCorrect,VB-189,1,FileTool,write_csv,artifact_written_exists,True,FileTool,write_csv,True,,E0,True
VBrun_scale_microbench_300_2026-02-11T064352Z_seed20260211,AgentCorrect,VB-189,2,FileTool,read_csv,read_after_write_dependency,True,FileTool,read_csv,True,,E0,True
VBrun_scale_microbench_300_2026-02-11T064352Z_seed20260211,AgentCorrect,VB-189,3,QueryTool,search,query_hits_reproducible,True,QueryTool,search,True,,E0,True
VBrun_scale_microbench_300_2026-02-11T064352Z_seed20260211,AgentCorrect,VB-189,4,CalcTool,sum,value_equals,True,CalcTool,sum,True,,E0,True
VBrun_scale_microbench_300_2026-02-11T064352Z_seed20260211,AgentCorrect,VB-189,5,CalcTool,sum,value_equals,True,CalcTool,sum,True,,E0,True
VBrun_scale_microbench_300_2026-02-11T064352Z_seed20260211,AgentCorrect,VB-189,6,QueryTool,search,query_hits_reproducible,True,QueryTool,search,True,,E0,True
VBrun_scale_microbench_300_2026-02-11T064352Z_seed20260211,AgentCorrect,VB-189,7,CalcTool,sum,value_equals,True,CalcTool,sum,True,,E0,True
VBrun_scale_microbench_300_2026-02-11T064352Z_seed20260211,AgentCorrect,VB-189,8,CalcTool,sum,value_equals,True,CalcTool,sum,True,,E0,True
VBrun_scale_microbench_300_2026-02-11T064352Z_seed20260211,AgentCorrect,VB-190,1,FileTool,write_csv,artifact_written_exists,True,FileTool,write_csv,True,,E0,True
VBrun_scale_microbench_300_2026-02-11T064352Z_seed20260211,AgentCorrect,VB-190,2,FileTool,read_csv,read_after_write_dependency,True,FileTool,read_csv,True,,E0,True
VBrun_scale_microbench_300_2026-02-11T064352Z_seed20260211,AgentCorrect,VB-191,1,FileTool,write_csv,artifact_written_exists,True,FileTool,write_csv,True,,E0,True
VBrun_scale_microbench_300_2026-02-11T064352Z_seed20260211,AgentCorrect,VB-191,2,FileTool,read_csv,read_after_write_dependency,True,FileTool,read_csv,True,,E0,True
VBrun_scale_microbench_300_2026-02-11T064352Z_seed20260211,AgentCorrect,VB-191,3,QueryTool,search,query_hits_reproducible,True,QueryTool,search,True,,E0,True
VBrun_scale_microbench_300_2026-02-11T064352Z_seed20260211,AgentCorrect,VB-192,1,FileTool,write_csv,artifact_written_exists,True,FileTool,write_csv,True,,E0,True
VBrun_scale_microbench_300_2026-02-11T064352Z_seed20260211,AgentCorrect,VB-192,2,FileTool,read_csv,read_after_write_dependency,True,FileTool,read_csv,True,,E0,True
VBrun_scale_microbench_300_2026-02-11T064352Z_seed20260211,AgentCorrect,VB-192,3,QueryTool,search,query_hits_reproducible,True,QueryTool,search,True,,E0,True
VBrun_scale_microbench_300_2026-02-11T064352Z_seed20260211,AgentCorrect,VB-192,4,CalcTool,sum,value_equals,True,CalcTool,sum,True,,E0,True
VBrun_scale_microbench_300_2026-02-11T064352Z_seed20260211,AgentCorrect,VB-193,1,FileTool,write_csv,artifact_written_exists,True,FileTool,write_csv,True,,E0,True
VBrun_scale_microbench_300_2026-02-11T064352Z_seed20260211,AgentCorrect,VB-193,2,FileTool,read_csv,read_after_write_dependency,True,FileTool,read_csv,True,,E0,True
VBrun_scale_microbench_300_2026-02-11T064352Z_seed20260211,AgentCorrect,VB-193,3,QueryTool,search,query_hits_reproducible,True,QueryTool,search,True,,E0,True
VBrun_scale_microbench_300_2026-02-11T064352Z_seed20260211,AgentCorrect,VB-193,4,CalcTool,sum,value_equals,True,CalcTool,sum,True,,E0,True
VBrun_scale_microbench_300_2026-02-11T064352Z_seed20260211,AgentCorrect,VB-193,5,CalcTool,sum,value_equals,True,CalcTool,sum,True,,E0,True
VBrun_scale_microbench_300_2026-02-11T064352Z_seed20260211,AgentCorrect,VB-194,1,FileTool,write_csv,artifact_written_exists,True,FileTool,write_csv,True,,E0,True
VBrun_scale_microbench_300_2026-02-11T064352Z_seed20260211,AgentCorrect,VB-194,2,FileTool,read_csv,read_after_write_dependency,True,FileTool,read_csv,True,,E0,True
VBrun_scale_microbench_300_2026-02-11T064352Z_seed20260211,AgentCorrect,VB-194,3,QueryTool,search,query_hits_reproducible,True,QueryTool,search,True,,E0,True
VBrun_scale_microbench_300_2026-02-11T064352Z_seed20260211,AgentCorrect,VB-194,4,CalcTool,sum,value_equals,True,CalcTool,sum,True,,E0,True
VBrun_scale_microbench_300_2026-02-11T064352Z_seed20260211,AgentCorrect,VB-194,5,CalcTool,sum,value_equals,True,CalcTool,sum,True,,E0,True
VBrun_scale_microbench_300_2026-02-11T064352Z_seed20260211,AgentCorrect,VB-194,6,QueryTool,search,query_hits_reproducible,True,QueryTool,search,True,,E0,True
VBrun_scale_microbench_300_2026-02-11T064352Z_seed20260211,AgentCorrect,VB-195,1,FileTool,write_csv,artifact_written_exists,True,FileTool,write_csv,True,,E0,True
VBrun_scale_microbench_300_2026-02-11T064352Z_seed20260211,AgentCorrect,VB-195,2,FileTool,read_csv,read_after_write_dependency,True,FileTool,read_csv,True,,E0,True
VBrun_scale_microbench_300_2026-02-11T064352Z_seed20260211,AgentCorrect,VB-195,3,QueryTool,search,query_hits_reproducible,True,QueryTool,search,True,,E0,True
VBrun_scale_microbench_300_2026-02-11T064352Z_seed20260211,AgentCorrect,VB-195,4,CalcTool,sum,value_equals,True,CalcTool,sum,True,,E0,True
VBrun_scale_microbench_300_2026-02-11T064352Z_seed20260211,AgentCorrect,VB-195,5,CalcTool,sum,value_equals,True,CalcTool,sum,True,,E0,True
VBrun_scale_microbench_300_2026-02-11T064352Z_seed20260211,AgentCorrect,VB-195,6,QueryTool,search,query_hits_reproducible,True,QueryTool,search,True,,E0,True
VBrun_scale_microbench_300_2026-02-11T064352Z_seed20260211,AgentCorrect,VB-195,7,CalcTool,sum,value_equals,True,CalcTool,sum,True,,E0,True
VBrun_scale_microbench_300_2026-02-11T064352Z_seed20260211,AgentCorrect,VB-196,1,FileTool,write_csv,artifact_written_exists,True,FileTool,write_csv,True,,E0,True
VBrun_scale_microbench_300_2026-02-11T064352Z_seed20260211,AgentCorrect,VB-196,2,FileTool,read_csv,read_after_write_dependency,True,FileTool,read_csv,True,,E0,True
VBrun_scale_microbench_300_2026-02-11T064352Z_seed20260211,AgentCorrect,VB-196,3,QueryTool,search,query_hits_reproducible,True,QueryTool,search,True,,E0,True
VBrun_scale_microbench_300_2026-02-11T064352Z_seed20260211,AgentCorrect,VB-196,4,CalcTool,sum,value_equals,True,CalcTool,sum,True,,E0,True
VBrun_scale_microbench_300_2026-02-11T064352Z_seed20260211,AgentCorrect,VB-196,5,CalcTool,sum,value_equals,True,CalcTool,sum,True,,E0,True
VBrun_scale_microbench_300_2026-02-11T064352Z_seed20260211,AgentCorrect,VB-196,6,QueryTool,search,query_hits_reproducible,True,QueryTool,search,True,,E0,True
VBrun_scale_microbench_300_2026-02-11T064352Z_seed20260211,AgentCorrect,VB-196,7,CalcTool,sum,value_equals,True,CalcTool,sum,True,,E0,True
VBrun_scale_microbench_300_2026-02-11T064352Z_seed20260211,AgentCorrect,VB-196,8,CalcTool,sum,value_equals,True,CalcTool,sum,True,,E0,True
VBrun_scale_microbench_300_2026-02-11T064352Z_seed20260211,AgentCorrect,VB-197,1,FileTool,write_csv,artifact_written_exists,True,FileTool,write_csv,True,,E0,True
VBrun_scale_microbench_300_2026-02-11T064352Z_seed20260211,AgentCorrect,VB-197,2,FileTool,read_csv,read_after_write_dependency,True,FileTool,read_csv,True,,E0,True
VBrun_scale_microbench_300_2026-02-11T064352Z_seed20260211,AgentCorrect,VB-198,1,FileTool,write_csv,artifact_written_exists,True,FileTool,write_csv,True,,E0,True
VBrun_scale_microbench_300_2026-02-11T064352Z_seed20260211,AgentCorrect,VB-198,2,FileTool,read_csv,read_after_write_dependency,True,FileTool,read_csv,True,,E0,True
VBrun_scale_microbench_300_2026-02-11T064352Z_seed20260211,AgentCorrect,VB-198,3,QueryTool,search,query_hits_reproducible,True,QueryTool,search,True,,E0,True
VBrun_scale_microbench_300_2026-02-11T064352Z_seed20260211,AgentCorrect,VB-199,1,FileTool,write_csv,artifact_written_exists,True,FileTool,write_csv,True,,E0,True
VBrun_scale_microbench_300_2026-02-11T064352Z_seed20260211,AgentCorrect,VB-199,2,FileTool,read_csv,read_after_write_dependency,True,FileTool,read_csv,True,,E0,True
VBrun_scale_microbench_300_2026-02-11T064352Z_seed20260211,AgentCorrect,VB-199,3,QueryTool,search,query_hits_reproducible,True,QueryTool,search,True,,E0,True
VBrun_scale_microbench_300_2026-02-11T064352Z_seed20260211,AgentCorrect,VB-199,4,CalcTool,sum,value_equals,True,CalcTool,sum,True,,E0,True
VBrun_scale_microbench_300_2026-02-11T064352Z_seed20260211,AgentCorrect,VB-200,1,FileTool,write_csv,artifact_written_exists,True,FileTool,write_csv,True,,E0,True
VBrun_scale_microbench_300_2026-02-11T064352Z_seed20260211,AgentCorrect,VB-200,2,FileTool,read_csv,read_after_write_dependency,True,FileTool,read_csv,True,,E0,True
VBrun_scale_microbench_300_2026-02-11T064352Z_seed20260211,AgentCorrect,VB-200,3,QueryTool,search,query_hits_reproducible,True,QueryTool,search,True,,E0,True
VBrun_scale_microbench_300_2026-02-11T064352Z_seed20260211,AgentCorrect,VB-200,4,CalcTool,sum,value_equals,True,CalcTool,sum,True,,E0,True
VBrun_scale_microbench_300_2026-02-11T064352Z_seed20260211,AgentCorrect,VB-200,5,CalcTool,sum,value_equals,True,CalcTool,sum,True,,E0,True
VBrun_scale_microbench_300_2026-02-11T064352Z_seed20260211,AgentCorrect,VB-201,1,FileTool,write_csv,artifact_written_exists,True,FileTool,write_csv,True,,E0,True
VBrun_scale_microbench_300_2026-02-11T064352Z_seed20260211,AgentCorrect,VB-201,2,FileTool,read_csv,read_after_write_dependency,True,FileTool,read_csv,True,,E0,True
VBrun_scale_microbench_300_2026-02-11T064352Z_seed20260211,AgentCorrect,VB-201,3,QueryTool,search,query_hits_reproducible,True,QueryTool,search,True,,E0,True
VBrun_scale_microbench_300_2026-02-11T064352Z_seed20260211,AgentCorrect,VB-201,4,CalcTool,sum,value_equals,True,CalcTool,sum,True,,E0,True
VBrun_scale_microbench_300_2026-02-11T064352Z_seed20260211,AgentCorrect,VB-201,5,CalcTool,sum,value_equals,True,CalcTool,sum,True,,E0,True
VBrun_scale_microbench_300_2026-02-11T064352Z_seed20260211,AgentCorrect,VB-201,6,QueryTool,search,query_hits_reproducible,True,QueryTool,search,True,,E0,True
VBrun_scale_microbench_300_2026-02-11T064352Z_seed20260211,AgentCorrect,VB-202,1,FileTool,write_csv,artifact_written_exists,True,FileTool,write_csv,True,,E0,True
VBrun_scale_microbench_300_2026-02-11T064352Z_seed20260211,AgentCorrect,VB-202,2,FileTool,read_csv,read_after_write_dependency,True,FileTool,read_csv,True,,E0,True
VBrun_scale_microbench_300_2026-02-11T064352Z_seed20260211,AgentCorrect,VB-202,3,QueryTool,search,query_hits_reproducible,True,QueryTool,search,True,,E0,True
VBrun_scale_microbench_300_2026-02-11T064352Z_seed20260211,AgentCorrect,VB-202,4,CalcTool,sum,value_equals,True,CalcTool,sum,True,,E0,True
VBrun_scale_microbench_300_2026-02-11T064352Z_seed20260211,AgentCorrect,VB-202,5,CalcTool,sum,value_equals,True,CalcTool,sum,True,,E0,True
VBrun_scale_microbench_300_2026-02-11T064352Z_seed20260211,AgentCorrect,VB-202,6,QueryTool,search,query_hits_reproducible,True,QueryTool,search,True,,E0,True
VBrun_scale_microbench_300_2026-02-11T064352Z_seed20260211,AgentCorrect,VB-202,7,CalcTool,sum,value_equals,True,CalcTool,sum,True,,E0,True
VBrun_scale_microbench_300_2026-02-11T064352Z_seed20260211,AgentCorrect,VB-203,1,FileTool,write_csv,artifact_written_exists,True,FileTool,write_csv,True,,E0,True
VBrun_scale_microbench_300_2026-02-11T064352Z_seed20260211,AgentCorrect,VB-203,2,FileTool,read_csv,read_after_write_dependency,True,FileTool,read_csv,True,,E0,True
VBrun_scale_microbench_300_2026-02-11T064352Z_seed20260211,AgentCorrect,VB-203,3,QueryTool,search,query_hits_reproducible,True,QueryTool,search,True,,E0,True
VBrun_scale_microbench_300_2026-02-11T064352Z_seed20260211,AgentCorrect,VB-203,4,CalcTool,sum,value_equals,True,CalcTool,sum,True,,E0,True
VBrun_scale_microbench_300_2026-02-11T064352Z_seed20260211,AgentCorrect,VB-203,5,CalcTool,sum,value_equals,True,CalcTool,sum,True,,E0,True
VBrun_scale_microbench_300_2026-02-11T064352Z_seed20260211,AgentCorrect,VB-203,6,QueryTool,search,query_hits_reproducible,True,QueryTool,search,True,,E0,True
VBrun_scale_microbench_300_2026-02-11T064352Z_seed20260211,AgentCorrect,VB-203,7,CalcTool,sum,value_equals,True,CalcTool,sum,True,,E0,True
VBrun_scale_microbench_300_2026-02-11T064352Z_seed20260211,AgentCorrect,VB-203,8,CalcTool,sum,value_equals,True,CalcTool,sum,True,,E0,True
VBrun_scale_microbench_300_2026-02-11T064352Z_seed20260211,AgentCorrect,VB-204,1,FileTool,write_csv,artifact_written_exists,True,FileTool,write_csv,True,,E0,True
VBrun_scale_microbench_300_2026-02-11T064352Z_seed20260211,AgentCorrect,VB-204,2,FileTool,read_csv,read_after_write_dependency,True,FileTool,read_csv,True,,E0,True
VBrun_scale_microbench_300_2026-02-11T064352Z_seed20260211,AgentCorrect,VB-205,1,FileTool,write_csv,artifact_written_exists,True,FileTool,write_csv,True,,E0,True
VBrun_scale_microbench_300_2026-02-11T064352Z_seed20260211,AgentCorrect,VB-205,2,FileTool,read_csv,read_after_write_dependency,True,FileTool,read_csv,True,,E0,True
VBrun_scale_microbench_300_2026-02-11T064352Z_seed20260211,AgentCorrect,VB-205,3,QueryTool,search,query_hits_reproducible,True,QueryTool,search,True,,E0,True
VBrun_scale_microbench_300_2026-02-11T064352Z_seed20260211,AgentCorrect,VB-206,1,FileTool,write_csv,artifact_written_exists,True,FileTool,write_csv,True,,E0,True
VBrun_scale_microbench_300_2026-02-11T064352Z_seed20260211,AgentCorrect,VB-206,2,FileTool,read_csv,read_after_write_dependency,True,FileTool,read_csv,True,,E0,True
VBrun_scale_microbench_300_2026-02-11T064352Z_seed20260211,AgentCorrect,VB-206,3,QueryTool,search,query_hits_reproducible,True,QueryTool,search,True,,E0,True
VBrun_scale_microbench_300_2026-02-11T064352Z_seed20260211,AgentCorrect,VB-206,4,CalcTool,sum,value_equals,True,CalcTool,sum,True,,E0,True
VBrun_scale_microbench_300_2026-02-11T064352Z_seed20260211,AgentCorrect,VB-207,1,FileTool,write_csv,artifact_written_exists,True,FileTool,write_csv,True,,E0,True
VBrun_scale_microbench_300_2026-02-11T064352Z_seed20260211,AgentCorrect,VB-207,2,FileTool,read_csv,read_after_write_dependency,True,FileTool,read_csv,True,,E0,True
VBrun_scale_microbench_300_2026-02-11T064352Z_seed20260211,AgentCorrect,VB-207,3,QueryTool,search,query_hits_reproducible,True,QueryTool,search,True,,E0,True
VBrun_scale_microbench_300_2026-02-11T064352Z_seed20260211,AgentCorrect,VB-207,4,CalcTool,sum,value_equals,True,CalcTool,sum,True,,E0,True
VBrun_scale_microbench_300_2026-02-11T064352Z_seed20260211,AgentCorrect,VB-207,5,CalcTool,sum,value_equals,True,CalcTool,sum,True,,E0,True
VBrun_scale_microbench_300_2026-02-11T064352Z_seed20260211,AgentCorrect,VB-208,1,FileTool,write_csv,artifact_written_exists,True,FileTool,write_csv,True,,E0,True
VBrun_scale_microbench_300_2026-02-11T064352Z_seed20260211,AgentCorrect,VB-208,2,FileTool,read_csv,read_after_write_dependency,True,FileTool,read_csv,True,,E0,True
VBrun_scale_microbench_300_2026-02-11T064352Z_seed20260211,AgentCorrect,VB-208,3,QueryTool,search,query_hits_reproducible,True,QueryTool,search,True,,E0,True
VBrun_scale_microbench_300_2026-02-11T064352Z_seed20260211,AgentCorrect,VB-208,4,CalcTool,sum,value_equals,True,CalcTool,sum,True,,E0,True
VBrun_scale_microbench_300_2026-02-11T064352Z_seed20260211,AgentCorrect,VB-208,5,CalcTool,sum,value_equals,True,CalcTool,sum,True,,E0,True
VBrun_scale_microbench_300_2026-02-11T064352Z_seed20260211,AgentCorrect,VB-208,6,QueryTool,search,query_hits_reproducible,True,QueryTool,search,True,,E0,True
VBrun_scale_microbench_300_2026-02-11T064352Z_seed20260211,AgentCorrect,VB-209,1,FileTool,write_csv,artifact_written_exists,True,FileTool,write_csv,True,,E0,True
VBrun_scale_microbench_300_2026-02-11T064352Z_seed20260211,AgentCorrect,VB-209,2,FileTool,read_csv,read_after_write_dependency,True,FileTool,read_csv,True,,E0,True
VBrun_scale_microbench_300_2026-02-11T064352Z_seed20260211,AgentCorrect,VB-209,3,QueryTool,search,query_hits_reproducible,True,QueryTool,search,True,,E0,True
VBrun_scale_microbench_300_2026-02-11T064352Z_seed20260211,AgentCorrect,VB-209,4,CalcTool,sum,value_equals,True,CalcTool,sum,True,,E0,True
VBrun_scale_microbench_300_2026-02-11T064352Z_seed20260211,AgentCorrect,VB-209,5,CalcTool,sum,value_equals,True,CalcTool,sum,True,,E0,True
VBrun_scale_microbench_300_2026-02-11T064352Z_seed20260211,AgentCorrect,VB-209,6,QueryTool,search,query_hits_reproducible,True,QueryTool,search,True,,E0,True
VBrun_scale_microbench_300_2026-02-11T064352Z_seed20260211,AgentCorrect,VB-209,7,CalcTool,sum,value_equals,True,CalcTool,sum,True,,E0,True
VBrun_scale_microbench_300_2026-02-11T064352Z_seed20260211,AgentCorrect,VB-210,1,FileTool,write_csv,artifact_written_exists,True,FileTool,write_csv,True,,E0,True
VBrun_scale_microbench_300_2026-02-11T064352Z_seed20260211,AgentCorrect,VB-210,2,FileTool,read_csv,read_after_write_dependency,True,FileTool,read_csv,True,,E0,True
VBrun_scale_microbench_300_2026-02-11T064352Z_seed20260211,AgentCorrect,VB-210,3,QueryTool,search,query_hits_reproducible,True,QueryTool,search,True,,E0,True
VBrun_scale_microbench_300_2026-02-11T064352Z_seed20260211,AgentCorrect,VB-210,4,CalcTool,sum,value_equals,True,CalcTool,sum,True,,E0,True
VBrun_scale_microbench_300_2026-02-11T064352Z_seed20260211,AgentCorrect,VB-210,5,CalcTool,sum,value_equals,True,CalcTool,sum,True,,E0,True
VBrun_scale_microbench_300_2026-02-11T064352Z_seed20260211,AgentCorrect,VB-210,6,QueryTool,search,query_hits_reproducible,True,QueryTool,search,True,,E0,True
VBrun_scale_microbench_300_2026-02-11T064352Z_seed20260211,AgentCorrect,VB-210,7,CalcTool,sum,value_equals,True,CalcTool,sum,True,,E0,True
VBrun_scale_microbench_300_2026-02-11T064352Z_seed20260211,AgentCorrect,VB-210,8,CalcTool,sum,value_equals,True,CalcTool,sum,True,,E0,True
VBrun_scale_microbench_300_2026-02-11T064352Z_seed20260211,AgentCorrect,VB-211,1,FileTool,write_csv,artifact_written_exists,True,FileTool,write_csv,True,,E0,True
VBrun_scale_microbench_300_2026-02-11T064352Z_seed20260211,AgentCorrect,VB-211,2,FileTool,read_csv,read_after_write_dependency,True,FileTool,read_csv,True,,E0,True
VBrun_scale_microbench_300_2026-02-11T064352Z_seed20260211,AgentCorrect,VB-212,1,FileTool,write_csv,artifact_written_exists,True,FileTool,write_csv,True,,E0,True
VBrun_scale_microbench_300_2026-02-11T064352Z_seed20260211,AgentCorrect,VB-212,2,FileTool,read_csv,read_after_write_dependency,True,FileTool,read_csv,True,,E0,True
VBrun_scale_microbench_300_2026-02-11T064352Z_seed20260211,AgentCorrect,VB-212,3,QueryTool,search,query_hits_reproducible,True,QueryTool,search,True,,E0,True
VBrun_scale_microbench_300_2026-02-11T064352Z_seed20260211,AgentCorrect,VB-213,1,FileTool,write_csv,artifact_written_exists,True,FileTool,write_csv,True,,E0,True
VBrun_scale_microbench_300_2026-02-11T064352Z_seed20260211,AgentCorrect,VB-213,2,FileTool,read_csv,read_after_write_dependency,True,FileTool,read_csv,True,,E0,True
VBrun_scale_microbench_300_2026-02-11T064352Z_seed20260211,AgentCorrect,VB-213,3,QueryTool,search,query_hits_reproducible,True,QueryTool,search,True,,E0,True
VBrun_scale_microbench_300_2026-02-11T064352Z_seed20260211,AgentCorrect,VB-213,4,CalcTool,sum,value_equals,True,CalcTool,sum,True,,E0,True
VBrun_scale_microbench_300_2026-02-11T064352Z_seed20260211,AgentCorrect,VB-214,1,FileTool,write_csv,artifact_written_exists,True,FileTool,write_csv,True,,E0,True
VBrun_scale_microbench_300_2026-02-11T064352Z_seed20260211,AgentCorrect,VB-214,2,FileTool,read_csv,read_after_write_dependency,True,FileTool,read_csv,True,,E0,True
VBrun_scale_microbench_300_2026-02-11T064352Z_seed20260211,AgentCorrect,VB-214,3,QueryTool,search,query_hits_reproducible,True,QueryTool,search,True,,E0,True
VBrun_scale_microbench_300_2026-02-11T064352Z_seed20260211,AgentCorrect,VB-214,4,CalcTool,sum,value_equals,True,CalcTool,sum,True,,E0,True
VBrun_scale_microbench_300_2026-02-11T064352Z_seed20260211,AgentCorrect,VB-214,5,CalcTool,sum,value_equals,True,CalcTool,sum,True,,E0,True
VBrun_scale_microbench_300_2026-02-11T064352Z_seed20260211,AgentCorrect,VB-215,1,FileTool,write_csv,artifact_written_exists,True,FileTool,write_csv,True,,E0,True
VBrun_scale_microbench_300_2026-02-11T064352Z_seed20260211,AgentCorrect,VB-215,2,FileTool,read_csv,read_after_write_dependency,True,FileTool,read_csv,True,,E0,True
VBrun_scale_microbench_300_2026-02-11T064352Z_seed20260211,AgentCorrect,VB-215,3,QueryTool,search,query_hits_reproducible,True,QueryTool,search,True,,E0,True
VBrun_scale_microbench_300_2026-02-11T064352Z_seed20260211,AgentCorrect,VB-215,4,CalcTool,sum,value_equals,True,CalcTool,sum,True,,E0,True
VBrun_scale_microbench_300_2026-02-11T064352Z_seed20260211,AgentCorrect,VB-215,5,CalcTool,sum,value_equals,True,CalcTool,sum,True,,E0,True
VBrun_scale_microbench_300_2026-02-11T064352Z_seed20260211,AgentCorrect,VB-215,6,QueryTool,search,query_hits_reproducible,True,QueryTool,search,True,,E0,True
VBrun_scale_microbench_300_2026-02-11T064352Z_seed20260211,AgentCorrect,VB-216,1,FileTool,write_csv,artifact_written_exists,True,FileTool,write_csv,True,,E0,True
VBrun_scale_microbench_300_2026-02-11T064352Z_seed20260211,AgentCorrect,VB-216,2,FileTool,read_csv,read_after_write_dependency,True,FileTool,read_csv,True,,E0,True
VBrun_scale_microbench_300_2026-02-11T064352Z_seed20260211,AgentCorrect,VB-216,3,QueryTool,search,query_hits_reproducible,True,QueryTool,search,True,,E0,True
VBrun_scale_microbench_300_2026-02-11T064352Z_seed20260211,AgentCorrect,VB-216,4,CalcTool,sum,value_equals,True,CalcTool,sum,True,,E0,True
VBrun_scale_microbench_300_2026-02-11T064352Z_seed20260211,AgentCorrect,VB-216,5,CalcTool,sum,value_equals,True,CalcTool,sum,True,,E0,True
VBrun_scale_microbench_300_2026-02-11T064352Z_seed20260211,AgentCorrect,VB-216,6,QueryTool,search,query_hits_reproducible,True,QueryTool,search,True,,E0,True
VBrun_scale_microbench_300_2026-02-11T064352Z_seed20260211,AgentCorrect,VB-216,7,CalcTool,sum,value_equals,True,CalcTool,sum,True,,E0,True
VBrun_scale_microbench_300_2026-02-11T064352Z_seed20260211,AgentCorrect,VB-217,1,FileTool,write_csv,artifact_written_exists,True,FileTool,write_csv,True,,E0,True
VBrun_scale_microbench_300_2026-02-11T064352Z_seed20260211,AgentCorrect,VB-217,2,FileTool,read_csv,read_after_write_dependency,True,FileTool,read_csv,True,,E0,True
VBrun_scale_microbench_300_2026-02-11T064352Z_seed20260211,AgentCorrect,VB-217,3,QueryTool,search,query_hits_reproducible,True,QueryTool,search,True,,E0,True
VBrun_scale_microbench_300_2026-02-11T064352Z_seed20260211,AgentCorrect,VB-217,4,CalcTool,sum,value_equals,True,CalcTool,sum,True,,E0,True
VBrun_scale_microbench_300_2026-02-11T064352Z_seed20260211,AgentCorrect,VB-217,5,CalcTool,sum,value_equals,True,CalcTool,sum,True,,E0,True
VBrun_scale_microbench_300_2026-02-11T064352Z_seed20260211,AgentCorrect,VB-217,6,QueryTool,search,query_hits_reproducible,True,QueryTool,search,True,,E0,True
VBrun_scale_microbench_300_2026-02-11T064352Z_seed20260211,AgentCorrect,VB-217,7,CalcTool,sum,value_equals,True,CalcTool,sum,True,,E0,True
VBrun_scale_microbench_300_2026-02-11T064352Z_seed20260211,AgentCorrect,VB-217,8,CalcTool,sum,value_equals,True,CalcTool,sum,True,,E0,True
VBrun_scale_microbench_300_2026-02-11T064352Z_seed20260211,AgentCorrect,VB-218,1,FileTool,write_csv,artifact_written_exists,True,FileTool,write_csv,True,,E0,True
VBrun_scale_microbench_300_2026-02-11T064352Z_seed20260211,AgentCorrect,VB-218,2,FileTool,read_csv,read_after_write_dependency,True,FileTool,read_csv,True,,E0,True
VBrun_scale_microbench_300_2026-02-11T064352Z_seed20260211,AgentCorrect,VB-219,1,FileTool,write_csv,artifact_written_exists,True,FileTool,write_csv,True,,E0,True
VBrun_scale_microbench_300_2026-02-11T064352Z_seed20260211,AgentCorrect,VB-219,2,FileTool,read_csv,read_after_write_dependency,True,FileTool,read_csv,True,,E0,True
VBrun_scale_microbench_300_2026-02-11T064352Z_seed20260211,AgentCorrect,VB-219,3,QueryTool,search,query_hits_reproducible,True,QueryTool,search,True,,E0,True
VBrun_scale_microbench_300_2026-02-11T064352Z_seed20260211,AgentCorrect,VB-220,1,FileTool,write_csv,artifact_written_exists,True,FileTool,write_csv,True,,E0,True
VBrun_scale_microbench_300_2026-02-11T064352Z_seed20260211,AgentCorrect,VB-220,2,FileTool,read_csv,read_after_write_dependency,True,FileTool,read_csv,True,,E0,True
VBrun_scale_microbench_300_2026-02-11T064352Z_seed20260211,AgentCorrect,VB-220,3,QueryTool,search,query_hits_reproducible,True,QueryTool,search,True,,E0,True
VBrun_scale_microbench_300_2026-02-11T064352Z_seed20260211,AgentCorrect,VB-220,4,CalcTool,sum,value_equals,True,CalcTool,sum,True,,E0,True
VBrun_scale_microbench_300_2026-02-11T064352Z_seed20260211,AgentCorrect,VB-221,1,FileTool,write_csv,artifact_written_exists,True,FileTool,write_csv,True,,E0,True
VBrun_scale_microbench_300_2026-02-11T064352Z_seed20260211,AgentCorrect,VB-221,2,FileTool,read_csv,read_after_write_dependency,True,FileTool,read_csv,True,,E0,True
VBrun_scale_microbench_300_2026-02-11T064352Z_seed20260211,AgentCorrect,VB-221,3,QueryTool,search,query_hits_reproducible,True,QueryTool,search,True,,E0,True
VBrun_scale_microbench_300_2026-02-11T064352Z_seed20260211,AgentCorrect,VB-221,4,CalcTool,sum,value_equals,True,CalcTool,sum,True,,E0,True
VBrun_scale_microbench_300_2026-02-11T064352Z_seed20260211,AgentCorrect,VB-221,5,CalcTool,sum,value_equals,True,CalcTool,sum,True,,E0,True
VBrun_scale_microbench_300_2026-02-11T064352Z_seed20260211,AgentCorrect,VB-222,1,FileTool,write_csv,artifact_written_exists,True,FileTool,write_csv,True,,E0,True
VBrun_scale_microbench_300_2026-02-11T064352Z_seed20260211,AgentCorrect,VB-222,2,FileTool,read_csv,read_after_write_dependency,True,FileTool,read_csv,True,,E0,True
VBrun_scale_microbench_300_2026-02-11T064352Z_seed20260211,AgentCorrect,VB-222,3,QueryTool,search,query_hits_reproducible,True,QueryTool,search,True,,E0,True
VBrun_scale_microbench_300_2026-02-11T064352Z_seed20260211,AgentCorrect,VB-222,4,CalcTool,sum,value_equals,True,CalcTool,sum,True,,E0,True
VBrun_scale_microbench_300_2026-02-11T064352Z_seed20260211,AgentCorrect,VB-222,5,CalcTool,sum,value_equals,True,CalcTool,sum,True,,E0,True
VBrun_scale_microbench_300_2026-02-11T064352Z_seed20260211,AgentCorrect,VB-222,6,QueryTool,search,query_hits_reproducible,True,QueryTool,search,True,,E0,True
VBrun_scale_microbench_300_2026-02-11T064352Z_seed20260211,AgentCorrect,VB-223,1,FileTool,write_csv,artifact_written_exists,True,FileTool,write_csv,True,,E0,True
VBrun_scale_microbench_300_2026-02-11T064352Z_seed20260211,AgentCorrect,VB-223,2,FileTool,read_csv,read_after_write_dependency,True,FileTool,read_csv,True,,E0,True
VBrun_scale_microbench_300_2026-02-11T064352Z_seed20260211,AgentCorrect,VB-223,3,QueryTool,search,query_hits_reproducible,True,QueryTool,search,True,,E0,True
VBrun_scale_microbench_300_2026-02-11T064352Z_seed20260211,AgentCorrect,VB-223,4,CalcTool,sum,value_equals,True,CalcTool,sum,True,,E0,True
VBrun_scale_microbench_300_2026-02-11T064352Z_seed20260211,AgentCorrect,VB-223,5,CalcTool,sum,value_equals,True,CalcTool,sum,True,,E0,True
VBrun_scale_microbench_300_2026-02-11T064352Z_seed20260211,AgentCorrect,VB-223,6,QueryTool,search,query_hits_reproducible,True,QueryTool,search,True,,E0,True
VBrun_scale_microbench_300_2026-02-11T064352Z_seed20260211,AgentCorrect,VB-223,7,CalcTool,sum,value_equals,True,CalcTool,sum,True,,E0,True
VBrun_scale_microbench_300_2026-02-11T064352Z_seed20260211,AgentCorrect,VB-224,1,FileTool,write_csv,artifact_written_exists,True,FileTool,write_csv,True,,E0,True
VBrun_scale_microbench_300_2026-02-11T064352Z_seed20260211,AgentCorrect,VB-224,2,FileTool,read_csv,read_after_write_dependency,True,FileTool,read_csv,True,,E0,True
VBrun_scale_microbench_300_2026-02-11T064352Z_seed20260211,AgentCorrect,VB-224,3,QueryTool,search,query_hits_reproducible,True,QueryTool,search,True,,E0,True
VBrun_scale_microbench_300_2026-02-11T064352Z_seed20260211,AgentCorrect,VB-224,4,CalcTool,sum,value_equals,True,CalcTool,sum,True,,E0,True
VBrun_scale_microbench_300_2026-02-11T064352Z_seed20260211,AgentCorrect,VB-224,5,CalcTool,sum,value_equals,True,CalcTool,sum,True,,E0,True
VBrun_scale_microbench_300_2026-02-11T064352Z_seed20260211,AgentCorrect,VB-224,6,QueryTool,search,query_hits_reproducible,True,QueryTool,search,True,,E0,True
VBrun_scale_microbench_300_2026-02-11T064352Z_seed20260211,AgentCorrect,VB-224,7,CalcTool,sum,value_equals,True,CalcTool,sum,True,,E0,True
VBrun_scale_microbench_300_2026-02-11T064352Z_seed20260211,AgentCorrect,VB-224,8,CalcTool,sum,value_equals,True,CalcTool,sum,True,,E0,True
VBrun_scale_microbench_300_2026-02-11T064352Z_seed20260211,AgentCorrect,VB-225,1,FileTool,write_csv,artifact_written_exists,True,FileTool,write_csv,True,,E0,True
VBrun_scale_microbench_300_2026-02-11T064352Z_seed20260211,AgentCorrect,VB-225,2,FileTool,read_csv,read_after_write_dependency,True,FileTool,read_csv,True,,E0,True
VBrun_scale_microbench_300_2026-02-11T064352Z_seed20260211,AgentCorrect,VB-226,1,FileTool,write_csv,artifact_written_exists,True,FileTool,write_csv,True,,E0,True
VBrun_scale_microbench_300_2026-02-11T064352Z_seed20260211,AgentCorrect,VB-226,2,FileTool,read_csv,read_after_write_dependency,True,FileTool,read_csv,True,,E0,True
VBrun_scale_microbench_300_2026-02-11T064352Z_seed20260211,AgentCorrect,VB-226,3,QueryTool,search,query_hits_reproducible,True,QueryTool,search,True,,E0,True
VBrun_scale_microbench_300_2026-02-11T064352Z_seed20260211,AgentCorrect,VB-227,1,FileTool,write_csv,artifact_written_exists,True,FileTool,write_csv,True,,E0,True
VBrun_scale_microbench_300_2026-02-11T064352Z_seed20260211,AgentCorrect,VB-227,2,FileTool,read_csv,read_after_write_dependency,True,FileTool,read_csv,True,,E0,True
VBrun_scale_microbench_300_2026-02-11T064352Z_seed20260211,AgentCorrect,VB-227,3,QueryTool,search,query_hits_reproducible,True,QueryTool,search,True,,E0,True
VBrun_scale_microbench_300_2026-02-11T064352Z_seed20260211,AgentCorrect,VB-227,4,CalcTool,sum,value_equals,True,CalcTool,sum,True,,E0,True
VBrun_scale_microbench_300_2026-02-11T064352Z_seed20260211,AgentCorrect,VB-228,1,FileTool,write_csv,artifact_written_exists,True,FileTool,write_csv,True,,E0,True
VBrun_scale_microbench_300_2026-02-11T064352Z_seed20260211,AgentCorrect,VB-228,2,FileTool,read_csv,read_after_write_dependency,True,FileTool,read_csv,True,,E0,True
VBrun_scale_microbench_300_2026-02-11T064352Z_seed20260211,AgentCorrect,VB-228,3,QueryTool,search,query_hits_reproducible,True,QueryTool,search,True,,E0,True
VBrun_scale_microbench_300_2026-02-11T064352Z_seed20260211,AgentCorrect,VB-228,4,CalcTool,sum,value_equals,True,CalcTool,sum,True,,E0,True
VBrun_scale_microbench_300_2026-02-11T064352Z_seed20260211,AgentCorrect,VB-228,5,CalcTool,sum,value_equals,True,CalcTool,sum,True,,E0,True
VBrun_scale_microbench_300_2026-02-11T064352Z_seed20260211,AgentCorrect,VB-229,1,FileTool,write_csv,artifact_written_exists,True,FileTool,write_csv,True,,E0,True
VBrun_scale_microbench_300_2026-02-11T064352Z_seed20260211,AgentCorrect,VB-229,2,FileTool,read_csv,read_after_write_dependency,True,FileTool,read_csv,True,,E0,True
VBrun_scale_microbench_300_2026-02-11T064352Z_seed20260211,AgentCorrect,VB-229,3,QueryTool,search,query_hits_reproducible,True,QueryTool,search,True,,E0,True
VBrun_scale_microbench_300_2026-02-11T064352Z_seed20260211,AgentCorrect,VB-229,4,CalcTool,sum,value_equals,True,CalcTool,sum,True,,E0,True
VBrun_scale_microbench_300_2026-02-11T064352Z_seed20260211,AgentCorrect,VB-229,5,CalcTool,sum,value_equals,True,CalcTool,sum,True,,E0,True
VBrun_scale_microbench_300_2026-02-11T064352Z_seed20260211,AgentCorrect,VB-229,6,QueryTool,search,query_hits_reproducible,True,QueryTool,search,True,,E0,True
VBrun_scale_microbench_300_2026-02-11T064352Z_seed20260211,AgentCorrect,VB-230,1,FileTool,write_csv,artifact_written_exists,True,FileTool,write_csv,True,,E0,True
VBrun_scale_microbench_300_2026-02-11T064352Z_seed20260211,AgentCorrect,VB-230,2,FileTool,read_csv,read_after_write_dependency,True,FileTool,read_csv,True,,E0,True
VBrun_scale_microbench_300_2026-02-11T064352Z_seed20260211,AgentCorrect,VB-230,3,QueryTool,search,query_hits_reproducible,True,QueryTool,search,True,,E0,True
VBrun_scale_microbench_300_2026-02-11T064352Z_seed20260211,AgentCorrect,VB-230,4,CalcTool,sum,value_equals,True,CalcTool,sum,True,,E0,True
VBrun_scale_microbench_300_2026-02-11T064352Z_seed20260211,AgentCorrect,VB-230,5,CalcTool,sum,value_equals,True,CalcTool,sum,True,,E0,True
VBrun_scale_microbench_300_2026-02-11T064352Z_seed20260211,AgentCorrect,VB-230,6,QueryTool,search,query_hits_reproducible,True,QueryTool,search,True,,E0,True
VBrun_scale_microbench_300_2026-02-11T064352Z_seed20260211,AgentCorrect,VB-230,7,CalcTool,sum,value_equals,True,CalcTool,sum,True,,E0,True
VBrun_scale_microbench_300_2026-02-11T064352Z_seed20260211,AgentCorrect,VB-231,1,FileTool,write_csv,artifact_written_exists,True,FileTool,write_csv,True,,E0,True
VBrun_scale_microbench_300_2026-02-11T064352Z_seed20260211,AgentCorrect,VB-231,2,FileTool,read_csv,read_after_write_dependency,True,FileTool,read_csv,True,,E0,True
VBrun_scale_microbench_300_2026-02-11T064352Z_seed20260211,AgentCorrect,VB-231,3,QueryTool,search,query_hits_reproducible,True,QueryTool,search,True,,E0,True
VBrun_scale_microbench_300_2026-02-11T064352Z_seed20260211,AgentCorrect,VB-231,4,CalcTool,sum,value_equals,True,CalcTool,sum,True,,E0,True
VBrun_scale_microbench_300_2026-02-11T064352Z_seed20260211,AgentCorrect,VB-231,5,CalcTool,sum,value_equals,True,CalcTool,sum,True,,E0,True
VBrun_scale_microbench_300_2026-02-11T064352Z_seed20260211,AgentCorrect,VB-231,6,QueryTool,search,query_hits_reproducible,True,QueryTool,search,True,,E0,True
VBrun_scale_microbench_300_2026-02-11T064352Z_seed20260211,AgentCorrect,VB-231,7,CalcTool,sum,value_equals,True,CalcTool,sum,True,,E0,True
VBrun_scale_microbench_300_2026-02-11T064352Z_seed20260211,AgentCorrect,VB-231,8,CalcTool,sum,value_equals,True,CalcTool,sum,True,,E0,True
VBrun_scale_microbench_300_2026-02-11T064352Z_seed20260211,AgentCorrect,VB-232,1,FileTool,write_csv,artifact_written_exists,True,FileTool,write_csv,True,,E0,True
VBrun_scale_microbench_300_2026-02-11T064352Z_seed20260211,AgentCorrect,VB-232,2,FileTool,read_csv,read_after_write_dependency,True,FileTool,read_csv,True,,E0,True
VBrun_scale_microbench_300_2026-02-11T064352Z_seed20260211,AgentCorrect,VB-233,1,FileTool,write_csv,artifact_written_exists,True,FileTool,write_csv,True,,E0,True
VBrun_scale_microbench_300_2026-02-11T064352Z_seed20260211,AgentCorrect,VB-233,2,FileTool,read_csv,read_after_write_dependency,True,FileTool,read_csv,True,,E0,True
VBrun_scale_microbench_300_2026-02-11T064352Z_seed20260211,AgentCorrect,VB-233,3,QueryTool,search,query_hits_reproducible,True,QueryTool,search,True,,E0,True
VBrun_scale_microbench_300_2026-02-11T064352Z_seed20260211,AgentCorrect,VB-234,1,FileTool,write_csv,artifact_written_exists,True,FileTool,write_csv,True,,E0,True
VBrun_scale_microbench_300_2026-02-11T064352Z_seed20260211,AgentCorrect,VB-234,2,FileTool,read_csv,read_after_write_dependency,True,FileTool,read_csv,True,,E0,True
VBrun_scale_microbench_300_2026-02-11T064352Z_seed20260211,AgentCorrect,VB-234,3,QueryTool,search,query_hits_reproducible,True,QueryTool,search,True,,E0,True
VBrun_scale_microbench_300_2026-02-11T064352Z_seed20260211,AgentCorrect,VB-234,4,CalcTool,sum,value_equals,True,CalcTool,sum,True,,E0,True
VBrun_scale_microbench_300_2026-02-11T064352Z_seed20260211,AgentCorrect,VB-235,1,FileTool,write_csv,artifact_written_exists,True,FileTool,write_csv,True,,E0,True
VBrun_scale_microbench_300_2026-02-11T064352Z_seed20260211,AgentCorrect,VB-235,2,FileTool,read_csv,read_after_write_dependency,True,FileTool,read_csv,True,,E0,True
VBrun_scale_microbench_300_2026-02-11T064352Z_seed20260211,AgentCorrect,VB-235,3,QueryTool,search,query_hits_reproducible,True,QueryTool,search,True,,E0,True
VBrun_scale_microbench_300_2026-02-11T064352Z_seed20260211,AgentCorrect,VB-235,4,CalcTool,sum,value_equals,True,CalcTool,sum,True,,E0,True
VBrun_scale_microbench_300_2026-02-11T064352Z_seed20260211,AgentCorrect,VB-235,5,CalcTool,sum,value_equals,True,CalcTool,sum,True,,E0,True
VBrun_scale_microbench_300_2026-02-11T064352Z_seed20260211,AgentCorrect,VB-236,1,FileTool,write_csv,artifact_written_exists,True,FileTool,write_csv,True,,E0,True
VBrun_scale_microbench_300_2026-02-11T064352Z_seed20260211,AgentCorrect,VB-236,2,FileTool,read_csv,read_after_write_dependency,True,FileTool,read_csv,True,,E0,True
VBrun_scale_microbench_300_2026-02-11T064352Z_seed20260211,AgentCorrect,VB-236,3,QueryTool,search,query_hits_reproducible,True,QueryTool,search,True,,E0,True
VBrun_scale_microbench_300_2026-02-11T064352Z_seed20260211,AgentCorrect,VB-236,4,CalcTool,sum,value_equals,True,CalcTool,sum,True,,E0,True
VBrun_scale_microbench_300_2026-02-11T064352Z_seed20260211,AgentCorrect,VB-236,5,CalcTool,sum,value_equals,True,CalcTool,sum,True,,E0,True
VBrun_scale_microbench_300_2026-02-11T064352Z_seed20260211,AgentCorrect,VB-236,6,QueryTool,search,query_hits_reproducible,True,QueryTool,search,True,,E0,True
VBrun_scale_microbench_300_2026-02-11T064352Z_seed20260211,AgentCorrect,VB-237,1,FileTool,write_csv,artifact_written_exists,True,FileTool,write_csv,True,,E0,True
VBrun_scale_microbench_300_2026-02-11T064352Z_seed20260211,AgentCorrect,VB-237,2,FileTool,read_csv,read_after_write_dependency,True,FileTool,read_csv,True,,E0,True
VBrun_scale_microbench_300_2026-02-11T064352Z_seed20260211,AgentCorrect,VB-237,3,QueryTool,search,query_hits_reproducible,True,QueryTool,search,True,,E0,True
VBrun_scale_microbench_300_2026-02-11T064352Z_seed20260211,AgentCorrect,VB-237,4,CalcTool,sum,value_equals,True,CalcTool,sum,True,,E0,True
VBrun_scale_microbench_300_2026-02-11T064352Z_seed20260211,AgentCorrect,VB-237,5,CalcTool,sum,value_equals,True,CalcTool,sum,True,,E0,True
VBrun_scale_microbench_300_2026-02-11T064352Z_seed20260211,AgentCorrect,VB-237,6,QueryTool,search,query_hits_reproducible,True,QueryTool,search,True,,E0,True
VBrun_scale_microbench_300_2026-02-11T064352Z_seed20260211,AgentCorrect,VB-237,7,CalcTool,sum,value_equals,True,CalcTool,sum,True,,E0,True
VBrun_scale_microbench_300_2026-02-11T064352Z_seed20260211,AgentCorrect,VB-238,1,FileTool,write_csv,artifact_written_exists,True,FileTool,write_csv,True,,E0,True
VBrun_scale_microbench_300_2026-02-11T064352Z_seed20260211,AgentCorrect,VB-238,2,FileTool,read_csv,read_after_write_dependency,True,FileTool,read_csv,True,,E0,True
VBrun_scale_microbench_300_2026-02-11T064352Z_seed20260211,AgentCorrect,VB-238,3,QueryTool,search,query_hits_reproducible,True,QueryTool,search,True,,E0,True
VBrun_scale_microbench_300_2026-02-11T064352Z_seed20260211,AgentCorrect,VB-238,4,CalcTool,sum,value_equals,True,CalcTool,sum,True,,E0,True
VBrun_scale_microbench_300_2026-02-11T064352Z_seed20260211,AgentCorrect,VB-238,5,CalcTool,sum,value_equals,True,CalcTool,sum,True,,E0,True
VBrun_scale_microbench_300_2026-02-11T064352Z_seed20260211,AgentCorrect,VB-238,6,QueryTool,search,query_hits_reproducible,True,QueryTool,search,True,,E0,True
VBrun_scale_microbench_300_2026-02-11T064352Z_seed20260211,AgentCorrect,VB-238,7,CalcTool,sum,value_equals,True,CalcTool,sum,True,,E0,True
VBrun_scale_microbench_300_2026-02-11T064352Z_seed20260211,AgentCorrect,VB-238,8,CalcTool,sum,value_equals,True,CalcTool,sum,True,,E0,True
VBrun_scale_microbench_300_2026-02-11T064352Z_seed20260211,AgentCorrect,VB-239,1,FileTool,write_csv,artifact_written_exists,True,FileTool,write_csv,True,,E0,True
VBrun_scale_microbench_300_2026-02-11T064352Z_seed20260211,AgentCorrect,VB-239,2,FileTool,read_csv,read_after_write_dependency,True,FileTool,read_csv,True,,E0,True
VBrun_scale_microbench_300_2026-02-11T064352Z_seed20260211,AgentCorrect,VB-240,1,FileTool,write_csv,artifact_written_exists,True,FileTool,write_csv,True,,E0,True
VBrun_scale_microbench_300_2026-02-11T064352Z_seed20260211,AgentCorrect,VB-240,2,FileTool,read_csv,read_after_write_dependency,True,FileTool,read_csv,True,,E0,True
VBrun_scale_microbench_300_2026-02-11T064352Z_seed20260211,AgentCorrect,VB-240,3,QueryTool,search,query_hits_reproducible,True,QueryTool,search,True,,E0,True
VBrun_scale_microbench_300_2026-02-11T064352Z_seed20260211,AgentCorrect,VB-241,1,FileTool,write_csv,artifact_written_exists,True,FileTool,write_csv,True,,E0,True
VBrun_scale_microbench_300_2026-02-11T064352Z_seed20260211,AgentCorrect,VB-241,2,FileTool,read_csv,read_after_write_dependency,True,FileTool,read_csv,True,,E0,True
VBrun_scale_microbench_300_2026-02-11T064352Z_seed20260211,AgentCorrect,VB-241,3,QueryTool,search,query_hits_reproducible,True,QueryTool,search,True,,E0,True
VBrun_scale_microbench_300_2026-02-11T064352Z_seed20260211,AgentCorrect,VB-241,4,CalcTool,sum,value_equals,True,CalcTool,sum,True,,E0,True
VBrun_scale_microbench_300_2026-02-11T064352Z_seed20260211,AgentCorrect,VB-242,1,FileTool,write_csv,artifact_written_exists,True,FileTool,write_csv,True,,E0,True
VBrun_scale_microbench_300_2026-02-11T064352Z_seed20260211,AgentCorrect,VB-242,2,FileTool,read_csv,read_after_write_dependency,True,FileTool,read_csv,True,,E0,True
VBrun_scale_microbench_300_2026-02-11T064352Z_seed20260211,AgentCorrect,VB-242,3,QueryTool,search,query_hits_reproducible,True,QueryTool,search,True,,E0,True
VBrun_scale_microbench_300_2026-02-11T064352Z_seed20260211,AgentCorrect,VB-242,4,CalcTool,sum,value_equals,True,CalcTool,sum,True,,E0,True
VBrun_scale_microbench_300_2026-02-11T064352Z_seed20260211,AgentCorrect,VB-242,5,CalcTool,sum,value_equals,True,CalcTool,sum,True,,E0,True
VBrun_scale_microbench_300_2026-02-11T064352Z_seed20260211,AgentCorrect,VB-243,1,FileTool,write_csv,artifact_written_exists,True,FileTool,write_csv,True,,E0,True
VBrun_scale_microbench_300_2026-02-11T064352Z_seed20260211,AgentCorrect,VB-243,2,FileTool,read_csv,read_after_write_dependency,True,FileTool,read_csv,True,,E0,True
VBrun_scale_microbench_300_2026-02-11T064352Z_seed20260211,AgentCorrect,VB-243,3,QueryTool,search,query_hits_reproducible,True,QueryTool,search,True,,E0,True
VBrun_scale_microbench_300_2026-02-11T064352Z_seed20260211,AgentCorrect,VB-243,4,CalcTool,sum,value_equals,True,CalcTool,sum,True,,E0,True
VBrun_scale_microbench_300_2026-02-11T064352Z_seed20260211,AgentCorrect,VB-243,5,CalcTool,sum,value_equals,True,CalcTool,sum,True,,E0,True
VBrun_scale_microbench_300_2026-02-11T064352Z_seed20260211,AgentCorrect,VB-243,6,QueryTool,search,query_hits_reproducible,True,QueryTool,search,True,,E0,True
VBrun_scale_microbench_300_2026-02-11T064352Z_seed20260211,AgentCorrect,VB-244,1,FileTool,write_csv,artifact_written_exists,True,FileTool,write_csv,True,,E0,True
VBrun_scale_microbench_300_2026-02-11T064352Z_seed20260211,AgentCorrect,VB-244,2,FileTool,read_csv,read_after_write_dependency,True,FileTool,read_csv,True,,E0,True
VBrun_scale_microbench_300_2026-02-11T064352Z_seed20260211,AgentCorrect,VB-244,3,QueryTool,search,query_hits_reproducible,True,QueryTool,search,True,,E0,True
VBrun_scale_microbench_300_2026-02-11T064352Z_seed20260211,AgentCorrect,VB-244,4,CalcTool,sum,value_equals,True,CalcTool,sum,True,,E0,True
VBrun_scale_microbench_300_2026-02-11T064352Z_seed20260211,AgentCorrect,VB-244,5,CalcTool,sum,value_equals,True,CalcTool,sum,True,,E0,True
VBrun_scale_microbench_300_2026-02-11T064352Z_seed20260211,AgentCorrect,VB-244,6,QueryTool,search,query_hits_reproducible,True,QueryTool,search,True,,E0,True
VBrun_scale_microbench_300_2026-02-11T064352Z_seed20260211,AgentCorrect,VB-244,7,CalcTool,sum,value_equals,True,CalcTool,sum,True,,E0,True
VBrun_scale_microbench_300_2026-02-11T064352Z_seed20260211,AgentCorrect,VB-245,1,FileTool,write_csv,artifact_written_exists,True,FileTool,write_csv,True,,E0,True
VBrun_scale_microbench_300_2026-02-11T064352Z_seed20260211,AgentCorrect,VB-245,2,FileTool,read_csv,read_after_write_dependency,True,FileTool,read_csv,True,,E0,True
VBrun_scale_microbench_300_2026-02-11T064352Z_seed20260211,AgentCorrect,VB-245,3,QueryTool,search,query_hits_reproducible,True,QueryTool,search,True,,E0,True
VBrun_scale_microbench_300_2026-02-11T064352Z_seed20260211,AgentCorrect,VB-245,4,CalcTool,sum,value_equals,True,CalcTool,sum,True,,E0,True
VBrun_scale_microbench_300_2026-02-11T064352Z_seed20260211,AgentCorrect,VB-245,5,CalcTool,sum,value_equals,True,CalcTool,sum,True,,E0,True
VBrun_scale_microbench_300_2026-02-11T064352Z_seed20260211,AgentCorrect,VB-245,6,QueryTool,search,query_hits_reproducible,True,QueryTool,search,True,,E0,True
VBrun_scale_microbench_300_2026-02-11T064352Z_seed20260211,AgentCorrect,VB-245,7,CalcTool,sum,value_equals,True,CalcTool,sum,True,,E0,True
VBrun_scale_microbench_300_2026-02-11T064352Z_seed20260211,AgentCorrect,VB-245,8,CalcTool,sum,value_equals,True,CalcTool,sum,True,,E0,True
VBrun_scale_microbench_300_2026-02-11T064352Z_seed20260211,AgentCorrect,VB-246,1,FileTool,write_csv,artifact_written_exists,True,FileTool,write_csv,True,,E0,True
VBrun_scale_microbench_300_2026-02-11T064352Z_seed20260211,AgentCorrect,VB-246,2,FileTool,read_csv,read_after_write_dependency,True,FileTool,read_csv,True,,E0,True
VBrun_scale_microbench_300_2026-02-11T064352Z_seed20260211,AgentCorrect,VB-247,1,FileTool,write_csv,artifact_written_exists,True,FileTool,write_csv,True,,E0,True
VBrun_scale_microbench_300_2026-02-11T064352Z_seed20260211,AgentCorrect,VB-247,2,FileTool,read_csv,read_after_write_dependency,True,FileTool,read_csv,True,,E0,True
VBrun_scale_microbench_300_2026-02-11T064352Z_seed20260211,AgentCorrect,VB-247,3,QueryTool,search,query_hits_reproducible,True,QueryTool,search,True,,E0,True
VBrun_scale_microbench_300_2026-02-11T064352Z_seed20260211,AgentCorrect,VB-248,1,FileTool,write_csv,artifact_written_exists,True,FileTool,write_csv,True,,E0,True
VBrun_scale_microbench_300_2026-02-11T064352Z_seed20260211,AgentCorrect,VB-248,2,FileTool,read_csv,read_after_write_dependency,True,FileTool,read_csv,True,,E0,True
VBrun_scale_microbench_300_2026-02-11T064352Z_seed20260211,AgentCorrect,VB-248,3,QueryTool,search,query_hits_reproducible,True,QueryTool,search,True,,E0,True
VBrun_scale_microbench_300_2026-02-11T064352Z_seed20260211,AgentCorrect,VB-248,4,CalcTool,sum,value_equals,True,CalcTool,sum,True,,E0,True
VBrun_scale_microbench_300_2026-02-11T064352Z_seed20260211,AgentCorrect,VB-249,1,FileTool,write_csv,artifact_written_exists,True,FileTool,write_csv,True,,E0,True
VBrun_scale_microbench_300_2026-02-11T064352Z_seed20260211,AgentCorrect,VB-249,2,FileTool,read_csv,read_after_write_dependency,True,FileTool,read_csv,True,,E0,True
VBrun_scale_microbench_300_2026-02-11T064352Z_seed20260211,AgentCorrect,VB-249,3,QueryTool,search,query_hits_reproducible,True,QueryTool,search,True,,E0,True
VBrun_scale_microbench_300_2026-02-11T064352Z_seed20260211,AgentCorrect,VB-249,4,CalcTool,sum,value_equals,True,CalcTool,sum,True,,E0,True
VBrun_scale_microbench_300_2026-02-11T064352Z_seed20260211,AgentCorrect,VB-249,5,CalcTool,sum,value_equals,True,CalcTool,sum,True,,E0,True
VBrun_scale_microbench_300_2026-02-11T064352Z_seed20260211,AgentCorrect,VB-250,1,FileTool,write_csv,artifact_written_exists,True,FileTool,write_csv,True,,E0,True
VBrun_scale_microbench_300_2026-02-11T064352Z_seed20260211,AgentCorrect,VB-250,2,FileTool,read_csv,read_after_write_dependency,True,FileTool,read_csv,True,,E0,True
VBrun_scale_microbench_300_2026-02-11T064352Z_seed20260211,AgentCorrect,VB-250,3,QueryTool,search,query_hits_reproducible,True,QueryTool,search,True,,E0,True
VBrun_scale_microbench_300_2026-02-11T064352Z_seed20260211,AgentCorrect,VB-250,4,CalcTool,sum,value_equals,True,CalcTool,sum,True,,E0,True
VBrun_scale_microbench_300_2026-02-11T064352Z_seed20260211,AgentCorrect,VB-250,5,CalcTool,sum,value_equals,True,CalcTool,sum,True,,E0,True
VBrun_scale_microbench_300_2026-02-11T064352Z_seed20260211,AgentCorrect,VB-250,6,QueryTool,search,query_hits_reproducible,True,QueryTool,search,True,,E0,True
VBrun_scale_microbench_300_2026-02-11T064352Z_seed20260211,AgentCorrect,VB-251,1,FileTool,write_csv,artifact_written_exists,True,FileTool,write_csv,True,,E0,True
VBrun_scale_microbench_300_2026-02-11T064352Z_seed20260211,AgentCorrect,VB-251,2,FileTool,read_csv,read_after_write_dependency,True,FileTool,read_csv,True,,E0,True
VBrun_scale_microbench_300_2026-02-11T064352Z_seed20260211,AgentCorrect,VB-251,3,QueryTool,search,query_hits_reproducible,True,QueryTool,search,True,,E0,True
VBrun_scale_microbench_300_2026-02-11T064352Z_seed20260211,AgentCorrect,VB-251,4,CalcTool,sum,value_equals,True,CalcTool,sum,True,,E0,True
VBrun_scale_microbench_300_2026-02-11T064352Z_seed20260211,AgentCorrect,VB-251,5,CalcTool,sum,value_equals,True,CalcTool,sum,True,,E0,True
VBrun_scale_microbench_300_2026-02-11T064352Z_seed20260211,AgentCorrect,VB-251,6,QueryTool,search,query_hits_reproducible,True,QueryTool,search,True,,E0,True
VBrun_scale_microbench_300_2026-02-11T064352Z_seed20260211,AgentCorrect,VB-251,7,CalcTool,sum,value_equals,True,CalcTool,sum,True,,E0,True
VBrun_scale_microbench_300_2026-02-11T064352Z_seed20260211,AgentCorrect,VB-252,1,FileTool,write_csv,artifact_written_exists,True,FileTool,write_csv,True,,E0,True
VBrun_scale_microbench_300_2026-02-11T064352Z_seed20260211,AgentCorrect,VB-252,2,FileTool,read_csv,read_after_write_dependency,True,FileTool,read_csv,True,,E0,True
VBrun_scale_microbench_300_2026-02-11T064352Z_seed20260211,AgentCorrect,VB-252,3,QueryTool,search,query_hits_reproducible,True,QueryTool,search,True,,E0,True
VBrun_scale_microbench_300_2026-02-11T064352Z_seed20260211,AgentCorrect,VB-252,4,CalcTool,sum,value_equals,True,CalcTool,sum,True,,E0,True
VBrun_scale_microbench_300_2026-02-11T064352Z_seed20260211,AgentCorrect,VB-252,5,CalcTool,sum,value_equals,True,CalcTool,sum,True,,E0,True
VBrun_scale_microbench_300_2026-02-11T064352Z_seed20260211,AgentCorrect,VB-252,6,QueryTool,search,query_hits_reproducible,True,QueryTool,search,True,,E0,True
VBrun_scale_microbench_300_2026-02-11T064352Z_seed20260211,AgentCorrect,VB-252,7,CalcTool,sum,value_equals,True,CalcTool,sum,True,,E0,True
VBrun_scale_microbench_300_2026-02-11T064352Z_seed20260211,AgentCorrect,VB-252,8,CalcTool,sum,value_equals,True,CalcTool,sum,True,,E0,True
VBrun_scale_microbench_300_2026-02-11T064352Z_seed20260211,AgentCorrect,VB-253,1,FileTool,write_csv,artifact_written_exists,True,FileTool,write_csv,True,,E0,True
VBrun_scale_microbench_300_2026-02-11T064352Z_seed20260211,AgentCorrect,VB-253,2,FileTool,read_csv,read_after_write_dependency,True,FileTool,read_csv,True,,E0,True
VBrun_scale_microbench_300_2026-02-11T064352Z_seed20260211,AgentCorrect,VB-254,1,FileTool,write_csv,artifact_written_exists,True,FileTool,write_csv,True,,E0,True
VBrun_scale_microbench_300_2026-02-11T064352Z_seed20260211,AgentCorrect,VB-254,2,FileTool,read_csv,read_after_write_dependency,True,FileTool,read_csv,True,,E0,True
VBrun_scale_microbench_300_2026-02-11T064352Z_seed20260211,AgentCorrect,VB-254,3,QueryTool,search,query_hits_reproducible,True,QueryTool,search,True,,E0,True
VBrun_scale_microbench_300_2026-02-11T064352Z_seed20260211,AgentCorrect,VB-255,1,FileTool,write_csv,artifact_written_exists,True,FileTool,write_csv,True,,E0,True
VBrun_scale_microbench_300_2026-02-11T064352Z_seed20260211,AgentCorrect,VB-255,2,FileTool,read_csv,read_after_write_dependency,True,FileTool,read_csv,True,,E0,True
VBrun_scale_microbench_300_2026-02-11T064352Z_seed20260211,AgentCorrect,VB-255,3,QueryTool,search,query_hits_reproducible,True,QueryTool,search,True,,E0,True
VBrun_scale_microbench_300_2026-02-11T064352Z_seed20260211,AgentCorrect,VB-255,4,CalcTool,sum,value_equals,True,CalcTool,sum,True,,E0,True
VBrun_scale_microbench_300_2026-02-11T064352Z_seed20260211,AgentCorrect,VB-256,1,FileTool,write_csv,artifact_written_exists,True,FileTool,write_csv,True,,E0,True
VBrun_scale_microbench_300_2026-02-11T064352Z_seed20260211,AgentCorrect,VB-256,2,FileTool,read_csv,read_after_write_dependency,True,FileTool,read_csv,True,,E0,True
VBrun_scale_microbench_300_2026-02-11T064352Z_seed20260211,AgentCorrect,VB-256,3,QueryTool,search,query_hits_reproducible,True,QueryTool,search,True,,E0,True
VBrun_scale_microbench_300_2026-02-11T064352Z_seed20260211,AgentCorrect,VB-256,4,CalcTool,sum,value_equals,True,CalcTool,sum,True,,E0,True
VBrun_scale_microbench_300_2026-02-11T064352Z_seed20260211,AgentCorrect,VB-256,5,CalcTool,sum,value_equals,True,CalcTool,sum,True,,E0,True
VBrun_scale_microbench_300_2026-02-11T064352Z_seed20260211,AgentCorrect,VB-257,1,FileTool,write_csv,artifact_written_exists,True,FileTool,write_csv,True,,E0,True
VBrun_scale_microbench_300_2026-02-11T064352Z_seed20260211,AgentCorrect,VB-257,2,FileTool,read_csv,read_after_write_dependency,True,FileTool,read_csv,True,,E0,True
VBrun_scale_microbench_300_2026-02-11T064352Z_seed20260211,AgentCorrect,VB-257,3,QueryTool,search,query_hits_reproducible,True,QueryTool,search,True,,E0,True
VBrun_scale_microbench_300_2026-02-11T064352Z_seed20260211,AgentCorrect,VB-257,4,CalcTool,sum,value_equals,True,CalcTool,sum,True,,E0,True
VBrun_scale_microbench_300_2026-02-11T064352Z_seed20260211,AgentCorrect,VB-257,5,CalcTool,sum,value_equals,True,CalcTool,sum,True,,E0,True
VBrun_scale_microbench_300_2026-02-11T064352Z_seed20260211,AgentCorrect,VB-257,6,QueryTool,search,query_hits_reproducible,True,QueryTool,search,True,,E0,True
VBrun_scale_microbench_300_2026-02-11T064352Z_seed20260211,AgentCorrect,VB-258,1,FileTool,write_csv,artifact_written_exists,True,FileTool,write_csv,True,,E0,True
VBrun_scale_microbench_300_2026-02-11T064352Z_seed20260211,AgentCorrect,VB-258,2,FileTool,read_csv,read_after_write_dependency,True,FileTool,read_csv,True,,E0,True
VBrun_scale_microbench_300_2026-02-11T064352Z_seed20260211,AgentCorrect,VB-258,3,QueryTool,search,query_hits_reproducible,True,QueryTool,search,True,,E0,True
VBrun_scale_microbench_300_2026-02-11T064352Z_seed20260211,AgentCorrect,VB-258,4,CalcTool,sum,value_equals,True,CalcTool,sum,True,,E0,True
VBrun_scale_microbench_300_2026-02-11T064352Z_seed20260211,AgentCorrect,VB-258,5,CalcTool,sum,value_equals,True,CalcTool,sum,True,,E0,True
VBrun_scale_microbench_300_2026-02-11T064352Z_seed20260211,AgentCorrect,VB-258,6,QueryTool,search,query_hits_reproducible,True,QueryTool,search,True,,E0,True
VBrun_scale_microbench_300_2026-02-11T064352Z_seed20260211,AgentCorrect,VB-258,7,CalcTool,sum,value_equals,True,CalcTool,sum,True,,E0,True
VBrun_scale_microbench_300_2026-02-11T064352Z_seed20260211,AgentCorrect,VB-259,1,FileTool,write_csv,artifact_written_exists,True,FileTool,write_csv,True,,E0,True
VBrun_scale_microbench_300_2026-02-11T064352Z_seed20260211,AgentCorrect,VB-259,2,FileTool,read_csv,read_after_write_dependency,True,FileTool,read_csv,True,,E0,True
VBrun_scale_microbench_300_2026-02-11T064352Z_seed20260211,AgentCorrect,VB-259,3,QueryTool,search,query_hits_reproducible,True,QueryTool,search,True,,E0,True
VBrun_scale_microbench_300_2026-02-11T064352Z_seed20260211,AgentCorrect,VB-259,4,CalcTool,sum,value_equals,True,CalcTool,sum,True,,E0,True
VBrun_scale_microbench_300_2026-02-11T064352Z_seed20260211,AgentCorrect,VB-259,5,CalcTool,sum,value_equals,True,CalcTool,sum,True,,E0,True
VBrun_scale_microbench_300_2026-02-11T064352Z_seed20260211,AgentCorrect,VB-259,6,QueryTool,search,query_hits_reproducible,True,QueryTool,search,True,,E0,True
VBrun_scale_microbench_300_2026-02-11T064352Z_seed20260211,AgentCorrect,VB-259,7,CalcTool,sum,value_equals,True,CalcTool,sum,True,,E0,True
VBrun_scale_microbench_300_2026-02-11T064352Z_seed20260211,AgentCorrect,VB-259,8,CalcTool,sum,value_equals,True,CalcTool,sum,True,,E0,True
VBrun_scale_microbench_300_2026-02-11T064352Z_seed20260211,AgentCorrect,VB-260,1,FileTool,write_csv,artifact_written_exists,True,FileTool,write_csv,True,,E0,True
VBrun_scale_microbench_300_2026-02-11T064352Z_seed20260211,AgentCorrect,VB-260,2,FileTool,read_csv,read_after_write_dependency,True,FileTool,read_csv,True,,E0,True
VBrun_scale_microbench_300_2026-02-11T064352Z_seed20260211,AgentCorrect,VB-261,1,FileTool,write_csv,artifact_written_exists,True,FileTool,write_csv,True,,E0,True
VBrun_scale_microbench_300_2026-02-11T064352Z_seed20260211,AgentCorrect,VB-261,2,FileTool,read_csv,read_after_write_dependency,True,FileTool,read_csv,True,,E0,True
VBrun_scale_microbench_300_2026-02-11T064352Z_seed20260211,AgentCorrect,VB-261,3,QueryTool,search,query_hits_reproducible,True,QueryTool,search,True,,E0,True
VBrun_scale_microbench_300_2026-02-11T064352Z_seed20260211,AgentCorrect,VB-262,1,FileTool,write_csv,artifact_written_exists,True,FileTool,write_csv,True,,E0,True
VBrun_scale_microbench_300_2026-02-11T064352Z_seed20260211,AgentCorrect,VB-262,2,FileTool,read_csv,read_after_write_dependency,True,FileTool,read_csv,True,,E0,True
VBrun_scale_microbench_300_2026-02-11T064352Z_seed20260211,AgentCorrect,VB-262,3,QueryTool,search,query_hits_reproducible,True,QueryTool,search,True,,E0,True
VBrun_scale_microbench_300_2026-02-11T064352Z_seed20260211,AgentCorrect,VB-262,4,CalcTool,sum,value_equals,True,CalcTool,sum,True,,E0,True
VBrun_scale_microbench_300_2026-02-11T064352Z_seed20260211,AgentCorrect,VB-263,1,FileTool,write_csv,artifact_written_exists,True,FileTool,write_csv,True,,E0,True
VBrun_scale_microbench_300_2026-02-11T064352Z_seed20260211,AgentCorrect,VB-263,2,FileTool,read_csv,read_after_write_dependency,True,FileTool,read_csv,True,,E0,True
VBrun_scale_microbench_300_2026-02-11T064352Z_seed20260211,AgentCorrect,VB-263,3,QueryTool,search,query_hits_reproducible,True,QueryTool,search,True,,E0,True
VBrun_scale_microbench_300_2026-02-11T064352Z_seed20260211,AgentCorrect,VB-263,4,CalcTool,sum,value_equals,True,CalcTool,sum,True,,E0,True
VBrun_scale_microbench_300_2026-02-11T064352Z_seed20260211,AgentCorrect,VB-263,5,CalcTool,sum,value_equals,True,CalcTool,sum,True,,E0,True
VBrun_scale_microbench_300_2026-02-11T064352Z_seed20260211,AgentCorrect,VB-264,1,FileTool,write_csv,artifact_written_exists,True,FileTool,write_csv,True,,E0,True
VBrun_scale_microbench_300_2026-02-11T064352Z_seed20260211,AgentCorrect,VB-264,2,FileTool,read_csv,read_after_write_dependency,True,FileTool,read_csv,True,,E0,True
VBrun_scale_microbench_300_2026-02-11T064352Z_seed20260211,AgentCorrect,VB-264,3,QueryTool,search,query_hits_reproducible,True,QueryTool,search,True,,E0,True
VBrun_scale_microbench_300_2026-02-11T064352Z_seed20260211,AgentCorrect,VB-264,4,CalcTool,sum,value_equals,True,CalcTool,sum,True,,E0,True
VBrun_scale_microbench_300_2026-02-11T064352Z_seed20260211,AgentCorrect,VB-264,5,CalcTool,sum,value_equals,True,CalcTool,sum,True,,E0,True
VBrun_scale_microbench_300_2026-02-11T064352Z_seed20260211,AgentCorrect,VB-264,6,QueryTool,search,query_hits_reproducible,True,QueryTool,search,True,,E0,True
VBrun_scale_microbench_300_2026-02-11T064352Z_seed20260211,AgentCorrect,VB-265,1,FileTool,write_csv,artifact_written_exists,True,FileTool,write_csv,True,,E0,True
VBrun_scale_microbench_300_2026-02-11T064352Z_seed20260211,AgentCorrect,VB-265,2,FileTool,read_csv,read_after_write_dependency,True,FileTool,read_csv,True,,E0,True
VBrun_scale_microbench_300_2026-02-11T064352Z_seed20260211,AgentCorrect,VB-265,3,QueryTool,search,query_hits_reproducible,True,QueryTool,search,True,,E0,True
VBrun_scale_microbench_300_2026-02-11T064352Z_seed20260211,AgentCorrect,VB-265,4,CalcTool,sum,value_equals,True,CalcTool,sum,True,,E0,True
VBrun_scale_microbench_300_2026-02-11T064352Z_seed20260211,AgentCorrect,VB-265,5,CalcTool,sum,value_equals,True,CalcTool,sum,True,,E0,True
VBrun_scale_microbench_300_2026-02-11T064352Z_seed20260211,AgentCorrect,VB-265,6,QueryTool,search,query_hits_reproducible,True,QueryTool,search,True,,E0,True
VBrun_scale_microbench_300_2026-02-11T064352Z_seed20260211,AgentCorrect,VB-265,7,CalcTool,sum,value_equals,True,CalcTool,sum,True,,E0,True
VBrun_scale_microbench_300_2026-02-11T064352Z_seed20260211,AgentCorrect,VB-266,1,FileTool,write_csv,artifact_written_exists,True,FileTool,write_csv,True,,E0,True
VBrun_scale_microbench_300_2026-02-11T064352Z_seed20260211,AgentCorrect,VB-266,2,FileTool,read_csv,read_after_write_dependency,True,FileTool,read_csv,True,,E0,True
VBrun_scale_microbench_300_2026-02-11T064352Z_seed20260211,AgentCorrect,VB-266,3,QueryTool,search,query_hits_reproducible,True,QueryTool,search,True,,E0,True
VBrun_scale_microbench_300_2026-02-11T064352Z_seed20260211,AgentCorrect,VB-266,4,CalcTool,sum,value_equals,True,CalcTool,sum,True,,E0,True
VBrun_scale_microbench_300_2026-02-11T064352Z_seed20260211,AgentCorrect,VB-266,5,CalcTool,sum,value_equals,True,CalcTool,sum,True,,E0,True
VBrun_scale_microbench_300_2026-02-11T064352Z_seed20260211,AgentCorrect,VB-266,6,QueryTool,search,query_hits_reproducible,True,QueryTool,search,True,,E0,True
VBrun_scale_microbench_300_2026-02-11T064352Z_seed20260211,AgentCorrect,VB-266,7,CalcTool,sum,value_equals,True,CalcTool,sum,True,,E0,True
VBrun_scale_microbench_300_2026-02-11T064352Z_seed20260211,AgentCorrect,VB-266,8,CalcTool,sum,value_equals,True,CalcTool,sum,True,,E0,True
VBrun_scale_microbench_300_2026-02-11T064352Z_seed20260211,AgentCorrect,VB-267,1,FileTool,write_csv,artifact_written_exists,True,FileTool,write_csv,True,,E0,True
VBrun_scale_microbench_300_2026-02-11T064352Z_seed20260211,AgentCorrect,VB-267,2,FileTool,read_csv,read_after_write_dependency,True,FileTool,read_csv,True,,E0,True
VBrun_scale_microbench_300_2026-02-11T064352Z_seed20260211,AgentCorrect,VB-268,1,FileTool,write_csv,artifact_written_exists,True,FileTool,write_csv,True,,E0,True
VBrun_scale_microbench_300_2026-02-11T064352Z_seed20260211,AgentCorrect,VB-268,2,FileTool,read_csv,read_after_write_dependency,True,FileTool,read_csv,True,,E0,True
VBrun_scale_microbench_300_2026-02-11T064352Z_seed20260211,AgentCorrect,VB-268,3,QueryTool,search,query_hits_reproducible,True,QueryTool,search,True,,E0,True
VBrun_scale_microbench_300_2026-02-11T064352Z_seed20260211,AgentCorrect,VB-269,1,FileTool,write_csv,artifact_written_exists,True,FileTool,write_csv,True,,E0,True
VBrun_scale_microbench_300_2026-02-11T064352Z_seed20260211,AgentCorrect,VB-269,2,FileTool,read_csv,read_after_write_dependency,True,FileTool,read_csv,True,,E0,True
VBrun_scale_microbench_300_2026-02-11T064352Z_seed20260211,AgentCorrect,VB-269,3,QueryTool,search,query_hits_reproducible,True,QueryTool,search,True,,E0,True
VBrun_scale_microbench_300_2026-02-11T064352Z_seed20260211,AgentCorrect,VB-269,4,CalcTool,sum,value_equals,True,CalcTool,sum,True,,E0,True
VBrun_scale_microbench_300_2026-02-11T064352Z_seed20260211,AgentCorrect,VB-270,1,FileTool,write_csv,artifact_written_exists,True,FileTool,write_csv,True,,E0,True
VBrun_scale_microbench_300_2026-02-11T064352Z_seed20260211,AgentCorrect,VB-270,2,FileTool,read_csv,read_after_write_dependency,True,FileTool,read_csv,True,,E0,True
VBrun_scale_microbench_300_2026-02-11T064352Z_seed20260211,AgentCorrect,VB-270,3,QueryTool,search,query_hits_reproducible,True,QueryTool,search,True,,E0,True
VBrun_scale_microbench_300_2026-02-11T064352Z_seed20260211,AgentCorrect,VB-270,4,CalcTool,sum,value_equals,True,CalcTool,sum,True,,E0,True
VBrun_scale_microbench_300_2026-02-11T064352Z_seed20260211,AgentCorrect,VB-270,5,CalcTool,sum,value_equals,True,CalcTool,sum,True,,E0,True
VBrun_scale_microbench_300_2026-02-11T064352Z_seed20260211,AgentCorrect,VB-271,1,FileTool,write_csv,artifact_written_exists,True,FileTool,write_csv,True,,E0,True
VBrun_scale_microbench_300_2026-02-11T064352Z_seed20260211,AgentCorrect,VB-271,2,FileTool,read_csv,read_after_write_dependency,True,FileTool,read_csv,True,,E0,True
VBrun_scale_microbench_300_2026-02-11T064352Z_seed20260211,AgentCorrect,VB-271,3,QueryTool,search,query_hits_reproducible,True,QueryTool,search,True,,E0,True
VBrun_scale_microbench_300_2026-02-11T064352Z_seed20260211,AgentCorrect,VB-271,4,CalcTool,sum,value_equals,True,CalcTool,sum,True,,E0,True
VBrun_scale_microbench_300_2026-02-11T064352Z_seed20260211,AgentCorrect,VB-271,5,CalcTool,sum,value_equals,True,CalcTool,sum,True,,E0,True
VBrun_scale_microbench_300_2026-02-11T064352Z_seed20260211,AgentCorrect,VB-271,6,QueryTool,search,query_hits_reproducible,True,QueryTool,search,True,,E0,True
VBrun_scale_microbench_300_2026-02-11T064352Z_seed20260211,AgentCorrect,VB-272,1,FileTool,write_csv,artifact_written_exists,True,FileTool,write_csv,True,,E0,True
VBrun_scale_microbench_300_2026-02-11T064352Z_seed20260211,AgentCorrect,VB-272,2,FileTool,read_csv,read_after_write_dependency,True,FileTool,read_csv,True,,E0,True
VBrun_scale_microbench_300_2026-02-11T064352Z_seed20260211,AgentCorrect,VB-272,3,QueryTool,search,query_hits_reproducible,True,QueryTool,search,True,,E0,True
VBrun_scale_microbench_300_2026-02-11T064352Z_seed20260211,AgentCorrect,VB-272,4,CalcTool,sum,value_equals,True,CalcTool,sum,True,,E0,True
VBrun_scale_microbench_300_2026-02-11T064352Z_seed20260211,AgentCorrect,VB-272,5,CalcTool,sum,value_equals,True,CalcTool,sum,True,,E0,True
VBrun_scale_microbench_300_2026-02-11T064352Z_seed20260211,AgentCorrect,VB-272,6,QueryTool,search,query_hits_reproducible,True,QueryTool,search,True,,E0,True
VBrun_scale_microbench_300_2026-02-11T064352Z_seed20260211,AgentCorrect,VB-272,7,CalcTool,sum,value_equals,True,CalcTool,sum,True,,E0,True
VBrun_scale_microbench_300_2026-02-11T064352Z_seed20260211,AgentCorrect,VB-273,1,FileTool,write_csv,artifact_written_exists,True,FileTool,write_csv,True,,E0,True
VBrun_scale_microbench_300_2026-02-11T064352Z_seed20260211,AgentCorrect,VB-273,2,FileTool,read_csv,read_after_write_dependency,True,FileTool,read_csv,True,,E0,True
VBrun_scale_microbench_300_2026-02-11T064352Z_seed20260211,AgentCorrect,VB-273,3,QueryTool,search,query_hits_reproducible,True,QueryTool,search,True,,E0,True
VBrun_scale_microbench_300_2026-02-11T064352Z_seed20260211,AgentCorrect,VB-273,4,CalcTool,sum,value_equals,True,CalcTool,sum,True,,E0,True
VBrun_scale_microbench_300_2026-02-11T064352Z_seed20260211,AgentCorrect,VB-273,5,CalcTool,sum,value_equals,True,CalcTool,sum,True,,E0,True
VBrun_scale_microbench_300_2026-02-11T064352Z_seed20260211,AgentCorrect,VB-273,6,QueryTool,search,query_hits_reproducible,True,QueryTool,search,True,,E0,True
VBrun_scale_microbench_300_2026-02-11T064352Z_seed20260211,AgentCorrect,VB-273,7,CalcTool,sum,value_equals,True,CalcTool,sum,True,,E0,True
VBrun_scale_microbench_300_2026-02-11T064352Z_seed20260211,AgentCorrect,VB-273,8,CalcTool,sum,value_equals,True,CalcTool,sum,True,,E0,True
VBrun_scale_microbench_300_2026-02-11T064352Z_seed20260211,AgentCorrect,VB-274,1,FileTool,write_csv,artifact_written_exists,True,FileTool,write_csv,True,,E0,True
VBrun_scale_microbench_300_2026-02-11T064352Z_seed20260211,AgentCorrect,VB-274,2,FileTool,read_csv,read_after_write_dependency,True,FileTool,read_csv,True,,E0,True
VBrun_scale_microbench_300_2026-02-11T064352Z_seed20260211,AgentCorrect,VB-275,1,FileTool,write_csv,artifact_written_exists,True,FileTool,write_csv,True,,E0,True
VBrun_scale_microbench_300_2026-02-11T064352Z_seed20260211,AgentCorrect,VB-275,2,FileTool,read_csv,read_after_write_dependency,True,FileTool,read_csv,True,,E0,True
VBrun_scale_microbench_300_2026-02-11T064352Z_seed20260211,AgentCorrect,VB-275,3,QueryTool,search,query_hits_reproducible,True,QueryTool,search,True,,E0,True
VBrun_scale_microbench_300_2026-02-11T064352Z_seed20260211,AgentCorrect,VB-276,1,FileTool,write_csv,artifact_written_exists,True,FileTool,write_csv,True,,E0,True
VBrun_scale_microbench_300_2026-02-11T064352Z_seed20260211,AgentCorrect,VB-276,2,FileTool,read_csv,read_after_write_dependency,True,FileTool,read_csv,True,,E0,True
VBrun_scale_microbench_300_2026-02-11T064352Z_seed20260211,AgentCorrect,VB-276,3,QueryTool,search,query_hits_reproducible,True,QueryTool,search,True,,E0,True
VBrun_scale_microbench_300_2026-02-11T064352Z_seed20260211,AgentCorrect,VB-276,4,CalcTool,sum,value_equals,True,CalcTool,sum,True,,E0,True
VBrun_scale_microbench_300_2026-02-11T064352Z_seed20260211,AgentCorrect,VB-277,1,FileTool,write_csv,artifact_written_exists,True,FileTool,write_csv,True,,E0,True
VBrun_scale_microbench_300_2026-02-11T064352Z_seed20260211,AgentCorrect,VB-277,2,FileTool,read_csv,read_after_write_dependency,True,FileTool,read_csv,True,,E0,True
VBrun_scale_microbench_300_2026-02-11T064352Z_seed20260211,AgentCorrect,VB-277,3,QueryTool,search,query_hits_reproducible,True,QueryTool,search,True,,E0,True
VBrun_scale_microbench_300_2026-02-11T064352Z_seed20260211,AgentCorrect,VB-277,4,CalcTool,sum,value_equals,True,CalcTool,sum,True,,E0,True
VBrun_scale_microbench_300_2026-02-11T064352Z_seed20260211,AgentCorrect,VB-277,5,CalcTool,sum,value_equals,True,CalcTool,sum,True,,E0,True
VBrun_scale_microbench_300_2026-02-11T064352Z_seed20260211,AgentCorrect,VB-278,1,FileTool,write_csv,artifact_written_exists,True,FileTool,write_csv,True,,E0,True
VBrun_scale_microbench_300_2026-02-11T064352Z_seed20260211,AgentCorrect,VB-278,2,FileTool,read_csv,read_after_write_dependency,True,FileTool,read_csv,True,,E0,True
VBrun_scale_microbench_300_2026-02-11T064352Z_seed20260211,AgentCorrect,VB-278,3,QueryTool,search,query_hits_reproducible,True,QueryTool,search,True,,E0,True
VBrun_scale_microbench_300_2026-02-11T064352Z_seed20260211,AgentCorrect,VB-278,4,CalcTool,sum,value_equals,True,CalcTool,sum,True,,E0,True
VBrun_scale_microbench_300_2026-02-11T064352Z_seed20260211,AgentCorrect,VB-278,5,CalcTool,sum,value_equals,True,CalcTool,sum,True,,E0,True
VBrun_scale_microbench_300_2026-02-11T064352Z_seed20260211,AgentCorrect,VB-278,6,QueryTool,search,query_hits_reproducible,True,QueryTool,search,True,,E0,True
VBrun_scale_microbench_300_2026-02-11T064352Z_seed20260211,AgentCorrect,VB-279,1,FileTool,write_csv,artifact_written_exists,True,FileTool,write_csv,True,,E0,True
VBrun_scale_microbench_300_2026-02-11T064352Z_seed20260211,AgentCorrect,VB-279,2,FileTool,read_csv,read_after_write_dependency,True,FileTool,read_csv,True,,E0,True
VBrun_scale_microbench_300_2026-02-11T064352Z_seed20260211,AgentCorrect,VB-279,3,QueryTool,search,query_hits_reproducible,True,QueryTool,search,True,,E0,True
VBrun_scale_microbench_300_2026-02-11T064352Z_seed20260211,AgentCorrect,VB-279,4,CalcTool,sum,value_equals,True,CalcTool,sum,True,,E0,True
VBrun_scale_microbench_300_2026-02-11T064352Z_seed20260211,AgentCorrect,VB-279,5,CalcTool,sum,value_equals,True,CalcTool,sum,True,,E0,True
VBrun_scale_microbench_300_2026-02-11T064352Z_seed20260211,AgentCorrect,VB-279,6,QueryTool,search,query_hits_reproducible,True,QueryTool,search,True,,E0,True
VBrun_scale_microbench_300_2026-02-11T064352Z_seed20260211,AgentCorrect,VB-279,7,CalcTool,sum,value_equals,True,CalcTool,sum,True,,E0,True
VBrun_scale_microbench_300_2026-02-11T064352Z_seed20260211,AgentCorrect,VB-280,1,FileTool,write_csv,artifact_written_exists,True,FileTool,write_csv,True,,E0,True
VBrun_scale_microbench_300_2026-02-11T064352Z_seed20260211,AgentCorrect,VB-280,2,FileTool,read_csv,read_after_write_dependency,True,FileTool,read_csv,True,,E0,True
VBrun_scale_microbench_300_2026-02-11T064352Z_seed20260211,AgentCorrect,VB-280,3,QueryTool,search,query_hits_reproducible,True,QueryTool,search,True,,E0,True
VBrun_scale_microbench_300_2026-02-11T064352Z_seed20260211,AgentCorrect,VB-280,4,CalcTool,sum,value_equals,True,CalcTool,sum,True,,E0,True
VBrun_scale_microbench_300_2026-02-11T064352Z_seed20260211,AgentCorrect,VB-280,5,CalcTool,sum,value_equals,True,CalcTool,sum,True,,E0,True
VBrun_scale_microbench_300_2026-02-11T064352Z_seed20260211,AgentCorrect,VB-280,6,QueryTool,search,query_hits_reproducible,True,QueryTool,search,True,,E0,True
VBrun_scale_microbench_300_2026-02-11T064352Z_seed20260211,AgentCorrect,VB-280,7,CalcTool,sum,value_equals,True,CalcTool,sum,True,,E0,True
VBrun_scale_microbench_300_2026-02-11T064352Z_seed20260211,AgentCorrect,VB-280,8,CalcTool,sum,value_equals,True,CalcTool,sum,True,,E0,True
VBrun_scale_microbench_300_2026-02-11T064352Z_seed20260211,AgentCorrect,VB-281,1,FileTool,write_csv,artifact_written_exists,True,FileTool,write_csv,True,,E0,True
VBrun_scale_microbench_300_2026-02-11T064352Z_seed20260211,AgentCorrect,VB-281,2,FileTool,read_csv,read_after_write_dependency,True,FileTool,read_csv,True,,E0,True
VBrun_scale_microbench_300_2026-02-11T064352Z_seed20260211,AgentCorrect,VB-282,1,FileTool,write_csv,artifact_written_exists,True,FileTool,write_csv,True,,E0,True
VBrun_scale_microbench_300_2026-02-11T064352Z_seed20260211,AgentCorrect,VB-282,2,FileTool,read_csv,read_after_write_dependency,True,FileTool,read_csv,True,,E0,True
VBrun_scale_microbench_300_2026-02-11T064352Z_seed20260211,AgentCorrect,VB-282,3,QueryTool,search,query_hits_reproducible,True,QueryTool,search,True,,E0,True
VBrun_scale_microbench_300_2026-02-11T064352Z_seed20260211,AgentCorrect,VB-283,1,FileTool,write_csv,artifact_written_exists,True,FileTool,write_csv,True,,E0,True
VBrun_scale_microbench_300_2026-02-11T064352Z_seed20260211,AgentCorrect,VB-283,2,FileTool,read_csv,read_after_write_dependency,True,FileTool,read_csv,True,,E0,True
VBrun_scale_microbench_300_2026-02-11T064352Z_seed20260211,AgentCorrect,VB-283,3,QueryTool,search,query_hits_reproducible,True,QueryTool,search,True,,E0,True
VBrun_scale_microbench_300_2026-02-11T064352Z_seed20260211,AgentCorrect,VB-283,4,CalcTool,sum,value_equals,True,CalcTool,sum,True,,E0,True
VBrun_scale_microbench_300_2026-02-11T064352Z_seed20260211,AgentCorrect,VB-284,1,FileTool,write_csv,artifact_written_exists,True,FileTool,write_csv,True,,E0,True
VBrun_scale_microbench_300_2026-02-11T064352Z_seed20260211,AgentCorrect,VB-284,2,FileTool,read_csv,read_after_write_dependency,True,FileTool,read_csv,True,,E0,True
VBrun_scale_microbench_300_2026-02-11T064352Z_seed20260211,AgentCorrect,VB-284,3,QueryTool,search,query_hits_reproducible,True,QueryTool,search,True,,E0,True
VBrun_scale_microbench_300_2026-02-11T064352Z_seed20260211,AgentCorrect,VB-284,4,CalcTool,sum,value_equals,True,CalcTool,sum,True,,E0,True
VBrun_scale_microbench_300_2026-02-11T064352Z_seed20260211,AgentCorrect,VB-284,5,CalcTool,sum,value_equals,True,CalcTool,sum,True,,E0,True
VBrun_scale_microbench_300_2026-02-11T064352Z_seed20260211,AgentCorrect,VB-285,1,FileTool,write_csv,artifact_written_exists,True,FileTool,write_csv,True,,E0,True
VBrun_scale_microbench_300_2026-02-11T064352Z_seed20260211,AgentCorrect,VB-285,2,FileTool,read_csv,read_after_write_dependency,True,FileTool,read_csv,True,,E0,True
VBrun_scale_microbench_300_2026-02-11T064352Z_seed20260211,AgentCorrect,VB-285,3,QueryTool,search,query_hits_reproducible,True,QueryTool,search,True,,E0,True
VBrun_scale_microbench_300_2026-02-11T064352Z_seed20260211,AgentCorrect,VB-285,4,CalcTool,sum,value_equals,True,CalcTool,sum,True,,E0,True
VBrun_scale_microbench_300_2026-02-11T064352Z_seed20260211,AgentCorrect,VB-285,5,CalcTool,sum,value_equals,True,CalcTool,sum,True,,E0,True
VBrun_scale_microbench_300_2026-02-11T064352Z_seed20260211,AgentCorrect,VB-285,6,QueryTool,search,query_hits_reproducible,True,QueryTool,search,True,,E0,True
VBrun_scale_microbench_300_2026-02-11T064352Z_seed20260211,AgentCorrect,VB-286,1,FileTool,write_csv,artifact_written_exists,True,FileTool,write_csv,True,,E0,True
VBrun_scale_microbench_300_2026-02-11T064352Z_seed20260211,AgentCorrect,VB-286,2,FileTool,read_csv,read_after_write_dependency,True,FileTool,read_csv,True,,E0,True
VBrun_scale_microbench_300_2026-02-11T064352Z_seed20260211,AgentCorrect,VB-286,3,QueryTool,search,query_hits_reproducible,True,QueryTool,search,True,,E0,True
VBrun_scale_microbench_300_2026-02-11T064352Z_seed20260211,AgentCorrect,VB-286,4,CalcTool,sum,value_equals,True,CalcTool,sum,True,,E0,True
VBrun_scale_microbench_300_2026-02-11T064352Z_seed20260211,AgentCorrect,VB-286,5,CalcTool,sum,value_equals,True,CalcTool,sum,True,,E0,True
VBrun_scale_microbench_300_2026-02-11T064352Z_seed20260211,AgentCorrect,VB-286,6,QueryTool,search,query_hits_reproducible,True,QueryTool,search,True,,E0,True
VBrun_scale_microbench_300_2026-02-11T064352Z_seed20260211,AgentCorrect,VB-286,7,CalcTool,sum,value_equals,True,CalcTool,sum,True,,E0,True
VBrun_scale_microbench_300_2026-02-11T064352Z_seed20260211,AgentCorrect,VB-287,1,FileTool,write_csv,artifact_written_exists,True,FileTool,write_csv,True,,E0,True
VBrun_scale_microbench_300_2026-02-11T064352Z_seed20260211,AgentCorrect,VB-287,2,FileTool,read_csv,read_after_write_dependency,True,FileTool,read_csv,True,,E0,True
VBrun_scale_microbench_300_2026-02-11T064352Z_seed20260211,AgentCorrect,VB-287,3,QueryTool,search,query_hits_reproducible,True,QueryTool,search,True,,E0,True
VBrun_scale_microbench_300_2026-02-11T064352Z_seed20260211,AgentCorrect,VB-287,4,CalcTool,sum,value_equals,True,CalcTool,sum,True,,E0,True
VBrun_scale_microbench_300_2026-02-11T064352Z_seed20260211,AgentCorrect,VB-287,5,CalcTool,sum,value_equals,True,CalcTool,sum,True,,E0,True
VBrun_scale_microbench_300_2026-02-11T064352Z_seed20260211,AgentCorrect,VB-287,6,QueryTool,search,query_hits_reproducible,True,QueryTool,search,True,,E0,True
VBrun_scale_microbench_300_2026-02-11T064352Z_seed20260211,AgentCorrect,VB-287,7,CalcTool,sum,value_equals,True,CalcTool,sum,True,,E0,True
VBrun_scale_microbench_300_2026-02-11T064352Z_seed20260211,AgentCorrect,VB-287,8,CalcTool,sum,value_equals,True,CalcTool,sum,True,,E0,True
VBrun_scale_microbench_300_2026-02-11T064352Z_seed20260211,AgentCorrect,VB-288,1,FileTool,write_csv,artifact_written_exists,True,FileTool,write_csv,True,,E0,True
VBrun_scale_microbench_300_2026-02-11T064352Z_seed20260211,AgentCorrect,VB-288,2,FileTool,read_csv,read_after_write_dependency,True,FileTool,read_csv,True,,E0,True
VBrun_scale_microbench_300_2026-02-11T064352Z_seed20260211,AgentCorrect,VB-289,1,FileTool,write_csv,artifact_written_exists,True,FileTool,write_csv,True,,E0,True
VBrun_scale_microbench_300_2026-02-11T064352Z_seed20260211,AgentCorrect,VB-289,2,FileTool,read_csv,read_after_write_dependency,True,FileTool,read_csv,True,,E0,True
VBrun_scale_microbench_300_2026-02-11T064352Z_seed20260211,AgentCorrect,VB-289,3,QueryTool,search,query_hits_reproducible,True,QueryTool,search,True,,E0,True
VBrun_scale_microbench_300_2026-02-11T064352Z_seed20260211,AgentCorrect,VB-290,1,FileTool,write_csv,artifact_written_exists,True,FileTool,write_csv,True,,E0,True
VBrun_scale_microbench_300_2026-02-11T064352Z_seed20260211,AgentCorrect,VB-290,2,FileTool,read_csv,read_after_write_dependency,True,FileTool,read_csv,True,,E0,True
VBrun_scale_microbench_300_2026-02-11T064352Z_seed20260211,AgentCorrect,VB-290,3,QueryTool,search,query_hits_reproducible,True,QueryTool,search,True,,E0,True
VBrun_scale_microbench_300_2026-02-11T064352Z_seed20260211,AgentCorrect,VB-290,4,CalcTool,sum,value_equals,True,CalcTool,sum,True,,E0,True
VBrun_scale_microbench_300_2026-02-11T064352Z_seed20260211,AgentCorrect,VB-291,1,FileTool,write_csv,artifact_written_exists,True,FileTool,write_csv,True,,E0,True
VBrun_scale_microbench_300_2026-02-11T064352Z_seed20260211,AgentCorrect,VB-291,2,FileTool,read_csv,read_after_write_dependency,True,FileTool,read_csv,True,,E0,True
VBrun_scale_microbench_300_2026-02-11T064352Z_seed20260211,AgentCorrect,VB-291,3,QueryTool,search,query_hits_reproducible,True,QueryTool,search,True,,E0,True
VBrun_scale_microbench_300_2026-02-11T064352Z_seed20260211,AgentCorrect,VB-291,4,CalcTool,sum,value_equals,True,CalcTool,sum,True,,E0,True
VBrun_scale_microbench_300_2026-02-11T064352Z_seed20260211,AgentCorrect,VB-291,5,CalcTool,sum,value_equals,True,CalcTool,sum,True,,E0,True
VBrun_scale_microbench_300_2026-02-11T064352Z_seed20260211,AgentCorrect,VB-292,1,FileTool,write_csv,artifact_written_exists,True,FileTool,write_csv,True,,E0,True
VBrun_scale_microbench_300_2026-02-11T064352Z_seed20260211,AgentCorrect,VB-292,2,FileTool,read_csv,read_after_write_dependency,True,FileTool,read_csv,True,,E0,True
VBrun_scale_microbench_300_2026-02-11T064352Z_seed20260211,AgentCorrect,VB-292,3,QueryTool,search,query_hits_reproducible,True,QueryTool,search,True,,E0,True
VBrun_scale_microbench_300_2026-02-11T064352Z_seed20260211,AgentCorrect,VB-292,4,CalcTool,sum,value_equals,True,CalcTool,sum,True,,E0,True
VBrun_scale_microbench_300_2026-02-11T064352Z_seed20260211,AgentCorrect,VB-292,5,CalcTool,sum,value_equals,True,CalcTool,sum,True,,E0,True
VBrun_scale_microbench_300_2026-02-11T064352Z_seed20260211,AgentCorrect,VB-292,6,QueryTool,search,query_hits_reproducible,True,QueryTool,search,True,,E0,True
VBrun_scale_microbench_300_2026-02-11T064352Z_seed20260211,AgentCorrect,VB-293,1,FileTool,write_csv,artifact_written_exists,True,FileTool,write_csv,True,,E0,True
VBrun_scale_microbench_300_2026-02-11T064352Z_seed20260211,AgentCorrect,VB-293,2,FileTool,read_csv,read_after_write_dependency,True,FileTool,read_csv,True,,E0,True
VBrun_scale_microbench_300_2026-02-11T064352Z_seed20260211,AgentCorrect,VB-293,3,QueryTool,search,query_hits_reproducible,True,QueryTool,search,True,,E0,True
VBrun_scale_microbench_300_2026-02-11T064352Z_seed20260211,AgentCorrect,VB-293,4,CalcTool,sum,value_equals,True,CalcTool,sum,True,,E0,True
VBrun_scale_microbench_300_2026-02-11T064352Z_seed20260211,AgentCorrect,VB-293,5,CalcTool,sum,value_equals,True,CalcTool,sum,True,,E0,True
VBrun_scale_microbench_300_2026-02-11T064352Z_seed20260211,AgentCorrect,VB-293,6,QueryTool,search,query_hits_reproducible,True,QueryTool,search,True,,E0,True
VBrun_scale_microbench_300_2026-02-11T064352Z_seed20260211,AgentCorrect,VB-293,7,CalcTool,sum,value_equals,True,CalcTool,sum,True,,E0,True
VBrun_scale_microbench_300_2026-02-11T064352Z_seed20260211,AgentCorrect,VB-294,1,FileTool,write_csv,artifact_written_exists,True,FileTool,write_csv,True,,E0,True
VBrun_scale_microbench_300_2026-02-11T064352Z_seed20260211,AgentCorrect,VB-294,2,FileTool,read_csv,read_after_write_dependency,True,FileTool,read_csv,True,,E0,True
VBrun_scale_microbench_300_2026-02-11T064352Z_seed20260211,AgentCorrect,VB-294,3,QueryTool,search,query_hits_reproducible,True,QueryTool,search,True,,E0,True
VBrun_scale_microbench_300_2026-02-11T064352Z_seed20260211,AgentCorrect,VB-294,4,CalcTool,sum,value_equals,True,CalcTool,sum,True,,E0,True
VBrun_scale_microbench_300_2026-02-11T064352Z_seed20260211,AgentCorrect,VB-294,5,CalcTool,sum,value_equals,True,CalcTool,sum,True,,E0,True
VBrun_scale_microbench_300_2026-02-11T064352Z_seed20260211,AgentCorrect,VB-294,6,QueryTool,search,query_hits_reproducible,True,QueryTool,search,True,,E0,True
VBrun_scale_microbench_300_2026-02-11T064352Z_seed20260211,AgentCorrect,VB-294,7,CalcTool,sum,value_equals,True,CalcTool,sum,True,,E0,True
VBrun_scale_microbench_300_2026-02-11T064352Z_seed20260211,AgentCorrect,VB-294,8,CalcTool,sum,value_equals,True,CalcTool,sum,True,,E0,True
VBrun_scale_microbench_300_2026-02-11T064352Z_seed20260211,AgentCorrect,VB-295,1,FileTool,write_csv,artifact_written_exists,True,FileTool,write_csv,True,,E0,True
VBrun_scale_microbench_300_2026-02-11T064352Z_seed20260211,AgentCorrect,VB-295,2,FileTool,read_csv,read_after_write_dependency,True,FileTool,read_csv,True,,E0,True
VBrun_scale_microbench_300_2026-02-11T064352Z_seed20260211,AgentCorrect,VB-296,1,FileTool,write_csv,artifact_written_exists,True,FileTool,write_csv,True,,E0,True
VBrun_scale_microbench_300_2026-02-11T064352Z_seed20260211,AgentCorrect,VB-296,2,FileTool,read_csv,read_after_write_dependency,True,FileTool,read_csv,True,,E0,True
VBrun_scale_microbench_300_2026-02-11T064352Z_seed20260211,AgentCorrect,VB-296,3,QueryTool,search,query_hits_reproducible,True,QueryTool,search,True,,E0,True
VBrun_scale_microbench_300_2026-02-11T064352Z_seed20260211,AgentCorrect,VB-297,1,FileTool,write_csv,artifact_written_exists,True,FileTool,write_csv,True,,E0,True
VBrun_scale_microbench_300_2026-02-11T064352Z_seed20260211,AgentCorrect,VB-297,2,FileTool,read_csv,read_after_write_dependency,True,FileTool,read_csv,True,,E0,True
VBrun_scale_microbench_300_2026-02-11T064352Z_seed20260211,AgentCorrect,VB-297,3,QueryTool,search,query_hits_reproducible,True,QueryTool,search,True,,E0,True
VBrun_scale_microbench_300_2026-02-11T064352Z_seed20260211,AgentCorrect,VB-297,4,CalcTool,sum,value_equals,True,CalcTool,sum,True,,E0,True
VBrun_scale_microbench_300_2026-02-11T064352Z_seed20260211,AgentCorrect,VB-298,1,FileTool,write_csv,artifact_written_exists,True,FileTool,write_csv,True,,E0,True
VBrun_scale_microbench_300_2026-02-11T064352Z_seed20260211,AgentCorrect,VB-298,2,FileTool,read_csv,read_after_write_dependency,True,FileTool,read_csv,True,,E0,True
VBrun_scale_microbench_300_2026-02-11T064352Z_seed20260211,AgentCorrect,VB-298,3,QueryTool,search,query_hits_reproducible,True,QueryTool,search,True,,E0,True
VBrun_scale_microbench_300_2026-02-11T064352Z_seed20260211,AgentCorrect,VB-298,4,CalcTool,sum,value_equals,True,CalcTool,sum,True,,E0,True
VBrun_scale_microbench_300_2026-02-11T064352Z_seed20260211,AgentCorrect,VB-298,5,CalcTool,sum,value_equals,True,CalcTool,sum,True,,E0,True
VBrun_scale_microbench_300_2026-02-11T064352Z_seed20260211,AgentCorrect,VB-299,1,FileTool,write_csv,artifact_written_exists,True,FileTool,write_csv,True,,E0,True
VBrun_scale_microbench_300_2026-02-11T064352Z_seed20260211,AgentCorrect,VB-299,2,FileTool,read_csv,read_after_write_dependency,True,FileTool,read_csv,True,,E0,True
VBrun_scale_microbench_300_2026-02-11T064352Z_seed20260211,AgentCorrect,VB-299,3,QueryTool,search,query_hits_reproducible,True,QueryTool,search,True,,E0,True
VBrun_scale_microbench_300_2026-02-11T064352Z_seed20260211,AgentCorrect,VB-299,4,CalcTool,sum,value_equals,True,CalcTool,sum,True,,E0,True
VBrun_scale_microbench_300_2026-02-11T064352Z_seed20260211,AgentCorrect,VB-299,5,CalcTool,sum,value_equals,True,CalcTool,sum,True,,E0,True
VBrun_scale_microbench_300_2026-02-11T064352Z_seed20260211,AgentCorrect,VB-299,6,QueryTool,search,query_hits_reproducible,True,QueryTool,search,True,,E0,True
VBrun_scale_microbench_300_2026-02-11T064352Z_seed20260211,AgentCorrect,VB-300,1,FileTool,write_csv,artifact_written_exists,True,FileTool,write_csv,True,,E0,True
VBrun_scale_microbench_300_2026-02-11T064352Z_seed20260211,AgentCorrect,VB-300,2,FileTool,read_csv,read_after_write_dependency,True,FileTool,read_csv,True,,E0,True
VBrun_scale_microbench_300_2026-02-11T064352Z_seed20260211,AgentCorrect,VB-300,3,QueryTool,search,query_hits_reproducible,True,QueryTool,search,True,,E0,True
VBrun_scale_microbench_300_2026-02-11T064352Z_seed20260211,AgentCorrect,VB-300,4,CalcTool,sum,value_equals,True,CalcTool,sum,True,,E0,True
VBrun_scale_microbench_300_2026-02-11T064352Z_seed20260211,AgentCorrect,VB-300,5,CalcTool,sum,value_equals,True,CalcTool,sum,True,,E0,True
VBrun_scale_microbench_300_2026-02-11T064352Z_seed20260211,AgentCorrect,VB-300,6,QueryTool,search,query_hits_reproducible,True,QueryTool,search,True,,E0,True
VBrun_scale_microbench_300_2026-02-11T064352Z_seed20260211,AgentCorrect,VB-300,7,CalcTool,sum,value_equals,True,CalcTool,sum,True,,E0,True
VBrun_scale_microbench_300_2026-02-11T064352Z_seed20260211,AgentSelfCheck,VB-001,1,FileTool,write_csv,artifact_written_exists,True,FileTool,write_csv,True,,E0,True
VBrun_scale_microbench_300_2026-02-11T064352Z_seed20260211,AgentSelfCheck,VB-001,2,FileTool,read_csv,read_after_write_dependency,True,FileTool,read_csv,True,,E0,True
VBrun_scale_microbench_300_2026-02-11T064352Z_seed20260211,AgentSelfCheck,VB-002,1,FileTool,write_csv,artifact_written_exists,True,FileTool,write_csv,True,,E0,True
VBrun_scale_microbench_300_2026-02-11T064352Z_seed20260211,AgentSelfCheck,VB-002,2,FileTool,read_csv,read_after_write_dependency,True,FileTool,read_csv,True,,E0,True
VBrun_scale_microbench_300_2026-02-11T064352Z_seed20260211,AgentSelfCheck,VB-002,3,QueryTool,search,query_hits_reproducible,True,QueryTool,search,True,,E0,True
VBrun_scale_microbench_300_2026-02-11T064352Z_seed20260211,AgentSelfCheck,VB-003,1,FileTool,write_csv,artifact_written_exists,True,FileTool,write_csv,True,,E0,True
VBrun_scale_microbench_300_2026-02-11T064352Z_seed20260211,AgentSelfCheck,VB-003,2,FileTool,read_csv,read_after_write_dependency,True,FileTool,read_csv,True,,E0,True
VBrun_scale_microbench_300_2026-02-11T064352Z_seed20260211,AgentSelfCheck,VB-003,3,QueryTool,search,query_hits_reproducible,True,QueryTool,search,True,,E0,True
VBrun_scale_microbench_300_2026-02-11T064352Z_seed20260211,AgentSelfCheck,VB-003,4,CalcTool,sum,value_equals,True,CalcTool,sum,True,,E0,True
VBrun_scale_microbench_300_2026-02-11T064352Z_seed20260211,AgentSelfCheck,VB-004,1,FileTool,write_csv,artifact_written_exists,True,FileTool,write_csv,True,,E0,True
VBrun_scale_microbench_300_2026-02-11T064352Z_seed20260211,AgentSelfCheck,VB-004,2,FileTool,read_csv,read_after_write_dependency,True,FileTool,read_csv,True,,E0,True
VBrun_scale_microbench_300_2026-02-11T064352Z_seed20260211,AgentSelfCheck,VB-004,3,QueryTool,search,query_hits_reproducible,True,QueryTool,search,True,,E0,True
VBrun_scale_microbench_300_2026-02-11T064352Z_seed20260211,AgentSelfCheck,VB-004,4,CalcTool,sum,value_equals,True,CalcTool,sum,True,,E0,True
VBrun_scale_microbench_300_2026-02-11T064352Z_seed20260211,AgentSelfCheck,VB-004,5,CalcTool,sum,value_equals,True,CalcTool,sum,True,,E0,True
VBrun_scale_microbench_300_2026-02-11T064352Z_seed20260211,AgentSelfCheck,VB-005,1,FileTool,write_csv,artifact_written_exists,True,FileTool,write_csv,True,,E0,True
VBrun_scale_microbench_300_2026-02-11T064352Z_seed20260211,AgentSelfCheck,VB-005,2,FileTool,read_csv,read_after_write_dependency,True,FileTool,read_csv,True,,E0,True
VBrun_scale_microbench_300_2026-02-11T064352Z_seed20260211,AgentSelfCheck,VB-005,3,QueryTool,search,query_hits_reproducible,True,QueryTool,search,True,,E0,True
VBrun_scale_microbench_300_2026-02-11T064352Z_seed20260211,AgentSelfCheck,VB-005,4,CalcTool,sum,value_equals,True,CalcTool,sum,True,,E0,True
VBrun_scale_microbench_300_2026-02-11T064352Z_seed20260211,AgentSelfCheck,VB-005,5,CalcTool,sum,value_equals,True,CalcTool,sum,True,,E0,True
VBrun_scale_microbench_300_2026-02-11T064352Z_seed20260211,AgentSelfCheck,VB-005,6,QueryTool,search,query_hits_reproducible,True,QueryTool,search,True,,E0,True
VBrun_scale_microbench_300_2026-02-11T064352Z_seed20260211,AgentSelfCheck,VB-006,1,FileTool,write_csv,artifact_written_exists,True,FileTool,write_csv,True,,E0,True
VBrun_scale_microbench_300_2026-02-11T064352Z_seed20260211,AgentSelfCheck,VB-006,2,FileTool,read_csv,read_after_write_dependency,True,FileTool,read_csv,True,,E0,True
VBrun_scale_microbench_300_2026-02-11T064352Z_seed20260211,AgentSelfCheck,VB-006,3,QueryTool,search,query_hits_reproducible,True,QueryTool,search,True,,E0,True
VBrun_scale_microbench_300_2026-02-11T064352Z_seed20260211,AgentSelfCheck,VB-006,4,CalcTool,sum,value_equals,True,CalcTool,sum,True,,E0,True
VBrun_scale_microbench_300_2026-02-11T064352Z_seed20260211,AgentSelfCheck,VB-006,5,CalcTool,sum,value_equals,True,CalcTool,sum,True,,E0,True
VBrun_scale_microbench_300_2026-02-11T064352Z_seed20260211,AgentSelfCheck,VB-006,6,QueryTool,search,query_hits_reproducible,True,QueryTool,search,True,,E0,True
VBrun_scale_microbench_300_2026-02-11T064352Z_seed20260211,AgentSelfCheck,VB-006,7,CalcTool,sum,value_equals,True,CalcTool,sum,True,,E0,True
VBrun_scale_microbench_300_2026-02-11T064352Z_seed20260211,AgentSelfCheck,VB-007,1,FileTool,write_csv,artifact_written_exists,True,FileTool,write_csv,True,,E0,True
VBrun_scale_microbench_300_2026-02-11T064352Z_seed20260211,AgentSelfCheck,VB-007,2,FileTool,read_csv,read_after_write_dependency,True,FileTool,read_csv,True,,E0,True
VBrun_scale_microbench_300_2026-02-11T064352Z_seed20260211,AgentSelfCheck,VB-007,3,QueryTool,search,query_hits_reproducible,True,QueryTool,search,True,,E0,True
VBrun_scale_microbench_300_2026-02-11T064352Z_seed20260211,AgentSelfCheck,VB-007,4,CalcTool,sum,value_equals,True,CalcTool,sum,True,,E0,True
VBrun_scale_microbench_300_2026-02-11T064352Z_seed20260211,AgentSelfCheck,VB-007,5,CalcTool,sum,value_equals,True,CalcTool,sum,True,,E0,True
VBrun_scale_microbench_300_2026-02-11T064352Z_seed20260211,AgentSelfCheck,VB-007,6,QueryTool,search,query_hits_reproducible,True,QueryTool,search,True,,E0,True
VBrun_scale_microbench_300_2026-02-11T064352Z_seed20260211,AgentSelfCheck,VB-007,7,CalcTool,sum,value_equals,True,CalcTool,sum,True,,E0,True
VBrun_scale_microbench_300_2026-02-11T064352Z_seed20260211,AgentSelfCheck,VB-007,8,CalcTool,sum,value_equals,True,CalcTool,sum,True,,E0,True
VBrun_scale_microbench_300_2026-02-11T064352Z_seed20260211,AgentSelfCheck,VB-008,1,FileTool,write_csv,artifact_written_exists,True,FileTool,write_csv,True,,E0,True
VBrun_scale_microbench_300_2026-02-11T064352Z_seed20260211,AgentSelfCheck,VB-008,2,FileTool,read_csv,read_after_write_dependency,True,FileTool,read_csv,True,,E0,True
VBrun_scale_microbench_300_2026-02-11T064352Z_seed20260211,AgentSelfCheck,VB-009,1,FileTool,write_csv,artifact_written_exists,True,FileTool,write_csv,True,,E0,True
VBrun_scale_microbench_300_2026-02-11T064352Z_seed20260211,AgentSelfCheck,VB-009,2,FileTool,read_csv,read_after_write_dependency,True,FileTool,read_csv,True,,E0,True
VBrun_scale_microbench_300_2026-02-11T064352Z_seed20260211,AgentSelfCheck,VB-009,3,QueryTool,search,query_hits_reproducible,True,QueryTool,search,True,,E0,True
VBrun_scale_microbench_300_2026-02-11T064352Z_seed20260211,AgentSelfCheck,VB-010,1,FileTool,write_csv,artifact_written_exists,True,FileTool,write_csv,True,,E0,True
VBrun_scale_microbench_300_2026-02-11T064352Z_seed20260211,AgentSelfCheck,VB-010,2,FileTool,read_csv,read_after_write_dependency,True,FileTool,read_csv,True,,E0,True
VBrun_scale_microbench_300_2026-02-11T064352Z_seed20260211,AgentSelfCheck,VB-010,3,QueryTool,search,query_hits_reproducible,True,QueryTool,search,True,,E0,True
VBrun_scale_microbench_300_2026-02-11T064352Z_seed20260211,AgentSelfCheck,VB-010,4,CalcTool,sum,value_equals,True,CalcTool,sum,True,,E0,True
VBrun_scale_microbench_300_2026-02-11T064352Z_seed20260211,AgentSelfCheck,VB-011,1,FileTool,write_csv,artifact_written_exists,True,FileTool,write_csv,True,,E0,True
VBrun_scale_microbench_300_2026-02-11T064352Z_seed20260211,AgentSelfCheck,VB-011,2,FileTool,read_csv,read_after_write_dependency,True,FileTool,read_csv,True,,E0,True
VBrun_scale_microbench_300_2026-02-11T064352Z_seed20260211,AgentSelfCheck,VB-011,3,QueryTool,search,query_hits_reproducible,True,QueryTool,search,True,,E0,True
VBrun_scale_microbench_300_2026-02-11T064352Z_seed20260211,AgentSelfCheck,VB-011,4,CalcTool,sum,value_equals,True,CalcTool,sum,True,,E0,True
VBrun_scale_microbench_300_2026-02-11T064352Z_seed20260211,AgentSelfCheck,VB-011,5,CalcTool,sum,value_equals,True,CalcTool,sum,True,,E0,True
VBrun_scale_microbench_300_2026-02-11T064352Z_seed20260211,AgentSelfCheck,VB-012,1,FileTool,write_csv,artifact_written_exists,True,FileTool,write_csv,True,,E0,True
VBrun_scale_microbench_300_2026-02-11T064352Z_seed20260211,AgentSelfCheck,VB-012,2,FileTool,read_csv,read_after_write_dependency,True,FileTool,read_csv,True,,E0,True
VBrun_scale_microbench_300_2026-02-11T064352Z_seed20260211,AgentSelfCheck,VB-012,3,QueryTool,search,query_hits_reproducible,True,QueryTool,search,True,,E0,True
VBrun_scale_microbench_300_2026-02-11T064352Z_seed20260211,AgentSelfCheck,VB-012,4,CalcTool,sum,value_equals,True,CalcTool,sum,True,,E0,True
VBrun_scale_microbench_300_2026-02-11T064352Z_seed20260211,AgentSelfCheck,VB-012,5,CalcTool,sum,value_equals,True,CalcTool,sum,True,,E0,True
VBrun_scale_microbench_300_2026-02-11T064352Z_seed20260211,AgentSelfCheck,VB-012,6,QueryTool,search,query_hits_reproducible,True,QueryTool,search,True,,E0,True
VBrun_scale_microbench_300_2026-02-11T064352Z_seed20260211,AgentSelfCheck,VB-013,1,FileTool,write_csv,artifact_written_exists,True,FileTool,write_csv,True,,E0,True
VBrun_scale_microbench_300_2026-02-11T064352Z_seed20260211,AgentSelfCheck,VB-013,2,FileTool,read_csv,read_after_write_dependency,True,FileTool,read_csv,True,,E0,True
VBrun_scale_microbench_300_2026-02-11T064352Z_seed20260211,AgentSelfCheck,VB-013,3,QueryTool,search,query_hits_reproducible,True,QueryTool,search,True,,E0,True
VBrun_scale_microbench_300_2026-02-11T064352Z_seed20260211,AgentSelfCheck,VB-013,4,CalcTool,sum,value_equals,True,CalcTool,sum,True,,E0,True
VBrun_scale_microbench_300_2026-02-11T064352Z_seed20260211,AgentSelfCheck,VB-013,5,CalcTool,sum,value_equals,True,CalcTool,sum,True,,E0,True
VBrun_scale_microbench_300_2026-02-11T064352Z_seed20260211,AgentSelfCheck,VB-013,6,QueryTool,search,query_hits_reproducible,True,QueryTool,search,True,,E0,True
VBrun_scale_microbench_300_2026-02-11T064352Z_seed20260211,AgentSelfCheck,VB-013,7,CalcTool,sum,value_equals,True,CalcTool,sum,True,,E0,True
VBrun_scale_microbench_300_2026-02-11T064352Z_seed20260211,AgentSelfCheck,VB-014,1,FileTool,write_csv,artifact_written_exists,True,FileTool,write_csv,True,,E0,True
VBrun_scale_microbench_300_2026-02-11T064352Z_seed20260211,AgentSelfCheck,VB-014,2,FileTool,read_csv,read_after_write_dependency,True,FileTool,read_csv,True,,E0,True
VBrun_scale_microbench_300_2026-02-11T064352Z_seed20260211,AgentSelfCheck,VB-014,3,QueryTool,search,query_hits_reproducible,True,QueryTool,search,True,,E0,True
VBrun_scale_microbench_300_2026-02-11T064352Z_seed20260211,AgentSelfCheck,VB-014,4,CalcTool,sum,value_equals,True,CalcTool,sum,True,,E0,True
VBrun_scale_microbench_300_2026-02-11T064352Z_seed20260211,AgentSelfCheck,VB-014,5,CalcTool,sum,value_equals,True,CalcTool,sum,True,,E0,True
VBrun_scale_microbench_300_2026-02-11T064352Z_seed20260211,AgentSelfCheck,VB-014,6,QueryTool,search,query_hits_reproducible,True,QueryTool,search,True,,E0,True
VBrun_scale_microbench_300_2026-02-11T064352Z_seed20260211,AgentSelfCheck,VB-014,7,CalcTool,sum,value_equals,True,CalcTool,sum,True,,E0,True
VBrun_scale_microbench_300_2026-02-11T064352Z_seed20260211,AgentSelfCheck,VB-014,8,CalcTool,sum,value_equals,True,CalcTool,sum,True,,E0,True
VBrun_scale_microbench_300_2026-02-11T064352Z_seed20260211,AgentSelfCheck,VB-015,1,FileTool,write_csv,artifact_written_exists,True,FileTool,write_csv,True,,E0,True
VBrun_scale_microbench_300_2026-02-11T064352Z_seed20260211,AgentSelfCheck,VB-015,2,FileTool,read_csv,read_after_write_dependency,True,FileTool,read_csv,True,,E0,True
VBrun_scale_microbench_300_2026-02-11T064352Z_seed20260211,AgentSelfCheck,VB-016,1,FileTool,write_csv,artifact_written_exists,True,FileTool,write_csv,True,,E0,True
VBrun_scale_microbench_300_2026-02-11T064352Z_seed20260211,AgentSelfCheck,VB-016,2,FileTool,read_csv,read_after_write_dependency,True,FileTool,read_csv,True,,E0,True
VBrun_scale_microbench_300_2026-02-11T064352Z_seed20260211,AgentSelfCheck,VB-016,3,QueryTool,search,query_hits_reproducible,True,QueryTool,search,True,,E0,True
VBrun_scale_microbench_300_2026-02-11T064352Z_seed20260211,AgentSelfCheck,VB-017,1,FileTool,write_csv,artifact_written_exists,True,FileTool,write_csv,True,,E0,True
VBrun_scale_microbench_300_2026-02-11T064352Z_seed20260211,AgentSelfCheck,VB-017,2,FileTool,read_csv,read_after_write_dependency,True,FileTool,read_csv,True,,E0,True
VBrun_scale_microbench_300_2026-02-11T064352Z_seed20260211,AgentSelfCheck,VB-017,3,QueryTool,search,query_hits_reproducible,True,QueryTool,search,True,,E0,True
VBrun_scale_microbench_300_2026-02-11T064352Z_seed20260211,AgentSelfCheck,VB-017,4,CalcTool,sum,value_equals,True,CalcTool,sum,True,,E0,True
VBrun_scale_microbench_300_2026-02-11T064352Z_seed20260211,AgentSelfCheck,VB-018,1,FileTool,write_csv,artifact_written_exists,True,FileTool,write_csv,True,,E0,True
VBrun_scale_microbench_300_2026-02-11T064352Z_seed20260211,AgentSelfCheck,VB-018,2,FileTool,read_csv,read_after_write_dependency,True,FileTool,read_csv,True,,E0,True
VBrun_scale_microbench_300_2026-02-11T064352Z_seed20260211,AgentSelfCheck,VB-018,3,QueryTool,search,query_hits_reproducible,True,QueryTool,search,True,,E0,True
VBrun_scale_microbench_300_2026-02-11T064352Z_seed20260211,AgentSelfCheck,VB-018,4,CalcTool,sum,value_equals,True,CalcTool,sum,True,,E0,True
VBrun_scale_microbench_300_2026-02-11T064352Z_seed20260211,AgentSelfCheck,VB-018,5,CalcTool,sum,value_equals,True,CalcTool,sum,True,,E0,True
VBrun_scale_microbench_300_2026-02-11T064352Z_seed20260211,AgentSelfCheck,VB-019,1,FileTool,write_csv,artifact_written_exists,True,FileTool,write_csv,True,,E0,True
VBrun_scale_microbench_300_2026-02-11T064352Z_seed20260211,AgentSelfCheck,VB-019,2,FileTool,read_csv,read_after_write_dependency,True,FileTool,read_csv,True,,E0,True
VBrun_scale_microbench_300_2026-02-11T064352Z_seed20260211,AgentSelfCheck,VB-019,3,QueryTool,search,query_hits_reproducible,True,QueryTool,search,True,,E0,True
VBrun_scale_microbench_300_2026-02-11T064352Z_seed20260211,AgentSelfCheck,VB-019,4,CalcTool,sum,value_equals,True,CalcTool,sum,True,,E0,True
VBrun_scale_microbench_300_2026-02-11T064352Z_seed20260211,AgentSelfCheck,VB-019,5,CalcTool,sum,value_equals,True,CalcTool,sum,True,,E0,True
VBrun_scale_microbench_300_2026-02-11T064352Z_seed20260211,AgentSelfCheck,VB-019,6,QueryTool,search,query_hits_reproducible,True,QueryTool,search,True,,E0,True
VBrun_scale_microbench_300_2026-02-11T064352Z_seed20260211,AgentSelfCheck,VB-020,1,FileTool,write_csv,artifact_written_exists,True,FileTool,write_csv,True,,E0,True
VBrun_scale_microbench_300_2026-02-11T064352Z_seed20260211,AgentSelfCheck,VB-020,2,FileTool,read_csv,read_after_write_dependency,True,FileTool,read_csv,True,,E0,True
VBrun_scale_microbench_300_2026-02-11T064352Z_seed20260211,AgentSelfCheck,VB-020,3,QueryTool,search,query_hits_reproducible,True,QueryTool,search,True,,E0,True
VBrun_scale_microbench_300_2026-02-11T064352Z_seed20260211,AgentSelfCheck,VB-020,4,CalcTool,sum,value_equals,True,CalcTool,sum,True,,E0,True
VBrun_scale_microbench_300_2026-02-11T064352Z_seed20260211,AgentSelfCheck,VB-020,5,CalcTool,sum,value_equals,True,CalcTool,sum,True,,E0,True
VBrun_scale_microbench_300_2026-02-11T064352Z_seed20260211,AgentSelfCheck,VB-020,6,QueryTool,search,query_hits_reproducible,True,QueryTool,search,True,,E0,True
VBrun_scale_microbench_300_2026-02-11T064352Z_seed20260211,AgentSelfCheck,VB-020,7,CalcTool,sum,value_equals,True,CalcTool,sum,True,,E0,True
VBrun_scale_microbench_300_2026-02-11T064352Z_seed20260211,AgentSelfCheck,VB-021,1,FileTool,write_csv,artifact_written_exists,True,FileTool,write_csv,True,,E0,True
VBrun_scale_microbench_300_2026-02-11T064352Z_seed20260211,AgentSelfCheck,VB-021,2,FileTool,read_csv,read_after_write_dependency,True,FileTool,read_csv,True,,E0,True
VBrun_scale_microbench_300_2026-02-11T064352Z_seed20260211,AgentSelfCheck,VB-021,3,QueryTool,search,query_hits_reproducible,True,QueryTool,search,True,,E0,True
VBrun_scale_microbench_300_2026-02-11T064352Z_seed20260211,AgentSelfCheck,VB-021,4,CalcTool,sum,value_equals,True,CalcTool,sum,True,,E0,True
VBrun_scale_microbench_300_2026-02-11T064352Z_seed20260211,AgentSelfCheck,VB-021,5,CalcTool,sum,value_equals,True,CalcTool,sum,True,,E0,True
VBrun_scale_microbench_300_2026-02-11T064352Z_seed20260211,AgentSelfCheck,VB-021,6,QueryTool,search,query_hits_reproducible,True,QueryTool,search,True,,E0,True
VBrun_scale_microbench_300_2026-02-11T064352Z_seed20260211,AgentSelfCheck,VB-021,7,CalcTool,sum,value_equals,True,CalcTool,sum,True,,E0,True
VBrun_scale_microbench_300_2026-02-11T064352Z_seed20260211,AgentSelfCheck,VB-021,8,CalcTool,sum,value_equals,True,CalcTool,sum,True,,E0,True
VBrun_scale_microbench_300_2026-02-11T064352Z_seed20260211,AgentSelfCheck,VB-022,1,FileTool,write_csv,artifact_written_exists,True,FileTool,write_csv,True,,E0,True
VBrun_scale_microbench_300_2026-02-11T064352Z_seed20260211,AgentSelfCheck,VB-022,2,FileTool,read_csv,read_after_write_dependency,True,FileTool,read_csv,True,,E0,True
VBrun_scale_microbench_300_2026-02-11T064352Z_seed20260211,AgentSelfCheck,VB-023,1,FileTool,write_csv,artifact_written_exists,True,FileTool,write_csv,True,,E0,True
VBrun_scale_microbench_300_2026-02-11T064352Z_seed20260211,AgentSelfCheck,VB-023,2,FileTool,read_csv,read_after_write_dependency,True,FileTool,read_csv,True,,E0,True
VBrun_scale_microbench_300_2026-02-11T064352Z_seed20260211,AgentSelfCheck,VB-023,3,QueryTool,search,query_hits_reproducible,True,QueryTool,search,True,,E0,True
VBrun_scale_microbench_300_2026-02-11T064352Z_seed20260211,AgentSelfCheck,VB-024,1,FileTool,write_csv,artifact_written_exists,True,FileTool,write_csv,True,,E0,True
VBrun_scale_microbench_300_2026-02-11T064352Z_seed20260211,AgentSelfCheck,VB-024,2,FileTool,read_csv,read_after_write_dependency,True,FileTool,read_csv,True,,E0,True
VBrun_scale_microbench_300_2026-02-11T064352Z_seed20260211,AgentSelfCheck,VB-024,3,QueryTool,search,query_hits_reproducible,True,QueryTool,search,True,,E0,True
VBrun_scale_microbench_300_2026-02-11T064352Z_seed20260211,AgentSelfCheck,VB-024,4,CalcTool,sum,value_equals,True,CalcTool,sum,True,,E0,True
VBrun_scale_microbench_300_2026-02-11T064352Z_seed20260211,AgentSelfCheck,VB-025,1,FileTool,write_csv,artifact_written_exists,True,FileTool,write_csv,True,,E0,True
VBrun_scale_microbench_300_2026-02-11T064352Z_seed20260211,AgentSelfCheck,VB-025,2,FileTool,read_csv,read_after_write_dependency,True,FileTool,read_csv,True,,E0,True
VBrun_scale_microbench_300_2026-02-11T064352Z_seed20260211,AgentSelfCheck,VB-025,3,QueryTool,search,query_hits_reproducible,True,QueryTool,search,True,,E0,True
VBrun_scale_microbench_300_2026-02-11T064352Z_seed20260211,AgentSelfCheck,VB-025,4,CalcTool,sum,value_equals,True,CalcTool,sum,True,,E0,True
VBrun_scale_microbench_300_2026-02-11T064352Z_seed20260211,AgentSelfCheck,VB-025,5,CalcTool,sum,value_equals,True,CalcTool,sum,True,,E0,True
VBrun_scale_microbench_300_2026-02-11T064352Z_seed20260211,AgentSelfCheck,VB-026,1,FileTool,write_csv,artifact_written_exists,True,FileTool,write_csv,True,,E0,True
VBrun_scale_microbench_300_2026-02-11T064352Z_seed20260211,AgentSelfCheck,VB-026,2,FileTool,read_csv,read_after_write_dependency,True,FileTool,read_csv,True,,E0,True
VBrun_scale_microbench_300_2026-02-11T064352Z_seed20260211,AgentSelfCheck,VB-026,3,QueryTool,search,query_hits_reproducible,True,QueryTool,search,True,,E0,True
VBrun_scale_microbench_300_2026-02-11T064352Z_seed20260211,AgentSelfCheck,VB-026,4,CalcTool,sum,value_equals,True,CalcTool,sum,True,,E0,True
VBrun_scale_microbench_300_2026-02-11T064352Z_seed20260211,AgentSelfCheck,VB-026,5,CalcTool,sum,value_equals,True,CalcTool,sum,True,,E0,True
VBrun_scale_microbench_300_2026-02-11T064352Z_seed20260211,AgentSelfCheck,VB-026,6,QueryTool,search,query_hits_reproducible,True,QueryTool,search,True,,E0,True
VBrun_scale_microbench_300_2026-02-11T064352Z_seed20260211,AgentSelfCheck,VB-027,1,FileTool,write_csv,artifact_written_exists,True,FileTool,write_csv,True,,E0,True
VBrun_scale_microbench_300_2026-02-11T064352Z_seed20260211,AgentSelfCheck,VB-027,2,FileTool,read_csv,read_after_write_dependency,True,FileTool,read_csv,True,,E0,True
VBrun_scale_microbench_300_2026-02-11T064352Z_seed20260211,AgentSelfCheck,VB-027,3,QueryTool,search,query_hits_reproducible,True,QueryTool,search,True,,E0,True
VBrun_scale_microbench_300_2026-02-11T064352Z_seed20260211,AgentSelfCheck,VB-027,4,CalcTool,sum,value_equals,True,CalcTool,sum,True,,E0,True
VBrun_scale_microbench_300_2026-02-11T064352Z_seed20260211,AgentSelfCheck,VB-027,5,CalcTool,sum,value_equals,True,CalcTool,sum,True,,E0,True
VBrun_scale_microbench_300_2026-02-11T064352Z_seed20260211,AgentSelfCheck,VB-027,6,QueryTool,search,query_hits_reproducible,True,QueryTool,search,True,,E0,True
VBrun_scale_microbench_300_2026-02-11T064352Z_seed20260211,AgentSelfCheck,VB-027,7,CalcTool,sum,value_equals,True,CalcTool,sum,True,,E0,True
VBrun_scale_microbench_300_2026-02-11T064352Z_seed20260211,AgentSelfCheck,VB-028,1,FileTool,write_csv,artifact_written_exists,True,FileTool,write_csv,True,,E0,True
VBrun_scale_microbench_300_2026-02-11T064352Z_seed20260211,AgentSelfCheck,VB-028,2,FileTool,read_csv,read_after_write_dependency,True,FileTool,read_csv,True,,E0,True
VBrun_scale_microbench_300_2026-02-11T064352Z_seed20260211,AgentSelfCheck,VB-028,3,QueryTool,search,query_hits_reproducible,True,QueryTool,search,True,,E0,True
VBrun_scale_microbench_300_2026-02-11T064352Z_seed20260211,AgentSelfCheck,VB-028,4,CalcTool,sum,value_equals,True,CalcTool,sum,True,,E0,True
VBrun_scale_microbench_300_2026-02-11T064352Z_seed20260211,AgentSelfCheck,VB-028,5,CalcTool,sum,value_equals,True,CalcTool,sum,True,,E0,True
VBrun_scale_microbench_300_2026-02-11T064352Z_seed20260211,AgentSelfCheck,VB-028,6,QueryTool,search,query_hits_reproducible,True,QueryTool,search,True,,E0,True
VBrun_scale_microbench_300_2026-02-11T064352Z_seed20260211,AgentSelfCheck,VB-028,7,CalcTool,sum,value_equals,True,CalcTool,sum,True,,E0,True
VBrun_scale_microbench_300_2026-02-11T064352Z_seed20260211,AgentSelfCheck,VB-028,8,CalcTool,sum,value_equals,True,CalcTool,sum,True,,E0,True
VBrun_scale_microbench_300_2026-02-11T064352Z_seed20260211,AgentSelfCheck,VB-029,1,FileTool,write_csv,artifact_written_exists,True,FileTool,write_csv,True,,E0,True
VBrun_scale_microbench_300_2026-02-11T064352Z_seed20260211,AgentSelfCheck,VB-029,2,FileTool,read_csv,read_after_write_dependency,True,FileTool,read_csv,True,,E0,True
VBrun_scale_microbench_300_2026-02-11T064352Z_seed20260211,AgentSelfCheck,VB-030,1,FileTool,write_csv,artifact_written_exists,True,FileTool,write_csv,True,,E0,True
VBrun_scale_microbench_300_2026-02-11T064352Z_seed20260211,AgentSelfCheck,VB-030,2,FileTool,read_csv,read_after_write_dependency,True,FileTool,read_csv,True,,E0,True
VBrun_scale_microbench_300_2026-02-11T064352Z_seed20260211,AgentSelfCheck,VB-030,3,QueryTool,search,query_hits_reproducible,True,QueryTool,search,True,,E0,True
VBrun_scale_microbench_300_2026-02-11T064352Z_seed20260211,AgentSelfCheck,VB-031,1,FileTool,write_csv,artifact_written_exists,True,FileTool,write_csv,True,,E0,True
VBrun_scale_microbench_300_2026-02-11T064352Z_seed20260211,AgentSelfCheck,VB-031,2,FileTool,read_csv,read_after_write_dependency,True,FileTool,read_csv,True,,E0,True
VBrun_scale_microbench_300_2026-02-11T064352Z_seed20260211,AgentSelfCheck,VB-031,3,QueryTool,search,query_hits_reproducible,True,QueryTool,search,True,,E0,True
VBrun_scale_microbench_300_2026-02-11T064352Z_seed20260211,AgentSelfCheck,VB-031,4,CalcTool,sum,value_equals,True,CalcTool,sum,True,,E0,True
VBrun_scale_microbench_300_2026-02-11T064352Z_seed20260211,AgentSelfCheck,VB-032,1,FileTool,write_csv,artifact_written_exists,True,FileTool,write_csv,True,,E0,True
VBrun_scale_microbench_300_2026-02-11T064352Z_seed20260211,AgentSelfCheck,VB-032,2,FileTool,read_csv,read_after_write_dependency,True,FileTool,read_csv,True,,E0,True
VBrun_scale_microbench_300_2026-02-11T064352Z_seed20260211,AgentSelfCheck,VB-032,3,QueryTool,search,query_hits_reproducible,True,QueryTool,search,True,,E0,True
VBrun_scale_microbench_300_2026-02-11T064352Z_seed20260211,AgentSelfCheck,VB-032,4,CalcTool,sum,value_equals,True,CalcTool,sum,True,,E0,True
VBrun_scale_microbench_300_2026-02-11T064352Z_seed20260211,AgentSelfCheck,VB-032,5,CalcTool,sum,value_equals,True,CalcTool,sum,True,,E0,True
VBrun_scale_microbench_300_2026-02-11T064352Z_seed20260211,AgentSelfCheck,VB-033,1,FileTool,write_csv,artifact_written_exists,True,FileTool,write_csv,True,,E0,True
VBrun_scale_microbench_300_2026-02-11T064352Z_seed20260211,AgentSelfCheck,VB-033,2,FileTool,read_csv,read_after_write_dependency,True,FileTool,read_csv,True,,E0,True
VBrun_scale_microbench_300_2026-02-11T064352Z_seed20260211,AgentSelfCheck,VB-033,3,QueryTool,search,query_hits_reproducible,True,QueryTool,search,True,,E0,True
VBrun_scale_microbench_300_2026-02-11T064352Z_seed20260211,AgentSelfCheck,VB-033,4,CalcTool,sum,value_equals,True,CalcTool,sum,True,,E0,True
VBrun_scale_microbench_300_2026-02-11T064352Z_seed20260211,AgentSelfCheck,VB-033,5,CalcTool,sum,value_equals,True,CalcTool,sum,True,,E0,True
VBrun_scale_microbench_300_2026-02-11T064352Z_seed20260211,AgentSelfCheck,VB-033,6,QueryTool,search,query_hits_reproducible,True,QueryTool,search,True,,E0,True
VBrun_scale_microbench_300_2026-02-11T064352Z_seed20260211,AgentSelfCheck,VB-034,1,FileTool,write_csv,artifact_written_exists,True,FileTool,write_csv,True,,E0,True
VBrun_scale_microbench_300_2026-02-11T064352Z_seed20260211,AgentSelfCheck,VB-034,2,FileTool,read_csv,read_after_write_dependency,True,FileTool,read_csv,True,,E0,True
VBrun_scale_microbench_300_2026-02-11T064352Z_seed20260211,AgentSelfCheck,VB-034,3,QueryTool,search,query_hits_reproducible,True,QueryTool,search,True,,E0,True
VBrun_scale_microbench_300_2026-02-11T064352Z_seed20260211,AgentSelfCheck,VB-034,4,CalcTool,sum,value_equals,True,CalcTool,sum,True,,E0,True
VBrun_scale_microbench_300_2026-02-11T064352Z_seed20260211,AgentSelfCheck,VB-034,5,CalcTool,sum,value_equals,True,CalcTool,sum,True,,E0,True
VBrun_scale_microbench_300_2026-02-11T064352Z_seed20260211,AgentSelfCheck,VB-034,6,QueryTool,search,query_hits_reproducible,True,QueryTool,search,True,,E0,True
VBrun_scale_microbench_300_2026-02-11T064352Z_seed20260211,AgentSelfCheck,VB-034,7,CalcTool,sum,value_equals,True,CalcTool,sum,True,,E0,True
VBrun_scale_microbench_300_2026-02-11T064352Z_seed20260211,AgentSelfCheck,VB-035,1,FileTool,write_csv,artifact_written_exists,True,FileTool,write_csv,True,,E0,True
VBrun_scale_microbench_300_2026-02-11T064352Z_seed20260211,AgentSelfCheck,VB-035,2,FileTool,read_csv,read_after_write_dependency,True,FileTool,read_csv,True,,E0,True
VBrun_scale_microbench_300_2026-02-11T064352Z_seed20260211,AgentSelfCheck,VB-035,3,QueryTool,search,query_hits_reproducible,True,QueryTool,search,True,,E0,True
VBrun_scale_microbench_300_2026-02-11T064352Z_seed20260211,AgentSelfCheck,VB-035,4,CalcTool,sum,value_equals,True,CalcTool,sum,True,,E0,True
VBrun_scale_microbench_300_2026-02-11T064352Z_seed20260211,AgentSelfCheck,VB-035,5,CalcTool,sum,value_equals,True,CalcTool,sum,True,,E0,True
VBrun_scale_microbench_300_2026-02-11T064352Z_seed20260211,AgentSelfCheck,VB-035,6,QueryTool,search,query_hits_reproducible,True,QueryTool,search,True,,E0,True
VBrun_scale_microbench_300_2026-02-11T064352Z_seed20260211,AgentSelfCheck,VB-035,7,CalcTool,sum,value_equals,True,CalcTool,sum,True,,E0,True
VBrun_scale_microbench_300_2026-02-11T064352Z_seed20260211,AgentSelfCheck,VB-035,8,CalcTool,sum,value_equals,True,CalcTool,sum,True,,E0,True
VBrun_scale_microbench_300_2026-02-11T064352Z_seed20260211,AgentSelfCheck,VB-036,1,FileTool,write_csv,artifact_written_exists,True,FileTool,write_csv,True,,E0,True
VBrun_scale_microbench_300_2026-02-11T064352Z_seed20260211,AgentSelfCheck,VB-036,2,FileTool,read_csv,read_after_write_dependency,True,FileTool,read_csv,True,,E0,True
VBrun_scale_microbench_300_2026-02-11T064352Z_seed20260211,AgentSelfCheck,VB-037,1,FileTool,write_csv,artifact_written_exists,True,FileTool,write_csv,True,,E0,True
VBrun_scale_microbench_300_2026-02-11T064352Z_seed20260211,AgentSelfCheck,VB-037,2,FileTool,read_csv,read_after_write_dependency,True,FileTool,read_csv,True,,E0,True
VBrun_scale_microbench_300_2026-02-11T064352Z_seed20260211,AgentSelfCheck,VB-037,3,QueryTool,search,query_hits_reproducible,True,QueryTool,search,True,,E0,True
VBrun_scale_microbench_300_2026-02-11T064352Z_seed20260211,AgentSelfCheck,VB-038,1,FileTool,write_csv,artifact_written_exists,True,FileTool,write_csv,True,,E0,True
VBrun_scale_microbench_300_2026-02-11T064352Z_seed20260211,AgentSelfCheck,VB-038,2,FileTool,read_csv,read_after_write_dependency,True,FileTool,read_csv,True,,E0,True
VBrun_scale_microbench_300_2026-02-11T064352Z_seed20260211,AgentSelfCheck,VB-038,3,QueryTool,search,query_hits_reproducible,True,QueryTool,search,True,,E0,True
VBrun_scale_microbench_300_2026-02-11T064352Z_seed20260211,AgentSelfCheck,VB-038,4,CalcTool,sum,value_equals,True,CalcTool,sum,True,,E0,True
VBrun_scale_microbench_300_2026-02-11T064352Z_seed20260211,AgentSelfCheck,VB-039,1,FileTool,write_csv,artifact_written_exists,True,FileTool,write_csv,True,,E0,True
VBrun_scale_microbench_300_2026-02-11T064352Z_seed20260211,AgentSelfCheck,VB-039,2,FileTool,read_csv,read_after_write_dependency,True,FileTool,read_csv,True,,E0,True
VBrun_scale_microbench_300_2026-02-11T064352Z_seed20260211,AgentSelfCheck,VB-039,3,QueryTool,search,query_hits_reproducible,True,QueryTool,search,True,,E0,True
VBrun_scale_microbench_300_2026-02-11T064352Z_seed20260211,AgentSelfCheck,VB-039,4,CalcTool,sum,value_equals,True,CalcTool,sum,True,,E0,True
VBrun_scale_microbench_300_2026-02-11T064352Z_seed20260211,AgentSelfCheck,VB-039,5,CalcTool,sum,value_equals,True,CalcTool,sum,True,,E0,True
VBrun_scale_microbench_300_2026-02-11T064352Z_seed20260211,AgentSelfCheck,VB-040,1,FileTool,write_csv,artifact_written_exists,True,FileTool,write_csv,True,,E0,True
VBrun_scale_microbench_300_2026-02-11T064352Z_seed20260211,AgentSelfCheck,VB-040,2,FileTool,read_csv,read_after_write_dependency,True,FileTool,read_csv,True,,E0,True
VBrun_scale_microbench_300_2026-02-11T064352Z_seed20260211,AgentSelfCheck,VB-040,3,QueryTool,search,query_hits_reproducible,True,QueryTool,search,True,,E0,True
VBrun_scale_microbench_300_2026-02-11T064352Z_seed20260211,AgentSelfCheck,VB-040,4,CalcTool,sum,value_equals,True,CalcTool,sum,True,,E0,True
VBrun_scale_microbench_300_2026-02-11T064352Z_seed20260211,AgentSelfCheck,VB-040,5,CalcTool,sum,value_equals,True,CalcTool,sum,True,,E0,True
VBrun_scale_microbench_300_2026-02-11T064352Z_seed20260211,AgentSelfCheck,VB-040,6,QueryTool,search,query_hits_reproducible,True,QueryTool,search,True,,E0,True
VBrun_scale_microbench_300_2026-02-11T064352Z_seed20260211,AgentSelfCheck,VB-041,1,FileTool,write_csv,artifact_written_exists,True,FileTool,write_csv,True,,E0,True
VBrun_scale_microbench_300_2026-02-11T064352Z_seed20260211,AgentSelfCheck,VB-041,2,FileTool,read_csv,read_after_write_dependency,True,FileTool,read_csv,True,,E0,True
VBrun_scale_microbench_300_2026-02-11T064352Z_seed20260211,AgentSelfCheck,VB-041,3,QueryTool,search,query_hits_reproducible,True,QueryTool,search,True,,E0,True
VBrun_scale_microbench_300_2026-02-11T064352Z_seed20260211,AgentSelfCheck,VB-041,4,CalcTool,sum,value_equals,True,CalcTool,sum,True,,E0,True
VBrun_scale_microbench_300_2026-02-11T064352Z_seed20260211,AgentSelfCheck,VB-041,5,CalcTool,sum,value_equals,True,CalcTool,sum,True,,E0,True
VBrun_scale_microbench_300_2026-02-11T064352Z_seed20260211,AgentSelfCheck,VB-041,6,QueryTool,search,query_hits_reproducible,True,QueryTool,search,True,,E0,True
VBrun_scale_microbench_300_2026-02-11T064352Z_seed20260211,AgentSelfCheck,VB-041,7,CalcTool,sum,value_equals,True,CalcTool,sum,True,,E0,True
VBrun_scale_microbench_300_2026-02-11T064352Z_seed20260211,AgentSelfCheck,VB-042,1,FileTool,write_csv,artifact_written_exists,True,FileTool,write_csv,True,,E0,True
VBrun_scale_microbench_300_2026-02-11T064352Z_seed20260211,AgentSelfCheck,VB-042,2,FileTool,read_csv,read_after_write_dependency,True,FileTool,read_csv,True,,E0,True
VBrun_scale_microbench_300_2026-02-11T064352Z_seed20260211,AgentSelfCheck,VB-042,3,QueryTool,search,query_hits_reproducible,True,QueryTool,search,True,,E0,True
VBrun_scale_microbench_300_2026-02-11T064352Z_seed20260211,AgentSelfCheck,VB-042,4,CalcTool,sum,value_equals,True,CalcTool,sum,True,,E0,True
VBrun_scale_microbench_300_2026-02-11T064352Z_seed20260211,AgentSelfCheck,VB-042,5,CalcTool,sum,value_equals,True,CalcTool,sum,True,,E0,True
VBrun_scale_microbench_300_2026-02-11T064352Z_seed20260211,AgentSelfCheck,VB-042,6,QueryTool,search,query_hits_reproducible,True,QueryTool,search,True,,E0,True
VBrun_scale_microbench_300_2026-02-11T064352Z_seed20260211,AgentSelfCheck,VB-042,7,CalcTool,sum,value_equals,True,CalcTool,sum,True,,E0,True
VBrun_scale_microbench_300_2026-02-11T064352Z_seed20260211,AgentSelfCheck,VB-042,8,CalcTool,sum,value_equals,True,CalcTool,sum,True,,E0,True
VBrun_scale_microbench_300_2026-02-11T064352Z_seed20260211,AgentSelfCheck,VB-043,1,FileTool,write_csv,artifact_written_exists,True,FileTool,write_csv,True,,E0,True
VBrun_scale_microbench_300_2026-02-11T064352Z_seed20260211,AgentSelfCheck,VB-043,2,FileTool,read_csv,read_after_write_dependency,True,FileTool,read_csv,True,,E0,True
VBrun_scale_microbench_300_2026-02-11T064352Z_seed20260211,AgentSelfCheck,VB-044,1,FileTool,write_csv,artifact_written_exists,True,FileTool,write_csv,True,,E0,True
VBrun_scale_microbench_300_2026-02-11T064352Z_seed20260211,AgentSelfCheck,VB-044,2,FileTool,read_csv,read_after_write_dependency,True,FileTool,read_csv,True,,E0,True
VBrun_scale_microbench_300_2026-02-11T064352Z_seed20260211,AgentSelfCheck,VB-044,3,QueryTool,search,query_hits_reproducible,True,QueryTool,search,True,,E0,True
VBrun_scale_microbench_300_2026-02-11T064352Z_seed20260211,AgentSelfCheck,VB-045,1,FileTool,write_csv,artifact_written_exists,True,FileTool,write_csv,True,,E0,True
VBrun_scale_microbench_300_2026-02-11T064352Z_seed20260211,AgentSelfCheck,VB-045,2,FileTool,read_csv,read_after_write_dependency,True,FileTool,read_csv,True,,E0,True
VBrun_scale_microbench_300_2026-02-11T064352Z_seed20260211,AgentSelfCheck,VB-045,3,QueryTool,search,query_hits_reproducible,True,QueryTool,search,True,,E0,True
VBrun_scale_microbench_300_2026-02-11T064352Z_seed20260211,AgentSelfCheck,VB-045,4,CalcTool,sum,value_equals,True,CalcTool,sum,True,,E0,True
VBrun_scale_microbench_300_2026-02-11T064352Z_seed20260211,AgentSelfCheck,VB-046,1,FileTool,write_csv,artifact_written_exists,True,FileTool,write_csv,True,,E0,True
VBrun_scale_microbench_300_2026-02-11T064352Z_seed20260211,AgentSelfCheck,VB-046,2,FileTool,read_csv,read_after_write_dependency,True,FileTool,read_csv,True,,E0,True
VBrun_scale_microbench_300_2026-02-11T064352Z_seed20260211,AgentSelfCheck,VB-046,3,QueryTool,search,query_hits_reproducible,True,QueryTool,search,True,,E0,True
VBrun_scale_microbench_300_2026-02-11T064352Z_seed20260211,AgentSelfCheck,VB-046,4,CalcTool,sum,value_equals,True,CalcTool,sum,True,,E0,True
VBrun_scale_microbench_300_2026-02-11T064352Z_seed20260211,AgentSelfCheck,VB-046,5,CalcTool,sum,value_equals,True,CalcTool,sum,True,,E0,True
VBrun_scale_microbench_300_2026-02-11T064352Z_seed20260211,AgentSelfCheck,VB-047,1,FileTool,write_csv,artifact_written_exists,True,FileTool,write_csv,True,,E0,True
VBrun_scale_microbench_300_2026-02-11T064352Z_seed20260211,AgentSelfCheck,VB-047,2,FileTool,read_csv,read_after_write_dependency,True,FileTool,read_csv,True,,E0,True
VBrun_scale_microbench_300_2026-02-11T064352Z_seed20260211,AgentSelfCheck,VB-047,3,QueryTool,search,query_hits_reproducible,True,QueryTool,search,True,,E0,True
VBrun_scale_microbench_300_2026-02-11T064352Z_seed20260211,AgentSelfCheck,VB-047,4,CalcTool,sum,value_equals,True,CalcTool,sum,True,,E0,True
VBrun_scale_microbench_300_2026-02-11T064352Z_seed20260211,AgentSelfCheck,VB-047,5,CalcTool,sum,value_equals,True,CalcTool,sum,True,,E0,True
VBrun_scale_microbench_300_2026-02-11T064352Z_seed20260211,AgentSelfCheck,VB-047,6,QueryTool,search,query_hits_reproducible,True,QueryTool,search,True,,E0,True
VBrun_scale_microbench_300_2026-02-11T064352Z_seed20260211,AgentSelfCheck,VB-048,1,FileTool,write_csv,artifact_written_exists,True,FileTool,write_csv,True,,E0,True
VBrun_scale_microbench_300_2026-02-11T064352Z_seed20260211,AgentSelfCheck,VB-048,2,FileTool,read_csv,read_after_write_dependency,True,FileTool,read_csv,True,,E0,True
VBrun_scale_microbench_300_2026-02-11T064352Z_seed20260211,AgentSelfCheck,VB-048,3,QueryTool,search,query_hits_reproducible,True,QueryTool,search,True,,E0,True
VBrun_scale_microbench_300_2026-02-11T064352Z_seed20260211,AgentSelfCheck,VB-048,4,CalcTool,sum,value_equals,True,CalcTool,sum,True,,E0,True
VBrun_scale_microbench_300_2026-02-11T064352Z_seed20260211,AgentSelfCheck,VB-048,5,CalcTool,sum,value_equals,True,CalcTool,sum,True,,E0,True
VBrun_scale_microbench_300_2026-02-11T064352Z_seed20260211,AgentSelfCheck,VB-048,6,QueryTool,search,query_hits_reproducible,True,QueryTool,search,True,,E0,True
VBrun_scale_microbench_300_2026-02-11T064352Z_seed20260211,AgentSelfCheck,VB-048,7,CalcTool,sum,value_equals,True,CalcTool,sum,True,,E0,True
VBrun_scale_microbench_300_2026-02-11T064352Z_seed20260211,AgentSelfCheck,VB-049,1,FileTool,write_csv,artifact_written_exists,True,FileTool,write_csv,True,,E0,True
VBrun_scale_microbench_300_2026-02-11T064352Z_seed20260211,AgentSelfCheck,VB-049,2,FileTool,read_csv,read_after_write_dependency,True,FileTool,read_csv,True,,E0,True
VBrun_scale_microbench_300_2026-02-11T064352Z_seed20260211,AgentSelfCheck,VB-049,3,QueryTool,search,query_hits_reproducible,True,QueryTool,search,True,,E0,True
VBrun_scale_microbench_300_2026-02-11T064352Z_seed20260211,AgentSelfCheck,VB-049,4,CalcTool,sum,value_equals,True,CalcTool,sum,True,,E0,True
VBrun_scale_microbench_300_2026-02-11T064352Z_seed20260211,AgentSelfCheck,VB-049,5,CalcTool,sum,value_equals,True,CalcTool,sum,True,,E0,True
VBrun_scale_microbench_300_2026-02-11T064352Z_seed20260211,AgentSelfCheck,VB-049,6,QueryTool,search,query_hits_reproducible,True,QueryTool,search,True,,E0,True
VBrun_scale_microbench_300_2026-02-11T064352Z_seed20260211,AgentSelfCheck,VB-049,7,CalcTool,sum,value_equals,True,CalcTool,sum,True,,E0,True
VBrun_scale_microbench_300_2026-02-11T064352Z_seed20260211,AgentSelfCheck,VB-049,8,CalcTool,sum,value_equals,True,CalcTool,sum,True,,E0,True
VBrun_scale_microbench_300_2026-02-11T064352Z_seed20260211,AgentSelfCheck,VB-050,1,FileTool,write_csv,artifact_written_exists,True,FileTool,write_csv,True,,E0,True
VBrun_scale_microbench_300_2026-02-11T064352Z_seed20260211,AgentSelfCheck,VB-050,2,FileTool,read_csv,read_after_write_dependency,True,FileTool,read_csv,True,,E0,True
VBrun_scale_microbench_300_2026-02-11T064352Z_seed20260211,AgentSelfCheck,VB-051,1,FileTool,write_csv,artifact_written_exists,True,FileTool,write_csv,True,,E0,True
VBrun_scale_microbench_300_2026-02-11T064352Z_seed20260211,AgentSelfCheck,VB-051,2,FileTool,read_csv,read_after_write_dependency,True,FileTool,read_csv,True,,E0,True
VBrun_scale_microbench_300_2026-02-11T064352Z_seed20260211,AgentSelfCheck,VB-051,3,QueryTool,search,query_hits_reproducible,True,QueryTool,search,True,,E0,True
VBrun_scale_microbench_300_2026-02-11T064352Z_seed20260211,AgentSelfCheck,VB-052,1,FileTool,write_csv,artifact_written_exists,True,FileTool,write_csv,True,,E0,True
VBrun_scale_microbench_300_2026-02-11T064352Z_seed20260211,AgentSelfCheck,VB-052,2,FileTool,read_csv,read_after_write_dependency,True,FileTool,read_csv,True,,E0,True
VBrun_scale_microbench_300_2026-02-11T064352Z_seed20260211,AgentSelfCheck,VB-052,3,QueryTool,search,query_hits_reproducible,True,QueryTool,search,True,,E0,True
VBrun_scale_microbench_300_2026-02-11T064352Z_seed20260211,AgentSelfCheck,VB-052,4,CalcTool,sum,value_equals,True,CalcTool,sum,True,,E0,True
VBrun_scale_microbench_300_2026-02-11T064352Z_seed20260211,AgentSelfCheck,VB-053,1,FileTool,write_csv,artifact_written_exists,True,FileTool,write_csv,True,,E0,True
VBrun_scale_microbench_300_2026-02-11T064352Z_seed20260211,AgentSelfCheck,VB-053,2,FileTool,read_csv,read_after_write_dependency,True,FileTool,read_csv,True,,E0,True
VBrun_scale_microbench_300_2026-02-11T064352Z_seed20260211,AgentSelfCheck,VB-053,3,QueryTool,search,query_hits_reproducible,True,QueryTool,search,True,,E0,True
VBrun_scale_microbench_300_2026-02-11T064352Z_seed20260211,AgentSelfCheck,VB-053,4,CalcTool,sum,value_equals,True,CalcTool,sum,True,,E0,True
VBrun_scale_microbench_300_2026-02-11T064352Z_seed20260211,AgentSelfCheck,VB-053,5,CalcTool,sum,value_equals,True,CalcTool,sum,True,,E0,True
VBrun_scale_microbench_300_2026-02-11T064352Z_seed20260211,AgentSelfCheck,VB-054,1,FileTool,write_csv,artifact_written_exists,True,FileTool,write_csv,True,,E0,True
VBrun_scale_microbench_300_2026-02-11T064352Z_seed20260211,AgentSelfCheck,VB-054,2,FileTool,read_csv,read_after_write_dependency,True,FileTool,read_csv,True,,E0,True
VBrun_scale_microbench_300_2026-02-11T064352Z_seed20260211,AgentSelfCheck,VB-054,3,QueryTool,search,query_hits_reproducible,True,QueryTool,search,True,,E0,True
VBrun_scale_microbench_300_2026-02-11T064352Z_seed20260211,AgentSelfCheck,VB-054,4,CalcTool,sum,value_equals,True,CalcTool,sum,True,,E0,True
VBrun_scale_microbench_300_2026-02-11T064352Z_seed20260211,AgentSelfCheck,VB-054,5,CalcTool,sum,value_equals,True,CalcTool,sum,True,,E0,True
VBrun_scale_microbench_300_2026-02-11T064352Z_seed20260211,AgentSelfCheck,VB-054,6,QueryTool,search,query_hits_reproducible,True,QueryTool,search,True,,E0,True
VBrun_scale_microbench_300_2026-02-11T064352Z_seed20260211,AgentSelfCheck,VB-055,1,FileTool,write_csv,artifact_written_exists,True,FileTool,write_csv,True,,E0,True
VBrun_scale_microbench_300_2026-02-11T064352Z_seed20260211,AgentSelfCheck,VB-055,2,FileTool,read_csv,read_after_write_dependency,True,FileTool,read_csv,True,,E0,True
VBrun_scale_microbench_300_2026-02-11T064352Z_seed20260211,AgentSelfCheck,VB-055,3,QueryTool,search,query_hits_reproducible,True,QueryTool,search,True,,E0,True
VBrun_scale_microbench_300_2026-02-11T064352Z_seed20260211,AgentSelfCheck,VB-055,4,CalcTool,sum,value_equals,True,CalcTool,sum,True,,E0,True
VBrun_scale_microbench_300_2026-02-11T064352Z_seed20260211,AgentSelfCheck,VB-055,5,CalcTool,sum,value_equals,True,CalcTool,sum,True,,E0,True
VBrun_scale_microbench_300_2026-02-11T064352Z_seed20260211,AgentSelfCheck,VB-055,6,QueryTool,search,query_hits_reproducible,True,QueryTool,search,True,,E0,True
VBrun_scale_microbench_300_2026-02-11T064352Z_seed20260211,AgentSelfCheck,VB-055,7,CalcTool,sum,value_equals,True,CalcTool,sum,True,,E0,True
VBrun_scale_microbench_300_2026-02-11T064352Z_seed20260211,AgentSelfCheck,VB-056,1,FileTool,write_csv,artifact_written_exists,True,FileTool,write_csv,True,,E0,True
VBrun_scale_microbench_300_2026-02-11T064352Z_seed20260211,AgentSelfCheck,VB-056,2,FileTool,read_csv,read_after_write_dependency,True,FileTool,read_csv,True,,E0,True
VBrun_scale_microbench_300_2026-02-11T064352Z_seed20260211,AgentSelfCheck,VB-056,3,QueryTool,search,query_hits_reproducible,True,QueryTool,search,True,,E0,True
VBrun_scale_microbench_300_2026-02-11T064352Z_seed20260211,AgentSelfCheck,VB-056,4,CalcTool,sum,value_equals,True,CalcTool,sum,True,,E0,True
VBrun_scale_microbench_300_2026-02-11T064352Z_seed20260211,AgentSelfCheck,VB-056,5,CalcTool,sum,value_equals,True,CalcTool,sum,True,,E0,True
VBrun_scale_microbench_300_2026-02-11T064352Z_seed20260211,AgentSelfCheck,VB-056,6,QueryTool,search,query_hits_reproducible,True,QueryTool,search,True,,E0,True
VBrun_scale_microbench_300_2026-02-11T064352Z_seed20260211,AgentSelfCheck,VB-056,7,CalcTool,sum,value_equals,True,CalcTool,sum,True,,E0,True
VBrun_scale_microbench_300_2026-02-11T064352Z_seed20260211,AgentSelfCheck,VB-056,8,CalcTool,sum,value_equals,True,CalcTool,sum,True,,E0,True
VBrun_scale_microbench_300_2026-02-11T064352Z_seed20260211,AgentSelfCheck,VB-057,1,FileTool,write_csv,artifact_written_exists,True,FileTool,write_csv,True,,E0,True
VBrun_scale_microbench_300_2026-02-11T064352Z_seed20260211,AgentSelfCheck,VB-057,2,FileTool,read_csv,read_after_write_dependency,True,FileTool,read_csv,True,,E0,True
VBrun_scale_microbench_300_2026-02-11T064352Z_seed20260211,AgentSelfCheck,VB-058,1,FileTool,write_csv,artifact_written_exists,True,FileTool,write_csv,True,,E0,True
VBrun_scale_microbench_300_2026-02-11T064352Z_seed20260211,AgentSelfCheck,VB-058,2,FileTool,read_csv,read_after_write_dependency,True,FileTool,read_csv,True,,E0,True
VBrun_scale_microbench_300_2026-02-11T064352Z_seed20260211,AgentSelfCheck,VB-058,3,QueryTool,search,query_hits_reproducible,True,QueryTool,search,True,,E0,True
VBrun_scale_microbench_300_2026-02-11T064352Z_seed20260211,AgentSelfCheck,VB-059,1,FileTool,write_csv,artifact_written_exists,True,FileTool,write_csv,True,,E0,True
VBrun_scale_microbench_300_2026-02-11T064352Z_seed20260211,AgentSelfCheck,VB-059,2,FileTool,read_csv,read_after_write_dependency,True,FileTool,read_csv,True,,E0,True
VBrun_scale_microbench_300_2026-02-11T064352Z_seed20260211,AgentSelfCheck,VB-059,3,QueryTool,search,query_hits_reproducible,True,QueryTool,search,True,,E0,True
VBrun_scale_microbench_300_2026-02-11T064352Z_seed20260211,AgentSelfCheck,VB-059,4,CalcTool,sum,value_equals,True,CalcTool,sum,True,,E0,True
VBrun_scale_microbench_300_2026-02-11T064352Z_seed20260211,AgentSelfCheck,VB-060,1,FileTool,write_csv,artifact_written_exists,True,FileTool,write_csv,True,,E0,True
VBrun_scale_microbench_300_2026-02-11T064352Z_seed20260211,AgentSelfCheck,VB-060,2,FileTool,read_csv,read_after_write_dependency,True,FileTool,read_csv,True,,E0,True
VBrun_scale_microbench_300_2026-02-11T064352Z_seed20260211,AgentSelfCheck,VB-060,3,QueryTool,search,query_hits_reproducible,True,QueryTool,search,True,,E0,True
VBrun_scale_microbench_300_2026-02-11T064352Z_seed20260211,AgentSelfCheck,VB-060,4,CalcTool,sum,value_equals,True,CalcTool,sum,True,,E0,True
VBrun_scale_microbench_300_2026-02-11T064352Z_seed20260211,AgentSelfCheck,VB-060,5,CalcTool,sum,value_equals,True,CalcTool,sum,True,,E0,True
VBrun_scale_microbench_300_2026-02-11T064352Z_seed20260211,AgentSelfCheck,VB-061,1,FileTool,write_csv,artifact_written_exists,True,FileTool,write_csv,True,,E0,True
VBrun_scale_microbench_300_2026-02-11T064352Z_seed20260211,AgentSelfCheck,VB-061,2,FileTool,read_csv,read_after_write_dependency,True,FileTool,read_csv,True,,E0,True
VBrun_scale_microbench_300_2026-02-11T064352Z_seed20260211,AgentSelfCheck,VB-061,3,QueryTool,search,query_hits_reproducible,True,QueryTool,search,True,,E0,True
VBrun_scale_microbench_300_2026-02-11T064352Z_seed20260211,AgentSelfCheck,VB-061,4,CalcTool,sum,value_equals,True,CalcTool,sum,True,,E0,True
VBrun_scale_microbench_300_2026-02-11T064352Z_seed20260211,AgentSelfCheck,VB-061,5,CalcTool,sum,value_equals,True,CalcTool,sum,True,,E0,True
VBrun_scale_microbench_300_2026-02-11T064352Z_seed20260211,AgentSelfCheck,VB-061,6,QueryTool,search,query_hits_reproducible,True,QueryTool,search,True,,E0,True
VBrun_scale_microbench_300_2026-02-11T064352Z_seed20260211,AgentSelfCheck,VB-062,1,FileTool,write_csv,artifact_written_exists,True,FileTool,write_csv,True,,E0,True
VBrun_scale_microbench_300_2026-02-11T064352Z_seed20260211,AgentSelfCheck,VB-062,2,FileTool,read_csv,read_after_write_dependency,True,FileTool,read_csv,True,,E0,True
VBrun_scale_microbench_300_2026-02-11T064352Z_seed20260211,AgentSelfCheck,VB-062,3,QueryTool,search,query_hits_reproducible,True,QueryTool,search,True,,E0,True
VBrun_scale_microbench_300_2026-02-11T064352Z_seed20260211,AgentSelfCheck,VB-062,4,CalcTool,sum,value_equals,True,CalcTool,sum,True,,E0,True
VBrun_scale_microbench_300_2026-02-11T064352Z_seed20260211,AgentSelfCheck,VB-062,5,CalcTool,sum,value_equals,True,CalcTool,sum,True,,E0,True
VBrun_scale_microbench_300_2026-02-11T064352Z_seed20260211,AgentSelfCheck,VB-062,6,QueryTool,search,query_hits_reproducible,True,QueryTool,search,True,,E0,True
VBrun_scale_microbench_300_2026-02-11T064352Z_seed20260211,AgentSelfCheck,VB-062,7,CalcTool,sum,value_equals,True,CalcTool,sum,True,,E0,True
VBrun_scale_microbench_300_2026-02-11T064352Z_seed20260211,AgentSelfCheck,VB-063,1,FileTool,write_csv,artifact_written_exists,True,FileTool,write_csv,True,,E0,True
VBrun_scale_microbench_300_2026-02-11T064352Z_seed20260211,AgentSelfCheck,VB-063,2,FileTool,read_csv,read_after_write_dependency,True,FileTool,read_csv,True,,E0,True
VBrun_scale_microbench_300_2026-02-11T064352Z_seed20260211,AgentSelfCheck,VB-063,3,QueryTool,search,query_hits_reproducible,True,QueryTool,search,True,,E0,True
VBrun_scale_microbench_300_2026-02-11T064352Z_seed20260211,AgentSelfCheck,VB-063,4,CalcTool,sum,value_equals,True,CalcTool,sum,True,,E0,True
VBrun_scale_microbench_300_2026-02-11T064352Z_seed20260211,AgentSelfCheck,VB-063,5,CalcTool,sum,value_equals,True,CalcTool,sum,True,,E0,True
VBrun_scale_microbench_300_2026-02-11T064352Z_seed20260211,AgentSelfCheck,VB-063,6,QueryTool,search,query_hits_reproducible,True,QueryTool,search,True,,E0,True
VBrun_scale_microbench_300_2026-02-11T064352Z_seed20260211,AgentSelfCheck,VB-063,7,CalcTool,sum,value_equals,True,CalcTool,sum,True,,E0,True
VBrun_scale_microbench_300_2026-02-11T064352Z_seed20260211,AgentSelfCheck,VB-063,8,CalcTool,sum,value_equals,True,CalcTool,sum,True,,E0,True
VBrun_scale_microbench_300_2026-02-11T064352Z_seed20260211,AgentSelfCheck,VB-064,1,FileTool,write_csv,artifact_written_exists,True,FileTool,write_csv,True,,E0,True
VBrun_scale_microbench_300_2026-02-11T064352Z_seed20260211,AgentSelfCheck,VB-064,2,FileTool,read_csv,read_after_write_dependency,True,FileTool,read_csv,True,,E0,True
VBrun_scale_microbench_300_2026-02-11T064352Z_seed20260211,AgentSelfCheck,VB-065,1,FileTool,write_csv,artifact_written_exists,True,FileTool,write_csv,True,,E0,True
VBrun_scale_microbench_300_2026-02-11T064352Z_seed20260211,AgentSelfCheck,VB-065,2,FileTool,read_csv,read_after_write_dependency,True,FileTool,read_csv,True,,E0,True
VBrun_scale_microbench_300_2026-02-11T064352Z_seed20260211,AgentSelfCheck,VB-065,3,QueryTool,search,query_hits_reproducible,True,QueryTool,search,True,,E0,True
VBrun_scale_microbench_300_2026-02-11T064352Z_seed20260211,AgentSelfCheck,VB-066,1,FileTool,write_csv,artifact_written_exists,True,FileTool,write_csv,True,,E0,True
VBrun_scale_microbench_300_2026-02-11T064352Z_seed20260211,AgentSelfCheck,VB-066,2,FileTool,read_csv,read_after_write_dependency,True,FileTool,read_csv,True,,E0,True
VBrun_scale_microbench_300_2026-02-11T064352Z_seed20260211,AgentSelfCheck,VB-066,3,QueryTool,search,query_hits_reproducible,True,QueryTool,search,True,,E0,True
VBrun_scale_microbench_300_2026-02-11T064352Z_seed20260211,AgentSelfCheck,VB-066,4,CalcTool,sum,value_equals,True,CalcTool,sum,True,,E0,True
VBrun_scale_microbench_300_2026-02-11T064352Z_seed20260211,AgentSelfCheck,VB-067,1,FileTool,write_csv,artifact_written_exists,True,FileTool,write_csv,True,,E0,True
VBrun_scale_microbench_300_2026-02-11T064352Z_seed20260211,AgentSelfCheck,VB-067,2,FileTool,read_csv,read_after_write_dependency,True,FileTool,read_csv,True,,E0,True
VBrun_scale_microbench_300_2026-02-11T064352Z_seed20260211,AgentSelfCheck,VB-067,3,QueryTool,search,query_hits_reproducible,True,QueryTool,search,True,,E0,True
VBrun_scale_microbench_300_2026-02-11T064352Z_seed20260211,AgentSelfCheck,VB-067,4,CalcTool,sum,value_equals,True,CalcTool,sum,True,,E0,True
VBrun_scale_microbench_300_2026-02-11T064352Z_seed20260211,AgentSelfCheck,VB-067,5,CalcTool,sum,value_equals,True,CalcTool,sum,True,,E0,True
VBrun_scale_microbench_300_2026-02-11T064352Z_seed20260211,AgentSelfCheck,VB-068,1,FileTool,write_csv,artifact_written_exists,True,FileTool,write_csv,True,,E0,True
VBrun_scale_microbench_300_2026-02-11T064352Z_seed20260211,AgentSelfCheck,VB-068,2,FileTool,read_csv,read_after_write_dependency,True,FileTool,read_csv,True,,E0,True
VBrun_scale_microbench_300_2026-02-11T064352Z_seed20260211,AgentSelfCheck,VB-068,3,QueryTool,search,query_hits_reproducible,True,QueryTool,search,True,,E0,True
VBrun_scale_microbench_300_2026-02-11T064352Z_seed20260211,AgentSelfCheck,VB-068,4,CalcTool,sum,value_equals,True,CalcTool,sum,True,,E0,True
VBrun_scale_microbench_300_2026-02-11T064352Z_seed20260211,AgentSelfCheck,VB-068,5,CalcTool,sum,value_equals,True,CalcTool,sum,True,,E0,True
VBrun_scale_microbench_300_2026-02-11T064352Z_seed20260211,AgentSelfCheck,VB-068,6,QueryTool,search,query_hits_reproducible,True,QueryTool,search,True,,E0,True
VBrun_scale_microbench_300_2026-02-11T064352Z_seed20260211,AgentSelfCheck,VB-069,1,FileTool,write_csv,artifact_written_exists,True,FileTool,write_csv,True,,E0,True
VBrun_scale_microbench_300_2026-02-11T064352Z_seed20260211,AgentSelfCheck,VB-069,2,FileTool,read_csv,read_after_write_dependency,True,FileTool,read_csv,True,,E0,True
VBrun_scale_microbench_300_2026-02-11T064352Z_seed20260211,AgentSelfCheck,VB-069,3,QueryTool,search,query_hits_reproducible,True,QueryTool,search,True,,E0,True
VBrun_scale_microbench_300_2026-02-11T064352Z_seed20260211,AgentSelfCheck,VB-069,4,CalcTool,sum,value_equals,True,CalcTool,sum,True,,E0,True
VBrun_scale_microbench_300_2026-02-11T064352Z_seed20260211,AgentSelfCheck,VB-069,5,CalcTool,sum,value_equals,True,CalcTool,sum,True,,E0,True
VBrun_scale_microbench_300_2026-02-11T064352Z_seed20260211,AgentSelfCheck,VB-069,6,QueryTool,search,query_hits_reproducible,True,QueryTool,search,True,,E0,True
VBrun_scale_microbench_300_2026-02-11T064352Z_seed20260211,AgentSelfCheck,VB-069,7,CalcTool,sum,value_equals,True,CalcTool,sum,True,,E0,True
VBrun_scale_microbench_300_2026-02-11T064352Z_seed20260211,AgentSelfCheck,VB-070,1,FileTool,write_csv,artifact_written_exists,True,FileTool,write_csv,True,,E0,True
VBrun_scale_microbench_300_2026-02-11T064352Z_seed20260211,AgentSelfCheck,VB-070,2,FileTool,read_csv,read_after_write_dependency,True,FileTool,read_csv,True,,E0,True
VBrun_scale_microbench_300_2026-02-11T064352Z_seed20260211,AgentSelfCheck,VB-070,3,QueryTool,search,query_hits_reproducible,True,QueryTool,search,True,,E0,True
VBrun_scale_microbench_300_2026-02-11T064352Z_seed20260211,AgentSelfCheck,VB-070,4,CalcTool,sum,value_equals,True,CalcTool,sum,True,,E0,True
VBrun_scale_microbench_300_2026-02-11T064352Z_seed20260211,AgentSelfCheck,VB-070,5,CalcTool,sum,value_equals,True,CalcTool,sum,True,,E0,True
VBrun_scale_microbench_300_2026-02-11T064352Z_seed20260211,AgentSelfCheck,VB-070,6,QueryTool,search,query_hits_reproducible,True,QueryTool,search,True,,E0,True
VBrun_scale_microbench_300_2026-02-11T064352Z_seed20260211,AgentSelfCheck,VB-070,7,CalcTool,sum,value_equals,True,CalcTool,sum,True,,E0,True
VBrun_scale_microbench_300_2026-02-11T064352Z_seed20260211,AgentSelfCheck,VB-070,8,CalcTool,sum,value_equals,True,CalcTool,sum,True,,E0,True
VBrun_scale_microbench_300_2026-02-11T064352Z_seed20260211,AgentSelfCheck,VB-071,1,FileTool,write_csv,artifact_written_exists,True,FileTool,write_csv,True,,E0,True
VBrun_scale_microbench_300_2026-02-11T064352Z_seed20260211,AgentSelfCheck,VB-071,2,FileTool,read_csv,read_after_write_dependency,True,FileTool,read_csv,True,,E0,True
VBrun_scale_microbench_300_2026-02-11T064352Z_seed20260211,AgentSelfCheck,VB-072,1,FileTool,write_csv,artifact_written_exists,True,FileTool,write_csv,True,,E0,True
VBrun_scale_microbench_300_2026-02-11T064352Z_seed20260211,AgentSelfCheck,VB-072,2,FileTool,read_csv,read_after_write_dependency,True,FileTool,read_csv,True,,E0,True
VBrun_scale_microbench_300_2026-02-11T064352Z_seed20260211,AgentSelfCheck,VB-072,3,QueryTool,search,query_hits_reproducible,True,QueryTool,search,True,,E0,True
VBrun_scale_microbench_300_2026-02-11T064352Z_seed20260211,AgentSelfCheck,VB-073,1,FileTool,write_csv,artifact_written_exists,True,FileTool,write_csv,True,,E0,True
VBrun_scale_microbench_300_2026-02-11T064352Z_seed20260211,AgentSelfCheck,VB-073,2,FileTool,read_csv,read_after_write_dependency,True,FileTool,read_csv,True,,E0,True
VBrun_scale_microbench_300_2026-02-11T064352Z_seed20260211,AgentSelfCheck,VB-073,3,QueryTool,search,query_hits_reproducible,True,QueryTool,search,True,,E0,True
VBrun_scale_microbench_300_2026-02-11T064352Z_seed20260211,AgentSelfCheck,VB-073,4,CalcTool,sum,value_equals,True,CalcTool,sum,True,,E0,True
VBrun_scale_microbench_300_2026-02-11T064352Z_seed20260211,AgentSelfCheck,VB-074,1,FileTool,write_csv,artifact_written_exists,True,FileTool,write_csv,True,,E0,True
VBrun_scale_microbench_300_2026-02-11T064352Z_seed20260211,AgentSelfCheck,VB-074,2,FileTool,read_csv,read_after_write_dependency,True,FileTool,read_csv,True,,E0,True
VBrun_scale_microbench_300_2026-02-11T064352Z_seed20260211,AgentSelfCheck,VB-074,3,QueryTool,search,query_hits_reproducible,True,QueryTool,search,True,,E0,True
VBrun_scale_microbench_300_2026-02-11T064352Z_seed20260211,AgentSelfCheck,VB-074,4,CalcTool,sum,value_equals,True,CalcTool,sum,True,,E0,True
VBrun_scale_microbench_300_2026-02-11T064352Z_seed20260211,AgentSelfCheck,VB-074,5,CalcTool,sum,value_equals,True,CalcTool,sum,True,,E0,True
VBrun_scale_microbench_300_2026-02-11T064352Z_seed20260211,AgentSelfCheck,VB-075,1,FileTool,write_csv,artifact_written_exists,True,FileTool,write_csv,True,,E0,True
VBrun_scale_microbench_300_2026-02-11T064352Z_seed20260211,AgentSelfCheck,VB-075,2,FileTool,read_csv,read_after_write_dependency,True,FileTool,read_csv,True,,E0,True
VBrun_scale_microbench_300_2026-02-11T064352Z_seed20260211,AgentSelfCheck,VB-075,3,QueryTool,search,query_hits_reproducible,True,QueryTool,search,True,,E0,True
VBrun_scale_microbench_300_2026-02-11T064352Z_seed20260211,AgentSelfCheck,VB-075,4,CalcTool,sum,value_equals,True,CalcTool,sum,True,,E0,True
VBrun_scale_microbench_300_2026-02-11T064352Z_seed20260211,AgentSelfCheck,VB-075,5,CalcTool,sum,value_equals,True,CalcTool,sum,True,,E0,True
VBrun_scale_microbench_300_2026-02-11T064352Z_seed20260211,AgentSelfCheck,VB-075,6,QueryTool,search,query_hits_reproducible,True,QueryTool,search,True,,E0,True
VBrun_scale_microbench_300_2026-02-11T064352Z_seed20260211,AgentSelfCheck,VB-076,1,FileTool,write_csv,artifact_written_exists,True,FileTool,write_csv,True,,E0,True
VBrun_scale_microbench_300_2026-02-11T064352Z_seed20260211,AgentSelfCheck,VB-076,2,FileTool,read_csv,read_after_write_dependency,True,FileTool,read_csv,True,,E0,True
VBrun_scale_microbench_300_2026-02-11T064352Z_seed20260211,AgentSelfCheck,VB-076,3,QueryTool,search,query_hits_reproducible,True,QueryTool,search,True,,E0,True
VBrun_scale_microbench_300_2026-02-11T064352Z_seed20260211,AgentSelfCheck,VB-076,4,CalcTool,sum,value_equals,True,CalcTool,sum,True,,E0,True
VBrun_scale_microbench_300_2026-02-11T064352Z_seed20260211,AgentSelfCheck,VB-076,5,CalcTool,sum,value_equals,True,CalcTool,sum,True,,E0,True
VBrun_scale_microbench_300_2026-02-11T064352Z_seed20260211,AgentSelfCheck,VB-076,6,QueryTool,search,query_hits_reproducible,True,QueryTool,search,True,,E0,True
VBrun_scale_microbench_300_2026-02-11T064352Z_seed20260211,AgentSelfCheck,VB-076,7,CalcTool,sum,value_equals,True,CalcTool,sum,True,,E0,True
VBrun_scale_microbench_300_2026-02-11T064352Z_seed20260211,AgentSelfCheck,VB-077,1,FileTool,write_csv,artifact_written_exists,True,FileTool,write_csv,True,,E0,True
VBrun_scale_microbench_300_2026-02-11T064352Z_seed20260211,AgentSelfCheck,VB-077,2,FileTool,read_csv,read_after_write_dependency,True,FileTool,read_csv,True,,E0,True
VBrun_scale_microbench_300_2026-02-11T064352Z_seed20260211,AgentSelfCheck,VB-077,3,QueryTool,search,query_hits_reproducible,True,QueryTool,search,True,,E0,True
VBrun_scale_microbench_300_2026-02-11T064352Z_seed20260211,AgentSelfCheck,VB-077,4,CalcTool,sum,value_equals,True,CalcTool,sum,True,,E0,True
VBrun_scale_microbench_300_2026-02-11T064352Z_seed20260211,AgentSelfCheck,VB-077,5,CalcTool,sum,value_equals,True,CalcTool,sum,True,,E0,True
VBrun_scale_microbench_300_2026-02-11T064352Z_seed20260211,AgentSelfCheck,VB-077,6,QueryTool,search,query_hits_reproducible,True,QueryTool,search,True,,E0,True
VBrun_scale_microbench_300_2026-02-11T064352Z_seed20260211,AgentSelfCheck,VB-077,7,CalcTool,sum,value_equals,True,CalcTool,sum,True,,E0,True
VBrun_scale_microbench_300_2026-02-11T064352Z_seed20260211,AgentSelfCheck,VB-077,8,CalcTool,sum,value_equals,True,CalcTool,sum,True,,E0,True
VBrun_scale_microbench_300_2026-02-11T064352Z_seed20260211,AgentSelfCheck,VB-078,1,FileTool,write_csv,artifact_written_exists,True,FileTool,write_csv,True,,E0,True
VBrun_scale_microbench_300_2026-02-11T064352Z_seed20260211,AgentSelfCheck,VB-078,2,FileTool,read_csv,read_after_write_dependency,True,FileTool,read_csv,True,,E0,True
VBrun_scale_microbench_300_2026-02-11T064352Z_seed20260211,AgentSelfCheck,VB-079,1,FileTool,write_csv,artifact_written_exists,True,FileTool,write_csv,True,,E0,True
VBrun_scale_microbench_300_2026-02-11T064352Z_seed20260211,AgentSelfCheck,VB-079,2,FileTool,read_csv,read_after_write_dependency,True,FileTool,read_csv,True,,E0,True
VBrun_scale_microbench_300_2026-02-11T064352Z_seed20260211,AgentSelfCheck,VB-079,3,QueryTool,search,query_hits_reproducible,True,QueryTool,search,True,,E0,True
VBrun_scale_microbench_300_2026-02-11T064352Z_seed20260211,AgentSelfCheck,VB-080,1,FileTool,write_csv,artifact_written_exists,True,FileTool,write_csv,True,,E0,True
VBrun_scale_microbench_300_2026-02-11T064352Z_seed20260211,AgentSelfCheck,VB-080,2,FileTool,read_csv,read_after_write_dependency,True,FileTool,read_csv,True,,E0,True
VBrun_scale_microbench_300_2026-02-11T064352Z_seed20260211,AgentSelfCheck,VB-080,3,QueryTool,search,query_hits_reproducible,True,QueryTool,search,True,,E0,True
VBrun_scale_microbench_300_2026-02-11T064352Z_seed20260211,AgentSelfCheck,VB-080,4,CalcTool,sum,value_equals,True,CalcTool,sum,True,,E0,True
VBrun_scale_microbench_300_2026-02-11T064352Z_seed20260211,AgentSelfCheck,VB-081,1,FileTool,write_csv,artifact_written_exists,True,FileTool,write_csv,True,,E0,True
VBrun_scale_microbench_300_2026-02-11T064352Z_seed20260211,AgentSelfCheck,VB-081,2,FileTool,read_csv,read_after_write_dependency,True,FileTool,read_csv,True,,E0,True
VBrun_scale_microbench_300_2026-02-11T064352Z_seed20260211,AgentSelfCheck,VB-081,3,QueryTool,search,query_hits_reproducible,True,QueryTool,search,True,,E0,True
VBrun_scale_microbench_300_2026-02-11T064352Z_seed20260211,AgentSelfCheck,VB-081,4,CalcTool,sum,value_equals,True,CalcTool,sum,True,,E0,True
VBrun_scale_microbench_300_2026-02-11T064352Z_seed20260211,AgentSelfCheck,VB-081,5,CalcTool,sum,value_equals,True,CalcTool,sum,True,,E0,True
VBrun_scale_microbench_300_2026-02-11T064352Z_seed20260211,AgentSelfCheck,VB-082,1,FileTool,write_csv,artifact_written_exists,True,FileTool,write_csv,True,,E0,True
VBrun_scale_microbench_300_2026-02-11T064352Z_seed20260211,AgentSelfCheck,VB-082,2,FileTool,read_csv,read_after_write_dependency,True,FileTool,read_csv,True,,E0,True
VBrun_scale_microbench_300_2026-02-11T064352Z_seed20260211,AgentSelfCheck,VB-082,3,QueryTool,search,query_hits_reproducible,True,QueryTool,search,True,,E0,True
VBrun_scale_microbench_300_2026-02-11T064352Z_seed20260211,AgentSelfCheck,VB-082,4,CalcTool,sum,value_equals,True,CalcTool,sum,True,,E0,True
VBrun_scale_microbench_300_2026-02-11T064352Z_seed20260211,AgentSelfCheck,VB-082,5,CalcTool,sum,value_equals,True,CalcTool,sum,True,,E0,True
VBrun_scale_microbench_300_2026-02-11T064352Z_seed20260211,AgentSelfCheck,VB-082,6,QueryTool,search,query_hits_reproducible,True,QueryTool,search,True,,E0,True
VBrun_scale_microbench_300_2026-02-11T064352Z_seed20260211,AgentSelfCheck,VB-083,1,FileTool,write_csv,artifact_written_exists,True,FileTool,write_csv,True,,E0,True
VBrun_scale_microbench_300_2026-02-11T064352Z_seed20260211,AgentSelfCheck,VB-083,2,FileTool,read_csv,read_after_write_dependency,True,FileTool,read_csv,True,,E0,True
VBrun_scale_microbench_300_2026-02-11T064352Z_seed20260211,AgentSelfCheck,VB-083,3,QueryTool,search,query_hits_reproducible,True,QueryTool,search,True,,E0,True
VBrun_scale_microbench_300_2026-02-11T064352Z_seed20260211,AgentSelfCheck,VB-083,4,CalcTool,sum,value_equals,True,CalcTool,sum,True,,E0,True
VBrun_scale_microbench_300_2026-02-11T064352Z_seed20260211,AgentSelfCheck,VB-083,5,CalcTool,sum,value_equals,True,CalcTool,sum,True,,E0,True
VBrun_scale_microbench_300_2026-02-11T064352Z_seed20260211,AgentSelfCheck,VB-083,6,QueryTool,search,query_hits_reproducible,True,QueryTool,search,True,,E0,True
VBrun_scale_microbench_300_2026-02-11T064352Z_seed20260211,AgentSelfCheck,VB-083,7,CalcTool,sum,value_equals,True,CalcTool,sum,True,,E0,True
VBrun_scale_microbench_300_2026-02-11T064352Z_seed20260211,AgentSelfCheck,VB-084,1,FileTool,write_csv,artifact_written_exists,True,FileTool,write_csv,True,,E0,True
VBrun_scale_microbench_300_2026-02-11T064352Z_seed20260211,AgentSelfCheck,VB-084,2,FileTool,read_csv,read_after_write_dependency,True,FileTool,read_csv,True,,E0,True
VBrun_scale_microbench_300_2026-02-11T064352Z_seed20260211,AgentSelfCheck,VB-084,3,QueryTool,search,query_hits_reproducible,True,QueryTool,search,True,,E0,True
VBrun_scale_microbench_300_2026-02-11T064352Z_seed20260211,AgentSelfCheck,VB-084,4,CalcTool,sum,value_equals,True,CalcTool,sum,True,,E0,True
VBrun_scale_microbench_300_2026-02-11T064352Z_seed20260211,AgentSelfCheck,VB-084,5,CalcTool,sum,value_equals,True,CalcTool,sum,True,,E0,True
VBrun_scale_microbench_300_2026-02-11T064352Z_seed20260211,AgentSelfCheck,VB-084,6,QueryTool,search,query_hits_reproducible,True,QueryTool,search,True,,E0,True
VBrun_scale_microbench_300_2026-02-11T064352Z_seed20260211,AgentSelfCheck,VB-084,7,CalcTool,sum,value_equals,True,CalcTool,sum,True,,E0,True
VBrun_scale_microbench_300_2026-02-11T064352Z_seed20260211,AgentSelfCheck,VB-084,8,CalcTool,sum,value_equals,True,CalcTool,sum,True,,E0,True
VBrun_scale_microbench_300_2026-02-11T064352Z_seed20260211,AgentSelfCheck,VB-085,1,FileTool,write_csv,artifact_written_exists,True,FileTool,write_csv,True,,E0,True
VBrun_scale_microbench_300_2026-02-11T064352Z_seed20260211,AgentSelfCheck,VB-085,2,FileTool,read_csv,read_after_write_dependency,True,FileTool,read_csv,True,,E0,True
VBrun_scale_microbench_300_2026-02-11T064352Z_seed20260211,AgentSelfCheck,VB-086,1,FileTool,write_csv,artifact_written_exists,True,FileTool,write_csv,True,,E0,True
VBrun_scale_microbench_300_2026-02-11T064352Z_seed20260211,AgentSelfCheck,VB-086,2,FileTool,read_csv,read_after_write_dependency,True,FileTool,read_csv,True,,E0,True
VBrun_scale_microbench_300_2026-02-11T064352Z_seed20260211,AgentSelfCheck,VB-086,3,QueryTool,search,query_hits_reproducible,True,QueryTool,search,True,,E0,True
VBrun_scale_microbench_300_2026-02-11T064352Z_seed20260211,AgentSelfCheck,VB-087,1,FileTool,write_csv,artifact_written_exists,True,FileTool,write_csv,True,,E0,True
VBrun_scale_microbench_300_2026-02-11T064352Z_seed20260211,AgentSelfCheck,VB-087,2,FileTool,read_csv,read_after_write_dependency,True,FileTool,read_csv,True,,E0,True
VBrun_scale_microbench_300_2026-02-11T064352Z_seed20260211,AgentSelfCheck,VB-087,3,QueryTool,search,query_hits_reproducible,True,QueryTool,search,True,,E0,True
VBrun_scale_microbench_300_2026-02-11T064352Z_seed20260211,AgentSelfCheck,VB-087,4,CalcTool,sum,value_equals,True,CalcTool,sum,True,,E0,True
VBrun_scale_microbench_300_2026-02-11T064352Z_seed20260211,AgentSelfCheck,VB-088,1,FileTool,write_csv,artifact_written_exists,True,FileTool,write_csv,True,,E0,True
VBrun_scale_microbench_300_2026-02-11T064352Z_seed20260211,AgentSelfCheck,VB-088,2,FileTool,read_csv,read_after_write_dependency,True,FileTool,read_csv,True,,E0,True
VBrun_scale_microbench_300_2026-02-11T064352Z_seed20260211,AgentSelfCheck,VB-088,3,QueryTool,search,query_hits_reproducible,True,QueryTool,search,True,,E0,True
VBrun_scale_microbench_300_2026-02-11T064352Z_seed20260211,AgentSelfCheck,VB-088,4,CalcTool,sum,value_equals,True,CalcTool,sum,True,,E0,True
VBrun_scale_microbench_300_2026-02-11T064352Z_seed20260211,AgentSelfCheck,VB-088,5,CalcTool,sum,value_equals,True,CalcTool,sum,True,,E0,True
VBrun_scale_microbench_300_2026-02-11T064352Z_seed20260211,AgentSelfCheck,VB-089,1,FileTool,write_csv,artifact_written_exists,True,FileTool,write_csv,True,,E0,True
VBrun_scale_microbench_300_2026-02-11T064352Z_seed20260211,AgentSelfCheck,VB-089,2,FileTool,read_csv,read_after_write_dependency,True,FileTool,read_csv,True,,E0,True
VBrun_scale_microbench_300_2026-02-11T064352Z_seed20260211,AgentSelfCheck,VB-089,3,QueryTool,search,query_hits_reproducible,True,QueryTool,search,True,,E0,True
VBrun_scale_microbench_300_2026-02-11T064352Z_seed20260211,AgentSelfCheck,VB-089,4,CalcTool,sum,value_equals,True,CalcTool,sum,True,,E0,True
VBrun_scale_microbench_300_2026-02-11T064352Z_seed20260211,AgentSelfCheck,VB-089,5,CalcTool,sum,value_equals,True,CalcTool,sum,True,,E0,True
VBrun_scale_microbench_300_2026-02-11T064352Z_seed20260211,AgentSelfCheck,VB-089,6,QueryTool,search,query_hits_reproducible,True,QueryTool,search,True,,E0,True
VBrun_scale_microbench_300_2026-02-11T064352Z_seed20260211,AgentSelfCheck,VB-090,1,FileTool,write_csv,artifact_written_exists,True,FileTool,write_csv,True,,E0,True
VBrun_scale_microbench_300_2026-02-11T064352Z_seed20260211,AgentSelfCheck,VB-090,2,FileTool,read_csv,read_after_write_dependency,True,FileTool,read_csv,True,,E0,True
VBrun_scale_microbench_300_2026-02-11T064352Z_seed20260211,AgentSelfCheck,VB-090,3,QueryTool,search,query_hits_reproducible,True,QueryTool,search,True,,E0,True
VBrun_scale_microbench_300_2026-02-11T064352Z_seed20260211,AgentSelfCheck,VB-090,4,CalcTool,sum,value_equals,True,CalcTool,sum,True,,E0,True
VBrun_scale_microbench_300_2026-02-11T064352Z_seed20260211,AgentSelfCheck,VB-090,5,CalcTool,sum,value_equals,True,CalcTool,sum,True,,E0,True
VBrun_scale_microbench_300_2026-02-11T064352Z_seed20260211,AgentSelfCheck,VB-090,6,QueryTool,search,query_hits_reproducible,True,QueryTool,search,True,,E0,True
VBrun_scale_microbench_300_2026-02-11T064352Z_seed20260211,AgentSelfCheck,VB-090,7,CalcTool,sum,value_equals,True,CalcTool,sum,True,,E0,True
VBrun_scale_microbench_300_2026-02-11T064352Z_seed20260211,AgentSelfCheck,VB-091,1,FileTool,write_csv,artifact_written_exists,True,FileTool,write_csv,True,,E0,True
VBrun_scale_microbench_300_2026-02-11T064352Z_seed20260211,AgentSelfCheck,VB-091,2,FileTool,read_csv,read_after_write_dependency,True,FileTool,read_csv,True,,E0,True
VBrun_scale_microbench_300_2026-02-11T064352Z_seed20260211,AgentSelfCheck,VB-091,3,QueryTool,search,query_hits_reproducible,True,QueryTool,search,True,,E0,True
VBrun_scale_microbench_300_2026-02-11T064352Z_seed20260211,AgentSelfCheck,VB-091,4,CalcTool,sum,value_equals,True,CalcTool,sum,True,,E0,True
VBrun_scale_microbench_300_2026-02-11T064352Z_seed20260211,AgentSelfCheck,VB-091,5,CalcTool,sum,value_equals,True,CalcTool,sum,True,,E0,True
VBrun_scale_microbench_300_2026-02-11T064352Z_seed20260211,AgentSelfCheck,VB-091,6,QueryTool,search,query_hits_reproducible,True,QueryTool,search,True,,E0,True
VBrun_scale_microbench_300_2026-02-11T064352Z_seed20260211,AgentSelfCheck,VB-091,7,CalcTool,sum,value_equals,True,CalcTool,sum,True,,E0,True
VBrun_scale_microbench_300_2026-02-11T064352Z_seed20260211,AgentSelfCheck,VB-091,8,CalcTool,sum,value_equals,True,CalcTool,sum,True,,E0,True
VBrun_scale_microbench_300_2026-02-11T064352Z_seed20260211,AgentSelfCheck,VB-092,1,FileTool,write_csv,artifact_written_exists,True,FileTool,write_csv,True,,E0,True
VBrun_scale_microbench_300_2026-02-11T064352Z_seed20260211,AgentSelfCheck,VB-092,2,FileTool,read_csv,read_after_write_dependency,True,FileTool,read_csv,True,,E0,True
VBrun_scale_microbench_300_2026-02-11T064352Z_seed20260211,AgentSelfCheck,VB-093,1,FileTool,write_csv,artifact_written_exists,True,FileTool,write_csv,True,,E0,True
VBrun_scale_microbench_300_2026-02-11T064352Z_seed20260211,AgentSelfCheck,VB-093,2,FileTool,read_csv,read_after_write_dependency,True,FileTool,read_csv,True,,E0,True
VBrun_scale_microbench_300_2026-02-11T064352Z_seed20260211,AgentSelfCheck,VB-093,3,QueryTool,search,query_hits_reproducible,True,QueryTool,search,True,,E0,True
VBrun_scale_microbench_300_2026-02-11T064352Z_seed20260211,AgentSelfCheck,VB-094,1,FileTool,write_csv,artifact_written_exists,True,FileTool,write_csv,True,,E0,True
VBrun_scale_microbench_300_2026-02-11T064352Z_seed20260211,AgentSelfCheck,VB-094,2,FileTool,read_csv,read_after_write_dependency,True,FileTool,read_csv,True,,E0,True
VBrun_scale_microbench_300_2026-02-11T064352Z_seed20260211,AgentSelfCheck,VB-094,3,QueryTool,search,query_hits_reproducible,True,QueryTool,search,True,,E0,True
VBrun_scale_microbench_300_2026-02-11T064352Z_seed20260211,AgentSelfCheck,VB-094,4,CalcTool,sum,value_equals,True,CalcTool,sum,True,,E0,True
VBrun_scale_microbench_300_2026-02-11T064352Z_seed20260211,AgentSelfCheck,VB-095,1,FileTool,write_csv,artifact_written_exists,True,FileTool,write_csv,True,,E0,True
VBrun_scale_microbench_300_2026-02-11T064352Z_seed20260211,AgentSelfCheck,VB-095,2,FileTool,read_csv,read_after_write_dependency,True,FileTool,read_csv,True,,E0,True
VBrun_scale_microbench_300_2026-02-11T064352Z_seed20260211,AgentSelfCheck,VB-095,3,QueryTool,search,query_hits_reproducible,True,QueryTool,search,True,,E0,True
VBrun_scale_microbench_300_2026-02-11T064352Z_seed20260211,AgentSelfCheck,VB-095,4,CalcTool,sum,value_equals,True,CalcTool,sum,True,,E0,True
VBrun_scale_microbench_300_2026-02-11T064352Z_seed20260211,AgentSelfCheck,VB-095,5,CalcTool,sum,value_equals,True,CalcTool,sum,True,,E0,True
VBrun_scale_microbench_300_2026-02-11T064352Z_seed20260211,AgentSelfCheck,VB-096,1,FileTool,write_csv,artifact_written_exists,True,FileTool,write_csv,True,,E0,True
VBrun_scale_microbench_300_2026-02-11T064352Z_seed20260211,AgentSelfCheck,VB-096,2,FileTool,read_csv,read_after_write_dependency,True,FileTool,read_csv,True,,E0,True
VBrun_scale_microbench_300_2026-02-11T064352Z_seed20260211,AgentSelfCheck,VB-096,3,QueryTool,search,query_hits_reproducible,True,QueryTool,search,True,,E0,True
VBrun_scale_microbench_300_2026-02-11T064352Z_seed20260211,AgentSelfCheck,VB-096,4,CalcTool,sum,value_equals,True,CalcTool,sum,True,,E0,True
VBrun_scale_microbench_300_2026-02-11T064352Z_seed20260211,AgentSelfCheck,VB-096,5,CalcTool,sum,value_equals,True,CalcTool,sum,True,,E0,True
VBrun_scale_microbench_300_2026-02-11T064352Z_seed20260211,AgentSelfCheck,VB-096,6,QueryTool,search,query_hits_reproducible,True,QueryTool,search,True,,E0,True
VBrun_scale_microbench_300_2026-02-11T064352Z_seed20260211,AgentSelfCheck,VB-097,1,FileTool,write_csv,artifact_written_exists,True,FileTool,write_csv,True,,E0,True
VBrun_scale_microbench_300_2026-02-11T064352Z_seed20260211,AgentSelfCheck,VB-097,2,FileTool,read_csv,read_after_write_dependency,True,FileTool,read_csv,True,,E0,True
VBrun_scale_microbench_300_2026-02-11T064352Z_seed20260211,AgentSelfCheck,VB-097,3,QueryTool,search,query_hits_reproducible,True,QueryTool,search,True,,E0,True
VBrun_scale_microbench_300_2026-02-11T064352Z_seed20260211,AgentSelfCheck,VB-097,4,CalcTool,sum,value_equals,True,CalcTool,sum,True,,E0,True
VBrun_scale_microbench_300_2026-02-11T064352Z_seed20260211,AgentSelfCheck,VB-097,5,CalcTool,sum,value_equals,True,CalcTool,sum,True,,E0,True
VBrun_scale_microbench_300_2026-02-11T064352Z_seed20260211,AgentSelfCheck,VB-097,6,QueryTool,search,query_hits_reproducible,True,QueryTool,search,True,,E0,True
VBrun_scale_microbench_300_2026-02-11T064352Z_seed20260211,AgentSelfCheck,VB-097,7,CalcTool,sum,value_equals,True,CalcTool,sum,True,,E0,True
VBrun_scale_microbench_300_2026-02-11T064352Z_seed20260211,AgentSelfCheck,VB-098,1,FileTool,write_csv,artifact_written_exists,True,FileTool,write_csv,True,,E0,True
VBrun_scale_microbench_300_2026-02-11T064352Z_seed20260211,AgentSelfCheck,VB-098,2,FileTool,read_csv,read_after_write_dependency,True,FileTool,read_csv,True,,E0,True
VBrun_scale_microbench_300_2026-02-11T064352Z_seed20260211,AgentSelfCheck,VB-098,3,QueryTool,search,query_hits_reproducible,True,QueryTool,search,True,,E0,True
VBrun_scale_microbench_300_2026-02-11T064352Z_seed20260211,AgentSelfCheck,VB-098,4,CalcTool,sum,value_equals,True,CalcTool,sum,True,,E0,True
VBrun_scale_microbench_300_2026-02-11T064352Z_seed20260211,AgentSelfCheck,VB-098,5,CalcTool,sum,value_equals,True,CalcTool,sum,True,,E0,True
VBrun_scale_microbench_300_2026-02-11T064352Z_seed20260211,AgentSelfCheck,VB-098,6,QueryTool,search,query_hits_reproducible,True,QueryTool,search,True,,E0,True
VBrun_scale_microbench_300_2026-02-11T064352Z_seed20260211,AgentSelfCheck,VB-098,7,CalcTool,sum,value_equals,True,CalcTool,sum,True,,E0,True
VBrun_scale_microbench_300_2026-02-11T064352Z_seed20260211,AgentSelfCheck,VB-098,8,CalcTool,sum,value_equals,True,CalcTool,sum,True,,E0,True
VBrun_scale_microbench_300_2026-02-11T064352Z_seed20260211,AgentSelfCheck,VB-099,1,FileTool,write_csv,artifact_written_exists,True,FileTool,write_csv,True,,E0,True
VBrun_scale_microbench_300_2026-02-11T064352Z_seed20260211,AgentSelfCheck,VB-099,2,FileTool,read_csv,read_after_write_dependency,True,FileTool,read_csv,True,,E0,True
VBrun_scale_microbench_300_2026-02-11T064352Z_seed20260211,AgentSelfCheck,VB-100,1,FileTool,write_csv,artifact_written_exists,True,FileTool,write_csv,True,,E0,True
VBrun_scale_microbench_300_2026-02-11T064352Z_seed20260211,AgentSelfCheck,VB-100,2,FileTool,read_csv,read_after_write_dependency,True,FileTool,read_csv,True,,E0,True
VBrun_scale_microbench_300_2026-02-11T064352Z_seed20260211,AgentSelfCheck,VB-100,3,QueryTool,search,query_hits_reproducible,True,QueryTool,search,True,,E0,True
VBrun_scale_microbench_300_2026-02-11T064352Z_seed20260211,AgentSelfCheck,VB-101,1,FileTool,write_csv,artifact_written_exists,True,FileTool,write_csv,True,,E0,True
VBrun_scale_microbench_300_2026-02-11T064352Z_seed20260211,AgentSelfCheck,VB-101,2,FileTool,read_csv,read_after_write_dependency,True,FileTool,read_csv,True,,E0,True
VBrun_scale_microbench_300_2026-02-11T064352Z_seed20260211,AgentSelfCheck,VB-101,3,QueryTool,search,query_hits_reproducible,True,QueryTool,search,True,,E0,True
VBrun_scale_microbench_300_2026-02-11T064352Z_seed20260211,AgentSelfCheck,VB-101,4,CalcTool,sum,value_equals,True,CalcTool,sum,True,,E0,True
VBrun_scale_microbench_300_2026-02-11T064352Z_seed20260211,AgentSelfCheck,VB-102,1,FileTool,write_csv,artifact_written_exists,True,FileTool,write_csv,True,,E0,True
VBrun_scale_microbench_300_2026-02-11T064352Z_seed20260211,AgentSelfCheck,VB-102,2,FileTool,read_csv,read_after_write_dependency,True,FileTool,read_csv,True,,E0,True
VBrun_scale_microbench_300_2026-02-11T064352Z_seed20260211,AgentSelfCheck,VB-102,3,QueryTool,search,query_hits_reproducible,True,QueryTool,search,True,,E0,True
VBrun_scale_microbench_300_2026-02-11T064352Z_seed20260211,AgentSelfCheck,VB-102,4,CalcTool,sum,value_equals,True,CalcTool,sum,True,,E0,True
VBrun_scale_microbench_300_2026-02-11T064352Z_seed20260211,AgentSelfCheck,VB-102,5,CalcTool,sum,value_equals,True,CalcTool,sum,True,,E0,True
VBrun_scale_microbench_300_2026-02-11T064352Z_seed20260211,AgentSelfCheck,VB-103,1,FileTool,write_csv,artifact_written_exists,True,FileTool,write_csv,True,,E0,True
VBrun_scale_microbench_300_2026-02-11T064352Z_seed20260211,AgentSelfCheck,VB-103,2,FileTool,read_csv,read_after_write_dependency,True,FileTool,read_csv,True,,E0,True
VBrun_scale_microbench_300_2026-02-11T064352Z_seed20260211,AgentSelfCheck,VB-103,3,QueryTool,search,query_hits_reproducible,True,QueryTool,search,True,,E0,True
VBrun_scale_microbench_300_2026-02-11T064352Z_seed20260211,AgentSelfCheck,VB-103,4,CalcTool,sum,value_equals,True,CalcTool,sum,True,,E0,True
VBrun_scale_microbench_300_2026-02-11T064352Z_seed20260211,AgentSelfCheck,VB-103,5,CalcTool,sum,value_equals,True,CalcTool,sum,True,,E0,True
VBrun_scale_microbench_300_2026-02-11T064352Z_seed20260211,AgentSelfCheck,VB-103,6,QueryTool,search,query_hits_reproducible,True,QueryTool,search,True,,E0,True
VBrun_scale_microbench_300_2026-02-11T064352Z_seed20260211,AgentSelfCheck,VB-104,1,FileTool,write_csv,artifact_written_exists,True,FileTool,write_csv,True,,E0,True
VBrun_scale_microbench_300_2026-02-11T064352Z_seed20260211,AgentSelfCheck,VB-104,2,FileTool,read_csv,read_after_write_dependency,True,FileTool,read_csv,True,,E0,True
VBrun_scale_microbench_300_2026-02-11T064352Z_seed20260211,AgentSelfCheck,VB-104,3,QueryTool,search,query_hits_reproducible,True,QueryTool,search,True,,E0,True
VBrun_scale_microbench_300_2026-02-11T064352Z_seed20260211,AgentSelfCheck,VB-104,4,CalcTool,sum,value_equals,True,CalcTool,sum,True,,E0,True
VBrun_scale_microbench_300_2026-02-11T064352Z_seed20260211,AgentSelfCheck,VB-104,5,CalcTool,sum,value_equals,True,CalcTool,sum,True,,E0,True
VBrun_scale_microbench_300_2026-02-11T064352Z_seed20260211,AgentSelfCheck,VB-104,6,QueryTool,search,query_hits_reproducible,True,QueryTool,search,True,,E0,True
VBrun_scale_microbench_300_2026-02-11T064352Z_seed20260211,AgentSelfCheck,VB-104,7,CalcTool,sum,value_equals,True,CalcTool,sum,True,,E0,True
VBrun_scale_microbench_300_2026-02-11T064352Z_seed20260211,AgentSelfCheck,VB-105,1,FileTool,write_csv,artifact_written_exists,True,FileTool,write_csv,True,,E0,True
VBrun_scale_microbench_300_2026-02-11T064352Z_seed20260211,AgentSelfCheck,VB-105,2,FileTool,read_csv,read_after_write_dependency,True,FileTool,read_csv,True,,E0,True
VBrun_scale_microbench_300_2026-02-11T064352Z_seed20260211,AgentSelfCheck,VB-105,3,QueryTool,search,query_hits_reproducible,True,QueryTool,search,True,,E0,True
VBrun_scale_microbench_300_2026-02-11T064352Z_seed20260211,AgentSelfCheck,VB-105,4,CalcTool,sum,value_equals,True,CalcTool,sum,True,,E0,True
VBrun_scale_microbench_300_2026-02-11T064352Z_seed20260211,AgentSelfCheck,VB-105,5,CalcTool,sum,value_equals,True,CalcTool,sum,True,,E0,True
VBrun_scale_microbench_300_2026-02-11T064352Z_seed20260211,AgentSelfCheck,VB-105,6,QueryTool,search,query_hits_reproducible,True,QueryTool,search,True,,E0,True
VBrun_scale_microbench_300_2026-02-11T064352Z_seed20260211,AgentSelfCheck,VB-105,7,CalcTool,sum,value_equals,True,CalcTool,sum,True,,E0,True
VBrun_scale_microbench_300_2026-02-11T064352Z_seed20260211,AgentSelfCheck,VB-105,8,CalcTool,sum,value_equals,True,CalcTool,sum,True,,E0,True
VBrun_scale_microbench_300_2026-02-11T064352Z_seed20260211,AgentSelfCheck,VB-106,1,FileTool,write_csv,artifact_written_exists,True,FileTool,write_csv,True,,E0,True
VBrun_scale_microbench_300_2026-02-11T064352Z_seed20260211,AgentSelfCheck,VB-106,2,FileTool,read_csv,read_after_write_dependency,True,FileTool,read_csv,True,,E0,True
VBrun_scale_microbench_300_2026-02-11T064352Z_seed20260211,AgentSelfCheck,VB-107,1,FileTool,write_csv,artifact_written_exists,True,FileTool,write_csv,True,,E0,True
VBrun_scale_microbench_300_2026-02-11T064352Z_seed20260211,AgentSelfCheck,VB-107,2,FileTool,read_csv,read_after_write_dependency,True,FileTool,read_csv,True,,E0,True
VBrun_scale_microbench_300_2026-02-11T064352Z_seed20260211,AgentSelfCheck,VB-107,3,QueryTool,search,query_hits_reproducible,True,QueryTool,search,True,,E0,True
VBrun_scale_microbench_300_2026-02-11T064352Z_seed20260211,AgentSelfCheck,VB-108,1,FileTool,write_csv,artifact_written_exists,True,FileTool,write_csv,True,,E0,True
VBrun_scale_microbench_300_2026-02-11T064352Z_seed20260211,AgentSelfCheck,VB-108,2,FileTool,read_csv,read_after_write_dependency,True,FileTool,read_csv,True,,E0,True
VBrun_scale_microbench_300_2026-02-11T064352Z_seed20260211,AgentSelfCheck,VB-108,3,QueryTool,search,query_hits_reproducible,True,QueryTool,search,True,,E0,True
VBrun_scale_microbench_300_2026-02-11T064352Z_seed20260211,AgentSelfCheck,VB-108,4,CalcTool,sum,value_equals,True,CalcTool,sum,True,,E0,True
VBrun_scale_microbench_300_2026-02-11T064352Z_seed20260211,AgentSelfCheck,VB-109,1,FileTool,write_csv,artifact_written_exists,True,FileTool,write_csv,True,,E0,True
VBrun_scale_microbench_300_2026-02-11T064352Z_seed20260211,AgentSelfCheck,VB-109,2,FileTool,read_csv,read_after_write_dependency,True,FileTool,read_csv,True,,E0,True
VBrun_scale_microbench_300_2026-02-11T064352Z_seed20260211,AgentSelfCheck,VB-109,3,QueryTool,search,query_hits_reproducible,True,QueryTool,search,True,,E0,True
VBrun_scale_microbench_300_2026-02-11T064352Z_seed20260211,AgentSelfCheck,VB-109,4,CalcTool,sum,value_equals,True,CalcTool,sum,True,,E0,True
VBrun_scale_microbench_300_2026-02-11T064352Z_seed20260211,AgentSelfCheck,VB-109,5,CalcTool,sum,value_equals,True,CalcTool,sum,True,,E0,True
VBrun_scale_microbench_300_2026-02-11T064352Z_seed20260211,AgentSelfCheck,VB-110,1,FileTool,write_csv,artifact_written_exists,True,FileTool,write_csv,True,,E0,True
VBrun_scale_microbench_300_2026-02-11T064352Z_seed20260211,AgentSelfCheck,VB-110,2,FileTool,read_csv,read_after_write_dependency,True,FileTool,read_csv,True,,E0,True
VBrun_scale_microbench_300_2026-02-11T064352Z_seed20260211,AgentSelfCheck,VB-110,3,QueryTool,search,query_hits_reproducible,True,QueryTool,search,True,,E0,True
VBrun_scale_microbench_300_2026-02-11T064352Z_seed20260211,AgentSelfCheck,VB-110,4,CalcTool,sum,value_equals,True,CalcTool,sum,True,,E0,True
VBrun_scale_microbench_300_2026-02-11T064352Z_seed20260211,AgentSelfCheck,VB-110,5,CalcTool,sum,value_equals,True,CalcTool,sum,True,,E0,True
VBrun_scale_microbench_300_2026-02-11T064352Z_seed20260211,AgentSelfCheck,VB-110,6,QueryTool,search,query_hits_reproducible,True,QueryTool,search,True,,E0,True
VBrun_scale_microbench_300_2026-02-11T064352Z_seed20260211,AgentSelfCheck,VB-111,1,FileTool,write_csv,artifact_written_exists,True,FileTool,write_csv,True,,E0,True
VBrun_scale_microbench_300_2026-02-11T064352Z_seed20260211,AgentSelfCheck,VB-111,2,FileTool,read_csv,read_after_write_dependency,True,FileTool,read_csv,True,,E0,True
VBrun_scale_microbench_300_2026-02-11T064352Z_seed20260211,AgentSelfCheck,VB-111,3,QueryTool,search,query_hits_reproducible,True,QueryTool,search,True,,E0,True
VBrun_scale_microbench_300_2026-02-11T064352Z_seed20260211,AgentSelfCheck,VB-111,4,CalcTool,sum,value_equals,True,CalcTool,sum,True,,E0,True
VBrun_scale_microbench_300_2026-02-11T064352Z_seed20260211,AgentSelfCheck,VB-111,5,CalcTool,sum,value_equals,True,CalcTool,sum,True,,E0,True
VBrun_scale_microbench_300_2026-02-11T064352Z_seed20260211,AgentSelfCheck,VB-111,6,QueryTool,search,query_hits_reproducible,True,QueryTool,search,True,,E0,True
VBrun_scale_microbench_300_2026-02-11T064352Z_seed20260211,AgentSelfCheck,VB-111,7,CalcTool,sum,value_equals,True,CalcTool,sum,True,,E0,True
VBrun_scale_microbench_300_2026-02-11T064352Z_seed20260211,AgentSelfCheck,VB-112,1,FileTool,write_csv,artifact_written_exists,True,FileTool,write_csv,True,,E0,True
VBrun_scale_microbench_300_2026-02-11T064352Z_seed20260211,AgentSelfCheck,VB-112,2,FileTool,read_csv,read_after_write_dependency,True,FileTool,read_csv,True,,E0,True
VBrun_scale_microbench_300_2026-02-11T064352Z_seed20260211,AgentSelfCheck,VB-112,3,QueryTool,search,query_hits_reproducible,True,QueryTool,search,True,,E0,True
VBrun_scale_microbench_300_2026-02-11T064352Z_seed20260211,AgentSelfCheck,VB-112,4,CalcTool,sum,value_equals,True,CalcTool,sum,True,,E0,True
VBrun_scale_microbench_300_2026-02-11T064352Z_seed20260211,AgentSelfCheck,VB-112,5,CalcTool,sum,value_equals,True,CalcTool,sum,True,,E0,True
VBrun_scale_microbench_300_2026-02-11T064352Z_seed20260211,AgentSelfCheck,VB-112,6,QueryTool,search,query_hits_reproducible,True,QueryTool,search,True,,E0,True
VBrun_scale_microbench_300_2026-02-11T064352Z_seed20260211,AgentSelfCheck,VB-112,7,CalcTool,sum,value_equals,True,CalcTool,sum,True,,E0,True
VBrun_scale_microbench_300_2026-02-11T064352Z_seed20260211,AgentSelfCheck,VB-112,8,CalcTool,sum,value_equals,True,CalcTool,sum,True,,E0,True
VBrun_scale_microbench_300_2026-02-11T064352Z_seed20260211,AgentSelfCheck,VB-113,1,FileTool,write_csv,artifact_written_exists,True,FileTool,write_csv,True,,E0,True
VBrun_scale_microbench_300_2026-02-11T064352Z_seed20260211,AgentSelfCheck,VB-113,2,FileTool,read_csv,read_after_write_dependency,True,FileTool,read_csv,True,,E0,True
VBrun_scale_microbench_300_2026-02-11T064352Z_seed20260211,AgentSelfCheck,VB-114,1,FileTool,write_csv,artifact_written_exists,True,FileTool,write_csv,True,,E0,True
VBrun_scale_microbench_300_2026-02-11T064352Z_seed20260211,AgentSelfCheck,VB-114,2,FileTool,read_csv,read_after_write_dependency,True,FileTool,read_csv,True,,E0,True
VBrun_scale_microbench_300_2026-02-11T064352Z_seed20260211,AgentSelfCheck,VB-114,3,QueryTool,search,query_hits_reproducible,True,QueryTool,search,True,,E0,True
VBrun_scale_microbench_300_2026-02-11T064352Z_seed20260211,AgentSelfCheck,VB-115,1,FileTool,write_csv,artifact_written_exists,True,FileTool,write_csv,True,,E0,True
VBrun_scale_microbench_300_2026-02-11T064352Z_seed20260211,AgentSelfCheck,VB-115,2,FileTool,read_csv,read_after_write_dependency,True,FileTool,read_csv,True,,E0,True
VBrun_scale_microbench_300_2026-02-11T064352Z_seed20260211,AgentSelfCheck,VB-115,3,QueryTool,search,query_hits_reproducible,True,QueryTool,search,True,,E0,True
VBrun_scale_microbench_300_2026-02-11T064352Z_seed20260211,AgentSelfCheck,VB-115,4,CalcTool,sum,value_equals,True,CalcTool,sum,True,,E0,True
VBrun_scale_microbench_300_2026-02-11T064352Z_seed20260211,AgentSelfCheck,VB-116,1,FileTool,write_csv,artifact_written_exists,True,FileTool,write_csv,True,,E0,True
VBrun_scale_microbench_300_2026-02-11T064352Z_seed20260211,AgentSelfCheck,VB-116,2,FileTool,read_csv,read_after_write_dependency,True,FileTool,read_csv,True,,E0,True
VBrun_scale_microbench_300_2026-02-11T064352Z_seed20260211,AgentSelfCheck,VB-116,3,QueryTool,search,query_hits_reproducible,True,QueryTool,search,True,,E0,True
VBrun_scale_microbench_300_2026-02-11T064352Z_seed20260211,AgentSelfCheck,VB-116,4,CalcTool,sum,value_equals,True,CalcTool,sum,True,,E0,True
VBrun_scale_microbench_300_2026-02-11T064352Z_seed20260211,AgentSelfCheck,VB-116,5,CalcTool,sum,value_equals,True,CalcTool,sum,True,,E0,True
VBrun_scale_microbench_300_2026-02-11T064352Z_seed20260211,AgentSelfCheck,VB-117,1,FileTool,write_csv,artifact_written_exists,True,FileTool,write_csv,True,,E0,True
VBrun_scale_microbench_300_2026-02-11T064352Z_seed20260211,AgentSelfCheck,VB-117,2,FileTool,read_csv,read_after_write_dependency,True,FileTool,read_csv,True,,E0,True
VBrun_scale_microbench_300_2026-02-11T064352Z_seed20260211,AgentSelfCheck,VB-117,3,QueryTool,search,query_hits_reproducible,True,QueryTool,search,True,,E0,True
VBrun_scale_microbench_300_2026-02-11T064352Z_seed20260211,AgentSelfCheck,VB-117,4,CalcTool,sum,value_equals,True,CalcTool,sum,True,,E0,True
VBrun_scale_microbench_300_2026-02-11T064352Z_seed20260211,AgentSelfCheck,VB-117,5,CalcTool,sum,value_equals,True,CalcTool,sum,True,,E0,True
VBrun_scale_microbench_300_2026-02-11T064352Z_seed20260211,AgentSelfCheck,VB-117,6,QueryTool,search,query_hits_reproducible,True,QueryTool,search,True,,E0,True
VBrun_scale_microbench_300_2026-02-11T064352Z_seed20260211,AgentSelfCheck,VB-118,1,FileTool,write_csv,artifact_written_exists,True,FileTool,write_csv,True,,E0,True
VBrun_scale_microbench_300_2026-02-11T064352Z_seed20260211,AgentSelfCheck,VB-118,2,FileTool,read_csv,read_after_write_dependency,True,FileTool,read_csv,True,,E0,True
VBrun_scale_microbench_300_2026-02-11T064352Z_seed20260211,AgentSelfCheck,VB-118,3,QueryTool,search,query_hits_reproducible,True,QueryTool,search,True,,E0,True
VBrun_scale_microbench_300_2026-02-11T064352Z_seed20260211,AgentSelfCheck,VB-118,4,CalcTool,sum,value_equals,True,CalcTool,sum,True,,E0,True
VBrun_scale_microbench_300_2026-02-11T064352Z_seed20260211,AgentSelfCheck,VB-118,5,CalcTool,sum,value_equals,True,CalcTool,sum,True,,E0,True
VBrun_scale_microbench_300_2026-02-11T064352Z_seed20260211,AgentSelfCheck,VB-118,6,QueryTool,search,query_hits_reproducible,True,QueryTool,search,True,,E0,True
VBrun_scale_microbench_300_2026-02-11T064352Z_seed20260211,AgentSelfCheck,VB-118,7,CalcTool,sum,value_equals,True,CalcTool,sum,True,,E0,True
VBrun_scale_microbench_300_2026-02-11T064352Z_seed20260211,AgentSelfCheck,VB-119,1,FileTool,write_csv,artifact_written_exists,True,FileTool,write_csv,True,,E0,True
VBrun_scale_microbench_300_2026-02-11T064352Z_seed20260211,AgentSelfCheck,VB-119,2,FileTool,read_csv,read_after_write_dependency,True,FileTool,read_csv,True,,E0,True
VBrun_scale_microbench_300_2026-02-11T064352Z_seed20260211,AgentSelfCheck,VB-119,3,QueryTool,search,query_hits_reproducible,True,QueryTool,search,True,,E0,True
VBrun_scale_microbench_300_2026-02-11T064352Z_seed20260211,AgentSelfCheck,VB-119,4,CalcTool,sum,value_equals,True,CalcTool,sum,True,,E0,True
VBrun_scale_microbench_300_2026-02-11T064352Z_seed20260211,AgentSelfCheck,VB-119,5,CalcTool,sum,value_equals,True,CalcTool,sum,True,,E0,True
VBrun_scale_microbench_300_2026-02-11T064352Z_seed20260211,AgentSelfCheck,VB-119,6,QueryTool,search,query_hits_reproducible,True,QueryTool,search,True,,E0,True
VBrun_scale_microbench_300_2026-02-11T064352Z_seed20260211,AgentSelfCheck,VB-119,7,CalcTool,sum,value_equals,True,CalcTool,sum,True,,E0,True
VBrun_scale_microbench_300_2026-02-11T064352Z_seed20260211,AgentSelfCheck,VB-119,8,CalcTool,sum,value_equals,True,CalcTool,sum,True,,E0,True
VBrun_scale_microbench_300_2026-02-11T064352Z_seed20260211,AgentSelfCheck,VB-120,1,FileTool,write_csv,artifact_written_exists,True,FileTool,write_csv,True,,E0,True
VBrun_scale_microbench_300_2026-02-11T064352Z_seed20260211,AgentSelfCheck,VB-120,2,FileTool,read_csv,read_after_write_dependency,True,FileTool,read_csv,True,,E0,True
VBrun_scale_microbench_300_2026-02-11T064352Z_seed20260211,AgentSelfCheck,VB-121,1,FileTool,write_csv,artifact_written_exists,True,FileTool,write_csv,True,,E0,True
VBrun_scale_microbench_300_2026-02-11T064352Z_seed20260211,AgentSelfCheck,VB-121,2,FileTool,read_csv,read_after_write_dependency,True,FileTool,read_csv,True,,E0,True
VBrun_scale_microbench_300_2026-02-11T064352Z_seed20260211,AgentSelfCheck,VB-121,3,QueryTool,search,query_hits_reproducible,True,QueryTool,search,True,,E0,True
VBrun_scale_microbench_300_2026-02-11T064352Z_seed20260211,AgentSelfCheck,VB-122,1,FileTool,write_csv,artifact_written_exists,True,FileTool,write_csv,True,,E0,True
VBrun_scale_microbench_300_2026-02-11T064352Z_seed20260211,AgentSelfCheck,VB-122,2,FileTool,read_csv,read_after_write_dependency,True,FileTool,read_csv,True,,E0,True
VBrun_scale_microbench_300_2026-02-11T064352Z_seed20260211,AgentSelfCheck,VB-122,3,QueryTool,search,query_hits_reproducible,True,QueryTool,search,True,,E0,True
VBrun_scale_microbench_300_2026-02-11T064352Z_seed20260211,AgentSelfCheck,VB-122,4,CalcTool,sum,value_equals,True,CalcTool,sum,True,,E0,True
VBrun_scale_microbench_300_2026-02-11T064352Z_seed20260211,AgentSelfCheck,VB-123,1,FileTool,write_csv,artifact_written_exists,True,FileTool,write_csv,True,,E0,True
VBrun_scale_microbench_300_2026-02-11T064352Z_seed20260211,AgentSelfCheck,VB-123,2,FileTool,read_csv,read_after_write_dependency,True,FileTool,read_csv,True,,E0,True
VBrun_scale_microbench_300_2026-02-11T064352Z_seed20260211,AgentSelfCheck,VB-123,3,QueryTool,search,query_hits_reproducible,True,QueryTool,search,True,,E0,True
VBrun_scale_microbench_300_2026-02-11T064352Z_seed20260211,AgentSelfCheck,VB-123,4,CalcTool,sum,value_equals,True,CalcTool,sum,True,,E0,True
VBrun_scale_microbench_300_2026-02-11T064352Z_seed20260211,AgentSelfCheck,VB-123,5,CalcTool,sum,value_equals,True,CalcTool,sum,True,,E0,True
VBrun_scale_microbench_300_2026-02-11T064352Z_seed20260211,AgentSelfCheck,VB-124,1,FileTool,write_csv,artifact_written_exists,True,FileTool,write_csv,True,,E0,True
VBrun_scale_microbench_300_2026-02-11T064352Z_seed20260211,AgentSelfCheck,VB-124,2,FileTool,read_csv,read_after_write_dependency,True,FileTool,read_csv,True,,E0,True
VBrun_scale_microbench_300_2026-02-11T064352Z_seed20260211,AgentSelfCheck,VB-124,3,QueryTool,search,query_hits_reproducible,True,QueryTool,search,True,,E0,True
VBrun_scale_microbench_300_2026-02-11T064352Z_seed20260211,AgentSelfCheck,VB-124,4,CalcTool,sum,value_equals,True,CalcTool,sum,True,,E0,True
VBrun_scale_microbench_300_2026-02-11T064352Z_seed20260211,AgentSelfCheck,VB-124,5,CalcTool,sum,value_equals,True,CalcTool,sum,True,,E0,True
VBrun_scale_microbench_300_2026-02-11T064352Z_seed20260211,AgentSelfCheck,VB-124,6,QueryTool,search,query_hits_reproducible,True,QueryTool,search,True,,E0,True
VBrun_scale_microbench_300_2026-02-11T064352Z_seed20260211,AgentSelfCheck,VB-125,1,FileTool,write_csv,artifact_written_exists,True,FileTool,write_csv,True,,E0,True
VBrun_scale_microbench_300_2026-02-11T064352Z_seed20260211,AgentSelfCheck,VB-125,2,FileTool,read_csv,read_after_write_dependency,True,FileTool,read_csv,True,,E0,True
VBrun_scale_microbench_300_2026-02-11T064352Z_seed20260211,AgentSelfCheck,VB-125,3,QueryTool,search,query_hits_reproducible,True,QueryTool,search,True,,E0,True
VBrun_scale_microbench_300_2026-02-11T064352Z_seed20260211,AgentSelfCheck,VB-125,4,CalcTool,sum,value_equals,True,CalcTool,sum,True,,E0,True
VBrun_scale_microbench_300_2026-02-11T064352Z_seed20260211,AgentSelfCheck,VB-125,5,CalcTool,sum,value_equals,True,CalcTool,sum,True,,E0,True
VBrun_scale_microbench_300_2026-02-11T064352Z_seed20260211,AgentSelfCheck,VB-125,6,QueryTool,search,query_hits_reproducible,True,QueryTool,search,True,,E0,True
VBrun_scale_microbench_300_2026-02-11T064352Z_seed20260211,AgentSelfCheck,VB-125,7,CalcTool,sum,value_equals,True,CalcTool,sum,True,,E0,True
VBrun_scale_microbench_300_2026-02-11T064352Z_seed20260211,AgentSelfCheck,VB-126,1,FileTool,write_csv,artifact_written_exists,True,FileTool,write_csv,True,,E0,True
VBrun_scale_microbench_300_2026-02-11T064352Z_seed20260211,AgentSelfCheck,VB-126,2,FileTool,read_csv,read_after_write_dependency,True,FileTool,read_csv,True,,E0,True
VBrun_scale_microbench_300_2026-02-11T064352Z_seed20260211,AgentSelfCheck,VB-126,3,QueryTool,search,query_hits_reproducible,True,QueryTool,search,True,,E0,True
VBrun_scale_microbench_300_2026-02-11T064352Z_seed20260211,AgentSelfCheck,VB-126,4,CalcTool,sum,value_equals,True,CalcTool,sum,True,,E0,True
VBrun_scale_microbench_300_2026-02-11T064352Z_seed20260211,AgentSelfCheck,VB-126,5,CalcTool,sum,value_equals,True,CalcTool,sum,True,,E0,True
VBrun_scale_microbench_300_2026-02-11T064352Z_seed20260211,AgentSelfCheck,VB-126,6,QueryTool,search,query_hits_reproducible,True,QueryTool,search,True,,E0,True
VBrun_scale_microbench_300_2026-02-11T064352Z_seed20260211,AgentSelfCheck,VB-126,7,CalcTool,sum,value_equals,True,CalcTool,sum,True,,E0,True
VBrun_scale_microbench_300_2026-02-11T064352Z_seed20260211,AgentSelfCheck,VB-126,8,CalcTool,sum,value_equals,True,CalcTool,sum,True,,E0,True
VBrun_scale_microbench_300_2026-02-11T064352Z_seed20260211,AgentSelfCheck,VB-127,1,FileTool,write_csv,artifact_written_exists,True,FileTool,write_csv,True,,E0,True
VBrun_scale_microbench_300_2026-02-11T064352Z_seed20260211,AgentSelfCheck,VB-127,2,FileTool,read_csv,read_after_write_dependency,True,FileTool,read_csv,True,,E0,True
VBrun_scale_microbench_300_2026-02-11T064352Z_seed20260211,AgentSelfCheck,VB-128,1,FileTool,write_csv,artifact_written_exists,True,FileTool,write_csv,True,,E0,True
VBrun_scale_microbench_300_2026-02-11T064352Z_seed20260211,AgentSelfCheck,VB-128,2,FileTool,read_csv,read_after_write_dependency,True,FileTool,read_csv,True,,E0,True
VBrun_scale_microbench_300_2026-02-11T064352Z_seed20260211,AgentSelfCheck,VB-128,3,QueryTool,search,query_hits_reproducible,True,QueryTool,search,True,,E0,True
VBrun_scale_microbench_300_2026-02-11T064352Z_seed20260211,AgentSelfCheck,VB-129,1,FileTool,write_csv,artifact_written_exists,True,FileTool,write_csv,True,,E0,True
VBrun_scale_microbench_300_2026-02-11T064352Z_seed20260211,AgentSelfCheck,VB-129,2,FileTool,read_csv,read_after_write_dependency,True,FileTool,read_csv,True,,E0,True
VBrun_scale_microbench_300_2026-02-11T064352Z_seed20260211,AgentSelfCheck,VB-129,3,QueryTool,search,query_hits_reproducible,True,QueryTool,search,True,,E0,True
VBrun_scale_microbench_300_2026-02-11T064352Z_seed20260211,AgentSelfCheck,VB-129,4,CalcTool,sum,value_equals,True,CalcTool,sum,True,,E0,True
VBrun_scale_microbench_300_2026-02-11T064352Z_seed20260211,AgentSelfCheck,VB-130,1,FileTool,write_csv,artifact_written_exists,True,FileTool,write_csv,True,,E0,True
VBrun_scale_microbench_300_2026-02-11T064352Z_seed20260211,AgentSelfCheck,VB-130,2,FileTool,read_csv,read_after_write_dependency,True,FileTool,read_csv,True,,E0,True
VBrun_scale_microbench_300_2026-02-11T064352Z_seed20260211,AgentSelfCheck,VB-130,3,QueryTool,search,query_hits_reproducible,True,QueryTool,search,True,,E0,True
VBrun_scale_microbench_300_2026-02-11T064352Z_seed20260211,AgentSelfCheck,VB-130,4,CalcTool,sum,value_equals,True,CalcTool,sum,True,,E0,True
VBrun_scale_microbench_300_2026-02-11T064352Z_seed20260211,AgentSelfCheck,VB-130,5,CalcTool,sum,value_equals,True,CalcTool,sum,True,,E0,True
VBrun_scale_microbench_300_2026-02-11T064352Z_seed20260211,AgentSelfCheck,VB-131,1,FileTool,write_csv,artifact_written_exists,True,FileTool,write_csv,True,,E0,True
VBrun_scale_microbench_300_2026-02-11T064352Z_seed20260211,AgentSelfCheck,VB-131,2,FileTool,read_csv,read_after_write_dependency,True,FileTool,read_csv,True,,E0,True
VBrun_scale_microbench_300_2026-02-11T064352Z_seed20260211,AgentSelfCheck,VB-131,3,QueryTool,search,query_hits_reproducible,True,QueryTool,search,True,,E0,True
VBrun_scale_microbench_300_2026-02-11T064352Z_seed20260211,AgentSelfCheck,VB-131,4,CalcTool,sum,value_equals,True,CalcTool,sum,True,,E0,True
VBrun_scale_microbench_300_2026-02-11T064352Z_seed20260211,AgentSelfCheck,VB-131,5,CalcTool,sum,value_equals,True,CalcTool,sum,True,,E0,True
VBrun_scale_microbench_300_2026-02-11T064352Z_seed20260211,AgentSelfCheck,VB-131,6,QueryTool,search,query_hits_reproducible,True,QueryTool,search,True,,E0,True
VBrun_scale_microbench_300_2026-02-11T064352Z_seed20260211,AgentSelfCheck,VB-132,1,FileTool,write_csv,artifact_written_exists,True,FileTool,write_csv,True,,E0,True
VBrun_scale_microbench_300_2026-02-11T064352Z_seed20260211,AgentSelfCheck,VB-132,2,FileTool,read_csv,read_after_write_dependency,True,FileTool,read_csv,True,,E0,True
VBrun_scale_microbench_300_2026-02-11T064352Z_seed20260211,AgentSelfCheck,VB-132,3,QueryTool,search,query_hits_reproducible,True,QueryTool,search,True,,E0,True
VBrun_scale_microbench_300_2026-02-11T064352Z_seed20260211,AgentSelfCheck,VB-132,4,CalcTool,sum,value_equals,True,CalcTool,sum,True,,E0,True
VBrun_scale_microbench_300_2026-02-11T064352Z_seed20260211,AgentSelfCheck,VB-132,5,CalcTool,sum,value_equals,True,CalcTool,sum,True,,E0,True
VBrun_scale_microbench_300_2026-02-11T064352Z_seed20260211,AgentSelfCheck,VB-132,6,QueryTool,search,query_hits_reproducible,True,QueryTool,search,True,,E0,True
VBrun_scale_microbench_300_2026-02-11T064352Z_seed20260211,AgentSelfCheck,VB-132,7,CalcTool,sum,value_equals,True,CalcTool,sum,True,,E0,True
VBrun_scale_microbench_300_2026-02-11T064352Z_seed20260211,AgentSelfCheck,VB-133,1,FileTool,write_csv,artifact_written_exists,True,FileTool,write_csv,True,,E0,True
VBrun_scale_microbench_300_2026-02-11T064352Z_seed20260211,AgentSelfCheck,VB-133,2,FileTool,read_csv,read_after_write_dependency,True,FileTool,read_csv,True,,E0,True
VBrun_scale_microbench_300_2026-02-11T064352Z_seed20260211,AgentSelfCheck,VB-133,3,QueryTool,search,query_hits_reproducible,True,QueryTool,search,True,,E0,True
VBrun_scale_microbench_300_2026-02-11T064352Z_seed20260211,AgentSelfCheck,VB-133,4,CalcTool,sum,value_equals,True,CalcTool,sum,True,,E0,True
VBrun_scale_microbench_300_2026-02-11T064352Z_seed20260211,AgentSelfCheck,VB-133,5,CalcTool,sum,value_equals,True,CalcTool,sum,True,,E0,True
VBrun_scale_microbench_300_2026-02-11T064352Z_seed20260211,AgentSelfCheck,VB-133,6,QueryTool,search,query_hits_reproducible,True,QueryTool,search,True,,E0,True
VBrun_scale_microbench_300_2026-02-11T064352Z_seed20260211,AgentSelfCheck,VB-133,7,CalcTool,sum,value_equals,True,CalcTool,sum,True,,E0,True
VBrun_scale_microbench_300_2026-02-11T064352Z_seed20260211,AgentSelfCheck,VB-133,8,CalcTool,sum,value_equals,True,CalcTool,sum,True,,E0,True
VBrun_scale_microbench_300_2026-02-11T064352Z_seed20260211,AgentSelfCheck,VB-134,1,FileTool,write_csv,artifact_written_exists,True,FileTool,write_csv,True,,E0,True
VBrun_scale_microbench_300_2026-02-11T064352Z_seed20260211,AgentSelfCheck,VB-134,2,FileTool,read_csv,read_after_write_dependency,True,FileTool,read_csv,True,,E0,True
VBrun_scale_microbench_300_2026-02-11T064352Z_seed20260211,AgentSelfCheck,VB-135,1,FileTool,write_csv,artifact_written_exists,True,FileTool,write_csv,True,,E0,True
VBrun_scale_microbench_300_2026-02-11T064352Z_seed20260211,AgentSelfCheck,VB-135,2,FileTool,read_csv,read_after_write_dependency,True,FileTool,read_csv,True,,E0,True
VBrun_scale_microbench_300_2026-02-11T064352Z_seed20260211,AgentSelfCheck,VB-135,3,QueryTool,search,query_hits_reproducible,True,QueryTool,search,True,,E0,True
VBrun_scale_microbench_300_2026-02-11T064352Z_seed20260211,AgentSelfCheck,VB-136,1,FileTool,write_csv,artifact_written_exists,True,FileTool,write_csv,True,,E0,True
VBrun_scale_microbench_300_2026-02-11T064352Z_seed20260211,AgentSelfCheck,VB-136,2,FileTool,read_csv,read_after_write_dependency,True,FileTool,read_csv,True,,E0,True
VBrun_scale_microbench_300_2026-02-11T064352Z_seed20260211,AgentSelfCheck,VB-136,3,QueryTool,search,query_hits_reproducible,True,QueryTool,search,True,,E0,True
VBrun_scale_microbench_300_2026-02-11T064352Z_seed20260211,AgentSelfCheck,VB-136,4,CalcTool,sum,value_equals,True,CalcTool,sum,True,,E0,True
VBrun_scale_microbench_300_2026-02-11T064352Z_seed20260211,AgentSelfCheck,VB-137,1,FileTool,write_csv,artifact_written_exists,True,FileTool,write_csv,True,,E0,True
VBrun_scale_microbench_300_2026-02-11T064352Z_seed20260211,AgentSelfCheck,VB-137,2,FileTool,read_csv,read_after_write_dependency,True,FileTool,read_csv,True,,E0,True
VBrun_scale_microbench_300_2026-02-11T064352Z_seed20260211,AgentSelfCheck,VB-137,3,QueryTool,search,query_hits_reproducible,True,QueryTool,search,True,,E0,True
VBrun_scale_microbench_300_2026-02-11T064352Z_seed20260211,AgentSelfCheck,VB-137,4,CalcTool,sum,value_equals,True,CalcTool,sum,True,,E0,True
VBrun_scale_microbench_300_2026-02-11T064352Z_seed20260211,AgentSelfCheck,VB-137,5,CalcTool,sum,value_equals,True,CalcTool,sum,True,,E0,True
VBrun_scale_microbench_300_2026-02-11T064352Z_seed20260211,AgentSelfCheck,VB-138,1,FileTool,write_csv,artifact_written_exists,True,FileTool,write_csv,True,,E0,True
VBrun_scale_microbench_300_2026-02-11T064352Z_seed20260211,AgentSelfCheck,VB-138,2,FileTool,read_csv,read_after_write_dependency,True,FileTool,read_csv,True,,E0,True
VBrun_scale_microbench_300_2026-02-11T064352Z_seed20260211,AgentSelfCheck,VB-138,3,QueryTool,search,query_hits_reproducible,True,QueryTool,search,True,,E0,True
VBrun_scale_microbench_300_2026-02-11T064352Z_seed20260211,AgentSelfCheck,VB-138,4,CalcTool,sum,value_equals,True,CalcTool,sum,True,,E0,True
VBrun_scale_microbench_300_2026-02-11T064352Z_seed20260211,AgentSelfCheck,VB-138,5,CalcTool,sum,value_equals,True,CalcTool,sum,True,,E0,True
VBrun_scale_microbench_300_2026-02-11T064352Z_seed20260211,AgentSelfCheck,VB-138,6,QueryTool,search,query_hits_reproducible,True,QueryTool,search,True,,E0,True
VBrun_scale_microbench_300_2026-02-11T064352Z_seed20260211,AgentSelfCheck,VB-139,1,FileTool,write_csv,artifact_written_exists,True,FileTool,write_csv,True,,E0,True
VBrun_scale_microbench_300_2026-02-11T064352Z_seed20260211,AgentSelfCheck,VB-139,2,FileTool,read_csv,read_after_write_dependency,True,FileTool,read_csv,True,,E0,True
VBrun_scale_microbench_300_2026-02-11T064352Z_seed20260211,AgentSelfCheck,VB-139,3,QueryTool,search,query_hits_reproducible,True,QueryTool,search,True,,E0,True
VBrun_scale_microbench_300_2026-02-11T064352Z_seed20260211,AgentSelfCheck,VB-139,4,CalcTool,sum,value_equals,True,CalcTool,sum,True,,E0,True
VBrun_scale_microbench_300_2026-02-11T064352Z_seed20260211,AgentSelfCheck,VB-139,5,CalcTool,sum,value_equals,True,CalcTool,sum,True,,E0,True
VBrun_scale_microbench_300_2026-02-11T064352Z_seed20260211,AgentSelfCheck,VB-139,6,QueryTool,search,query_hits_reproducible,True,QueryTool,search,True,,E0,True
VBrun_scale_microbench_300_2026-02-11T064352Z_seed20260211,AgentSelfCheck,VB-139,7,CalcTool,sum,value_equals,True,CalcTool,sum,True,,E0,True
VBrun_scale_microbench_300_2026-02-11T064352Z_seed20260211,AgentSelfCheck,VB-140,1,FileTool,write_csv,artifact_written_exists,True,FileTool,write_csv,True,,E0,True
VBrun_scale_microbench_300_2026-02-11T064352Z_seed20260211,AgentSelfCheck,VB-140,2,FileTool,read_csv,read_after_write_dependency,True,FileTool,read_csv,True,,E0,True
VBrun_scale_microbench_300_2026-02-11T064352Z_seed20260211,AgentSelfCheck,VB-140,3,QueryTool,search,query_hits_reproducible,True,QueryTool,search,True,,E0,True
VBrun_scale_microbench_300_2026-02-11T064352Z_seed20260211,AgentSelfCheck,VB-140,4,CalcTool,sum,value_equals,True,CalcTool,sum,True,,E0,True
VBrun_scale_microbench_300_2026-02-11T064352Z_seed20260211,AgentSelfCheck,VB-140,5,CalcTool,sum,value_equals,True,CalcTool,sum,True,,E0,True
VBrun_scale_microbench_300_2026-02-11T064352Z_seed20260211,AgentSelfCheck,VB-140,6,QueryTool,search,query_hits_reproducible,True,QueryTool,search,True,,E0,True
VBrun_scale_microbench_300_2026-02-11T064352Z_seed20260211,AgentSelfCheck,VB-140,7,CalcTool,sum,value_equals,True,CalcTool,sum,True,,E0,True
VBrun_scale_microbench_300_2026-02-11T064352Z_seed20260211,AgentSelfCheck,VB-140,8,CalcTool,sum,value_equals,True,CalcTool,sum,True,,E0,True
VBrun_scale_microbench_300_2026-02-11T064352Z_seed20260211,AgentSelfCheck,VB-141,1,FileTool,write_csv,artifact_written_exists,True,FileTool,write_csv,True,,E0,True
VBrun_scale_microbench_300_2026-02-11T064352Z_seed20260211,AgentSelfCheck,VB-141,2,FileTool,read_csv,read_after_write_dependency,True,FileTool,read_csv,True,,E0,True
VBrun_scale_microbench_300_2026-02-11T064352Z_seed20260211,AgentSelfCheck,VB-142,1,FileTool,write_csv,artifact_written_exists,True,FileTool,write_csv,True,,E0,True
VBrun_scale_microbench_300_2026-02-11T064352Z_seed20260211,AgentSelfCheck,VB-142,2,FileTool,read_csv,read_after_write_dependency,True,FileTool,read_csv,True,,E0,True
VBrun_scale_microbench_300_2026-02-11T064352Z_seed20260211,AgentSelfCheck,VB-142,3,QueryTool,search,query_hits_reproducible,True,QueryTool,search,True,,E0,True
VBrun_scale_microbench_300_2026-02-11T064352Z_seed20260211,AgentSelfCheck,VB-143,1,FileTool,write_csv,artifact_written_exists,True,FileTool,write_csv,True,,E0,True
VBrun_scale_microbench_300_2026-02-11T064352Z_seed20260211,AgentSelfCheck,VB-143,2,FileTool,read_csv,read_after_write_dependency,True,FileTool,read_csv,True,,E0,True
VBrun_scale_microbench_300_2026-02-11T064352Z_seed20260211,AgentSelfCheck,VB-143,3,QueryTool,search,query_hits_reproducible,True,QueryTool,search,True,,E0,True
VBrun_scale_microbench_300_2026-02-11T064352Z_seed20260211,AgentSelfCheck,VB-143,4,CalcTool,sum,value_equals,True,CalcTool,sum,True,,E0,True
VBrun_scale_microbench_300_2026-02-11T064352Z_seed20260211,AgentSelfCheck,VB-144,1,FileTool,write_csv,artifact_written_exists,True,FileTool,write_csv,True,,E0,True
VBrun_scale_microbench_300_2026-02-11T064352Z_seed20260211,AgentSelfCheck,VB-144,2,FileTool,read_csv,read_after_write_dependency,True,FileTool,read_csv,True,,E0,True
VBrun_scale_microbench_300_2026-02-11T064352Z_seed20260211,AgentSelfCheck,VB-144,3,QueryTool,search,query_hits_reproducible,True,QueryTool,search,True,,E0,True
VBrun_scale_microbench_300_2026-02-11T064352Z_seed20260211,AgentSelfCheck,VB-144,4,CalcTool,sum,value_equals,True,CalcTool,sum,True,,E0,True
VBrun_scale_microbench_300_2026-02-11T064352Z_seed20260211,AgentSelfCheck,VB-144,5,CalcTool,sum,value_equals,True,CalcTool,sum,True,,E0,True
VBrun_scale_microbench_300_2026-02-11T064352Z_seed20260211,AgentSelfCheck,VB-145,1,FileTool,write_csv,artifact_written_exists,True,FileTool,write_csv,True,,E0,True
VBrun_scale_microbench_300_2026-02-11T064352Z_seed20260211,AgentSelfCheck,VB-145,2,FileTool,read_csv,read_after_write_dependency,True,FileTool,read_csv,True,,E0,True
VBrun_scale_microbench_300_2026-02-11T064352Z_seed20260211,AgentSelfCheck,VB-145,3,QueryTool,search,query_hits_reproducible,True,QueryTool,search,True,,E0,True
VBrun_scale_microbench_300_2026-02-11T064352Z_seed20260211,AgentSelfCheck,VB-145,4,CalcTool,sum,value_equals,True,CalcTool,sum,True,,E0,True
VBrun_scale_microbench_300_2026-02-11T064352Z_seed20260211,AgentSelfCheck,VB-145,5,CalcTool,sum,value_equals,True,CalcTool,sum,True,,E0,True
VBrun_scale_microbench_300_2026-02-11T064352Z_seed20260211,AgentSelfCheck,VB-145,6,QueryTool,search,query_hits_reproducible,True,QueryTool,search,True,,E0,True
VBrun_scale_microbench_300_2026-02-11T064352Z_seed20260211,AgentSelfCheck,VB-146,1,FileTool,write_csv,artifact_written_exists,True,FileTool,write_csv,True,,E0,True
VBrun_scale_microbench_300_2026-02-11T064352Z_seed20260211,AgentSelfCheck,VB-146,2,FileTool,read_csv,read_after_write_dependency,True,FileTool,read_csv,True,,E0,True
VBrun_scale_microbench_300_2026-02-11T064352Z_seed20260211,AgentSelfCheck,VB-146,3,QueryTool,search,query_hits_reproducible,True,QueryTool,search,True,,E0,True
VBrun_scale_microbench_300_2026-02-11T064352Z_seed20260211,AgentSelfCheck,VB-146,4,CalcTool,sum,value_equals,True,CalcTool,sum,True,,E0,True
VBrun_scale_microbench_300_2026-02-11T064352Z_seed20260211,AgentSelfCheck,VB-146,5,CalcTool,sum,value_equals,True,CalcTool,sum,True,,E0,True
VBrun_scale_microbench_300_2026-02-11T064352Z_seed20260211,AgentSelfCheck,VB-146,6,QueryTool,search,query_hits_reproducible,True,QueryTool,search,True,,E0,True
VBrun_scale_microbench_300_2026-02-11T064352Z_seed20260211,AgentSelfCheck,VB-146,7,CalcTool,sum,value_equals,True,CalcTool,sum,True,,E0,True
VBrun_scale_microbench_300_2026-02-11T064352Z_seed20260211,AgentSelfCheck,VB-147,1,FileTool,write_csv,artifact_written_exists,True,FileTool,write_csv,True,,E0,True
VBrun_scale_microbench_300_2026-02-11T064352Z_seed20260211,AgentSelfCheck,VB-147,2,FileTool,read_csv,read_after_write_dependency,True,FileTool,read_csv,True,,E0,True
VBrun_scale_microbench_300_2026-02-11T064352Z_seed20260211,AgentSelfCheck,VB-147,3,QueryTool,search,query_hits_reproducible,True,QueryTool,search,True,,E0,True
VBrun_scale_microbench_300_2026-02-11T064352Z_seed20260211,AgentSelfCheck,VB-147,4,CalcTool,sum,value_equals,True,CalcTool,sum,True,,E0,True
VBrun_scale_microbench_300_2026-02-11T064352Z_seed20260211,AgentSelfCheck,VB-147,5,CalcTool,sum,value_equals,True,CalcTool,sum,True,,E0,True
VBrun_scale_microbench_300_2026-02-11T064352Z_seed20260211,AgentSelfCheck,VB-147,6,QueryTool,search,query_hits_reproducible,True,QueryTool,search,True,,E0,True
VBrun_scale_microbench_300_2026-02-11T064352Z_seed20260211,AgentSelfCheck,VB-147,7,CalcTool,sum,value_equals,True,CalcTool,sum,True,,E0,True
VBrun_scale_microbench_300_2026-02-11T064352Z_seed20260211,AgentSelfCheck,VB-147,8,CalcTool,sum,value_equals,True,CalcTool,sum,True,,E0,True
VBrun_scale_microbench_300_2026-02-11T064352Z_seed20260211,AgentSelfCheck,VB-148,1,FileTool,write_csv,artifact_written_exists,True,FileTool,write_csv,True,,E0,True
VBrun_scale_microbench_300_2026-02-11T064352Z_seed20260211,AgentSelfCheck,VB-148,2,FileTool,read_csv,read_after_write_dependency,True,FileTool,read_csv,True,,E0,True
VBrun_scale_microbench_300_2026-02-11T064352Z_seed20260211,AgentSelfCheck,VB-149,1,FileTool,write_csv,artifact_written_exists,True,FileTool,write_csv,True,,E0,True
VBrun_scale_microbench_300_2026-02-11T064352Z_seed20260211,AgentSelfCheck,VB-149,2,FileTool,read_csv,read_after_write_dependency,True,FileTool,read_csv,True,,E0,True
VBrun_scale_microbench_300_2026-02-11T064352Z_seed20260211,AgentSelfCheck,VB-149,3,QueryTool,search,query_hits_reproducible,True,QueryTool,search,True,,E0,True
VBrun_scale_microbench_300_2026-02-11T064352Z_seed20260211,AgentSelfCheck,VB-150,1,FileTool,write_csv,artifact_written_exists,True,FileTool,write_csv,True,,E0,True
VBrun_scale_microbench_300_2026-02-11T064352Z_seed20260211,AgentSelfCheck,VB-150,2,FileTool,read_csv,read_after_write_dependency,True,FileTool,read_csv,True,,E0,True
VBrun_scale_microbench_300_2026-02-11T064352Z_seed20260211,AgentSelfCheck,VB-150,3,QueryTool,search,query_hits_reproducible,True,QueryTool,search,True,,E0,True
VBrun_scale_microbench_300_2026-02-11T064352Z_seed20260211,AgentSelfCheck,VB-150,4,CalcTool,sum,value_equals,True,CalcTool,sum,True,,E0,True
VBrun_scale_microbench_300_2026-02-11T064352Z_seed20260211,AgentSelfCheck,VB-151,1,FileTool,write_csv,artifact_written_exists,True,FileTool,write_csv,True,,E0,True
VBrun_scale_microbench_300_2026-02-11T064352Z_seed20260211,AgentSelfCheck,VB-151,2,FileTool,read_csv,read_after_write_dependency,True,FileTool,read_csv,True,,E0,True
VBrun_scale_microbench_300_2026-02-11T064352Z_seed20260211,AgentSelfCheck,VB-151,3,QueryTool,search,query_hits_reproducible,True,QueryTool,search,True,,E0,True
VBrun_scale_microbench_300_2026-02-11T064352Z_seed20260211,AgentSelfCheck,VB-151,4,CalcTool,sum,value_equals,True,CalcTool,sum,True,,E0,True
VBrun_scale_microbench_300_2026-02-11T064352Z_seed20260211,AgentSelfCheck,VB-151,5,CalcTool,sum,value_equals,True,CalcTool,sum,True,,E0,True
VBrun_scale_microbench_300_2026-02-11T064352Z_seed20260211,AgentSelfCheck,VB-152,1,FileTool,write_csv,artifact_written_exists,True,FileTool,write_csv,True,,E0,True
VBrun_scale_microbench_300_2026-02-11T064352Z_seed20260211,AgentSelfCheck,VB-152,2,FileTool,read_csv,read_after_write_dependency,True,FileTool,read_csv,True,,E0,True
VBrun_scale_microbench_300_2026-02-11T064352Z_seed20260211,AgentSelfCheck,VB-152,3,QueryTool,search,query_hits_reproducible,True,QueryTool,search,True,,E0,True
VBrun_scale_microbench_300_2026-02-11T064352Z_seed20260211,AgentSelfCheck,VB-152,4,CalcTool,sum,value_equals,True,CalcTool,sum,True,,E0,True
VBrun_scale_microbench_300_2026-02-11T064352Z_seed20260211,AgentSelfCheck,VB-152,5,CalcTool,sum,value_equals,True,CalcTool,sum,True,,E0,True
VBrun_scale_microbench_300_2026-02-11T064352Z_seed20260211,AgentSelfCheck,VB-152,6,QueryTool,search,query_hits_reproducible,True,QueryTool,search,True,,E0,True
VBrun_scale_microbench_300_2026-02-11T064352Z_seed20260211,AgentSelfCheck,VB-153,1,FileTool,write_csv,artifact_written_exists,True,FileTool,write_csv,True,,E0,True
VBrun_scale_microbench_300_2026-02-11T064352Z_seed20260211,AgentSelfCheck,VB-153,2,FileTool,read_csv,read_after_write_dependency,True,FileTool,read_csv,True,,E0,True
VBrun_scale_microbench_300_2026-02-11T064352Z_seed20260211,AgentSelfCheck,VB-153,3,QueryTool,search,query_hits_reproducible,True,QueryTool,search,True,,E0,True
VBrun_scale_microbench_300_2026-02-11T064352Z_seed20260211,AgentSelfCheck,VB-153,4,CalcTool,sum,value_equals,True,CalcTool,sum,True,,E0,True
VBrun_scale_microbench_300_2026-02-11T064352Z_seed20260211,AgentSelfCheck,VB-153,5,CalcTool,sum,value_equals,True,CalcTool,sum,True,,E0,True
VBrun_scale_microbench_300_2026-02-11T064352Z_seed20260211,AgentSelfCheck,VB-153,6,QueryTool,search,query_hits_reproducible,True,QueryTool,search,True,,E0,True
VBrun_scale_microbench_300_2026-02-11T064352Z_seed20260211,AgentSelfCheck,VB-153,7,CalcTool,sum,value_equals,True,CalcTool,sum,True,,E0,True
VBrun_scale_microbench_300_2026-02-11T064352Z_seed20260211,AgentSelfCheck,VB-154,1,FileTool,write_csv,artifact_written_exists,True,FileTool,write_csv,True,,E0,True
VBrun_scale_microbench_300_2026-02-11T064352Z_seed20260211,AgentSelfCheck,VB-154,2,FileTool,read_csv,read_after_write_dependency,True,FileTool,read_csv,True,,E0,True
VBrun_scale_microbench_300_2026-02-11T064352Z_seed20260211,AgentSelfCheck,VB-154,3,QueryTool,search,query_hits_reproducible,True,QueryTool,search,True,,E0,True
VBrun_scale_microbench_300_2026-02-11T064352Z_seed20260211,AgentSelfCheck,VB-154,4,CalcTool,sum,value_equals,True,CalcTool,sum,True,,E0,True
VBrun_scale_microbench_300_2026-02-11T064352Z_seed20260211,AgentSelfCheck,VB-154,5,CalcTool,sum,value_equals,True,CalcTool,sum,True,,E0,True
VBrun_scale_microbench_300_2026-02-11T064352Z_seed20260211,AgentSelfCheck,VB-154,6,QueryTool,search,query_hits_reproducible,True,QueryTool,search,True,,E0,True
VBrun_scale_microbench_300_2026-02-11T064352Z_seed20260211,AgentSelfCheck,VB-154,7,CalcTool,sum,value_equals,True,CalcTool,sum,True,,E0,True
VBrun_scale_microbench_300_2026-02-11T064352Z_seed20260211,AgentSelfCheck,VB-154,8,CalcTool,sum,value_equals,True,CalcTool,sum,True,,E0,True
VBrun_scale_microbench_300_2026-02-11T064352Z_seed20260211,AgentSelfCheck,VB-155,1,FileTool,write_csv,artifact_written_exists,True,FileTool,write_csv,True,,E0,True
VBrun_scale_microbench_300_2026-02-11T064352Z_seed20260211,AgentSelfCheck,VB-155,2,FileTool,read_csv,read_after_write_dependency,True,FileTool,read_csv,True,,E0,True
VBrun_scale_microbench_300_2026-02-11T064352Z_seed20260211,AgentSelfCheck,VB-156,1,FileTool,write_csv,artifact_written_exists,True,FileTool,write_csv,True,,E0,True
VBrun_scale_microbench_300_2026-02-11T064352Z_seed20260211,AgentSelfCheck,VB-156,2,FileTool,read_csv,read_after_write_dependency,True,FileTool,read_csv,True,,E0,True
VBrun_scale_microbench_300_2026-02-11T064352Z_seed20260211,AgentSelfCheck,VB-156,3,QueryTool,search,query_hits_reproducible,True,QueryTool,search,True,,E0,True
VBrun_scale_microbench_300_2026-02-11T064352Z_seed20260211,AgentSelfCheck,VB-157,1,FileTool,write_csv,artifact_written_exists,True,FileTool,write_csv,True,,E0,True
VBrun_scale_microbench_300_2026-02-11T064352Z_seed20260211,AgentSelfCheck,VB-157,2,FileTool,read_csv,read_after_write_dependency,True,FileTool,read_csv,True,,E0,True
VBrun_scale_microbench_300_2026-02-11T064352Z_seed20260211,AgentSelfCheck,VB-157,3,QueryTool,search,query_hits_reproducible,True,QueryTool,search,True,,E0,True
VBrun_scale_microbench_300_2026-02-11T064352Z_seed20260211,AgentSelfCheck,VB-157,4,CalcTool,sum,value_equals,True,CalcTool,sum,True,,E0,True
VBrun_scale_microbench_300_2026-02-11T064352Z_seed20260211,AgentSelfCheck,VB-158,1,FileTool,write_csv,artifact_written_exists,True,FileTool,write_csv,True,,E0,True
VBrun_scale_microbench_300_2026-02-11T064352Z_seed20260211,AgentSelfCheck,VB-158,2,FileTool,read_csv,read_after_write_dependency,True,FileTool,read_csv,True,,E0,True
VBrun_scale_microbench_300_2026-02-11T064352Z_seed20260211,AgentSelfCheck,VB-158,3,QueryTool,search,query_hits_reproducible,True,QueryTool,search,True,,E0,True
VBrun_scale_microbench_300_2026-02-11T064352Z_seed20260211,AgentSelfCheck,VB-158,4,CalcTool,sum,value_equals,True,CalcTool,sum,True,,E0,True
VBrun_scale_microbench_300_2026-02-11T064352Z_seed20260211,AgentSelfCheck,VB-158,5,CalcTool,sum,value_equals,True,CalcTool,sum,True,,E0,True
VBrun_scale_microbench_300_2026-02-11T064352Z_seed20260211,AgentSelfCheck,VB-159,1,FileTool,write_csv,artifact_written_exists,True,FileTool,write_csv,True,,E0,True
VBrun_scale_microbench_300_2026-02-11T064352Z_seed20260211,AgentSelfCheck,VB-159,2,FileTool,read_csv,read_after_write_dependency,True,FileTool,read_csv,True,,E0,True
VBrun_scale_microbench_300_2026-02-11T064352Z_seed20260211,AgentSelfCheck,VB-159,3,QueryTool,search,query_hits_reproducible,True,QueryTool,search,True,,E0,True
VBrun_scale_microbench_300_2026-02-11T064352Z_seed20260211,AgentSelfCheck,VB-159,4,CalcTool,sum,value_equals,True,CalcTool,sum,True,,E0,True
VBrun_scale_microbench_300_2026-02-11T064352Z_seed20260211,AgentSelfCheck,VB-159,5,CalcTool,sum,value_equals,True,CalcTool,sum,True,,E0,True
VBrun_scale_microbench_300_2026-02-11T064352Z_seed20260211,AgentSelfCheck,VB-159,6,QueryTool,search,query_hits_reproducible,True,QueryTool,search,True,,E0,True
VBrun_scale_microbench_300_2026-02-11T064352Z_seed20260211,AgentSelfCheck,VB-160,1,FileTool,write_csv,artifact_written_exists,True,FileTool,write_csv,True,,E0,True
VBrun_scale_microbench_300_2026-02-11T064352Z_seed20260211,AgentSelfCheck,VB-160,2,FileTool,read_csv,read_after_write_dependency,True,FileTool,read_csv,True,,E0,True
VBrun_scale_microbench_300_2026-02-11T064352Z_seed20260211,AgentSelfCheck,VB-160,3,QueryTool,search,query_hits_reproducible,True,QueryTool,search,True,,E0,True
VBrun_scale_microbench_300_2026-02-11T064352Z_seed20260211,AgentSelfCheck,VB-160,4,CalcTool,sum,value_equals,True,CalcTool,sum,True,,E0,True
VBrun_scale_microbench_300_2026-02-11T064352Z_seed20260211,AgentSelfCheck,VB-160,5,CalcTool,sum,value_equals,True,CalcTool,sum,True,,E0,True
VBrun_scale_microbench_300_2026-02-11T064352Z_seed20260211,AgentSelfCheck,VB-160,6,QueryTool,search,query_hits_reproducible,True,QueryTool,search,True,,E0,True
VBrun_scale_microbench_300_2026-02-11T064352Z_seed20260211,AgentSelfCheck,VB-160,7,CalcTool,sum,value_equals,True,CalcTool,sum,True,,E0,True
VBrun_scale_microbench_300_2026-02-11T064352Z_seed20260211,AgentSelfCheck,VB-161,1,FileTool,write_csv,artifact_written_exists,True,FileTool,write_csv,True,,E0,True
VBrun_scale_microbench_300_2026-02-11T064352Z_seed20260211,AgentSelfCheck,VB-161,2,FileTool,read_csv,read_after_write_dependency,True,FileTool,read_csv,True,,E0,True
VBrun_scale_microbench_300_2026-02-11T064352Z_seed20260211,AgentSelfCheck,VB-161,3,QueryTool,search,query_hits_reproducible,True,QueryTool,search,True,,E0,True
VBrun_scale_microbench_300_2026-02-11T064352Z_seed20260211,AgentSelfCheck,VB-161,4,CalcTool,sum,value_equals,True,CalcTool,sum,True,,E0,True
VBrun_scale_microbench_300_2026-02-11T064352Z_seed20260211,AgentSelfCheck,VB-161,5,CalcTool,sum,value_equals,True,CalcTool,sum,True,,E0,True
VBrun_scale_microbench_300_2026-02-11T064352Z_seed20260211,AgentSelfCheck,VB-161,6,QueryTool,search,query_hits_reproducible,True,QueryTool,search,True,,E0,True
VBrun_scale_microbench_300_2026-02-11T064352Z_seed20260211,AgentSelfCheck,VB-161,7,CalcTool,sum,value_equals,True,CalcTool,sum,True,,E0,True
VBrun_scale_microbench_300_2026-02-11T064352Z_seed20260211,AgentSelfCheck,VB-161,8,CalcTool,sum,value_equals,True,CalcTool,sum,True,,E0,True
VBrun_scale_microbench_300_2026-02-11T064352Z_seed20260211,AgentSelfCheck,VB-162,1,FileTool,write_csv,artifact_written_exists,True,FileTool,write_csv,True,,E0,True
VBrun_scale_microbench_300_2026-02-11T064352Z_seed20260211,AgentSelfCheck,VB-162,2,FileTool,read_csv,read_after_write_dependency,True,FileTool,read_csv,True,,E0,True
VBrun_scale_microbench_300_2026-02-11T064352Z_seed20260211,AgentSelfCheck,VB-163,1,FileTool,write_csv,artifact_written_exists,True,FileTool,write_csv,True,,E0,True
VBrun_scale_microbench_300_2026-02-11T064352Z_seed20260211,AgentSelfCheck,VB-163,2,FileTool,read_csv,read_after_write_dependency,True,FileTool,read_csv,True,,E0,True
VBrun_scale_microbench_300_2026-02-11T064352Z_seed20260211,AgentSelfCheck,VB-163,3,QueryTool,search,query_hits_reproducible,True,QueryTool,search,True,,E0,True
VBrun_scale_microbench_300_2026-02-11T064352Z_seed20260211,AgentSelfCheck,VB-164,1,FileTool,write_csv,artifact_written_exists,True,FileTool,write_csv,True,,E0,True
VBrun_scale_microbench_300_2026-02-11T064352Z_seed20260211,AgentSelfCheck,VB-164,2,FileTool,read_csv,read_after_write_dependency,True,FileTool,read_csv,True,,E0,True
VBrun_scale_microbench_300_2026-02-11T064352Z_seed20260211,AgentSelfCheck,VB-164,3,QueryTool,search,query_hits_reproducible,True,QueryTool,search,True,,E0,True
VBrun_scale_microbench_300_2026-02-11T064352Z_seed20260211,AgentSelfCheck,VB-164,4,CalcTool,sum,value_equals,True,CalcTool,sum,True,,E0,True
VBrun_scale_microbench_300_2026-02-11T064352Z_seed20260211,AgentSelfCheck,VB-165,1,FileTool,write_csv,artifact_written_exists,True,FileTool,write_csv,True,,E0,True
VBrun_scale_microbench_300_2026-02-11T064352Z_seed20260211,AgentSelfCheck,VB-165,2,FileTool,read_csv,read_after_write_dependency,True,FileTool,read_csv,True,,E0,True
VBrun_scale_microbench_300_2026-02-11T064352Z_seed20260211,AgentSelfCheck,VB-165,3,QueryTool,search,query_hits_reproducible,True,QueryTool,search,True,,E0,True
VBrun_scale_microbench_300_2026-02-11T064352Z_seed20260211,AgentSelfCheck,VB-165,4,CalcTool,sum,value_equals,True,CalcTool,sum,True,,E0,True
VBrun_scale_microbench_300_2026-02-11T064352Z_seed20260211,AgentSelfCheck,VB-165,5,CalcTool,sum,value_equals,True,CalcTool,sum,True,,E0,True
VBrun_scale_microbench_300_2026-02-11T064352Z_seed20260211,AgentSelfCheck,VB-166,1,FileTool,write_csv,artifact_written_exists,True,FileTool,write_csv,True,,E0,True
VBrun_scale_microbench_300_2026-02-11T064352Z_seed20260211,AgentSelfCheck,VB-166,2,FileTool,read_csv,read_after_write_dependency,True,FileTool,read_csv,True,,E0,True
VBrun_scale_microbench_300_2026-02-11T064352Z_seed20260211,AgentSelfCheck,VB-166,3,QueryTool,search,query_hits_reproducible,True,QueryTool,search,True,,E0,True
VBrun_scale_microbench_300_2026-02-11T064352Z_seed20260211,AgentSelfCheck,VB-166,4,CalcTool,sum,value_equals,True,CalcTool,sum,True,,E0,True
VBrun_scale_microbench_300_2026-02-11T064352Z_seed20260211,AgentSelfCheck,VB-166,5,CalcTool,sum,value_equals,True,CalcTool,sum,True,,E0,True
VBrun_scale_microbench_300_2026-02-11T064352Z_seed20260211,AgentSelfCheck,VB-166,6,QueryTool,search,query_hits_reproducible,True,QueryTool,search,True,,E0,True
VBrun_scale_microbench_300_2026-02-11T064352Z_seed20260211,AgentSelfCheck,VB-167,1,FileTool,write_csv,artifact_written_exists,True,FileTool,write_csv,True,,E0,True
VBrun_scale_microbench_300_2026-02-11T064352Z_seed20260211,AgentSelfCheck,VB-167,2,FileTool,read_csv,read_after_write_dependency,True,FileTool,read_csv,True,,E0,True
VBrun_scale_microbench_300_2026-02-11T064352Z_seed20260211,AgentSelfCheck,VB-167,3,QueryTool,search,query_hits_reproducible,True,QueryTool,search,True,,E0,True
VBrun_scale_microbench_300_2026-02-11T064352Z_seed20260211,AgentSelfCheck,VB-167,4,CalcTool,sum,value_equals,True,CalcTool,sum,True,,E0,True
VBrun_scale_microbench_300_2026-02-11T064352Z_seed20260211,AgentSelfCheck,VB-167,5,CalcTool,sum,value_equals,True,CalcTool,sum,True,,E0,True
VBrun_scale_microbench_300_2026-02-11T064352Z_seed20260211,AgentSelfCheck,VB-167,6,QueryTool,search,query_hits_reproducible,True,QueryTool,search,True,,E0,True
VBrun_scale_microbench_300_2026-02-11T064352Z_seed20260211,AgentSelfCheck,VB-167,7,CalcTool,sum,value_equals,True,CalcTool,sum,True,,E0,True
VBrun_scale_microbench_300_2026-02-11T064352Z_seed20260211,AgentSelfCheck,VB-168,1,FileTool,write_csv,artifact_written_exists,True,FileTool,write_csv,True,,E0,True
VBrun_scale_microbench_300_2026-02-11T064352Z_seed20260211,AgentSelfCheck,VB-168,2,FileTool,read_csv,read_after_write_dependency,True,FileTool,read_csv,True,,E0,True
VBrun_scale_microbench_300_2026-02-11T064352Z_seed20260211,AgentSelfCheck,VB-168,3,QueryTool,search,query_hits_reproducible,True,QueryTool,search,True,,E0,True
VBrun_scale_microbench_300_2026-02-11T064352Z_seed20260211,AgentSelfCheck,VB-168,4,CalcTool,sum,value_equals,True,CalcTool,sum,True,,E0,True
VBrun_scale_microbench_300_2026-02-11T064352Z_seed20260211,AgentSelfCheck,VB-168,5,CalcTool,sum,value_equals,True,CalcTool,sum,True,,E0,True
VBrun_scale_microbench_300_2026-02-11T064352Z_seed20260211,AgentSelfCheck,VB-168,6,QueryTool,search,query_hits_reproducible,True,QueryTool,search,True,,E0,True
VBrun_scale_microbench_300_2026-02-11T064352Z_seed20260211,AgentSelfCheck,VB-168,7,CalcTool,sum,value_equals,True,CalcTool,sum,True,,E0,True
VBrun_scale_microbench_300_2026-02-11T064352Z_seed20260211,AgentSelfCheck,VB-168,8,CalcTool,sum,value_equals,True,CalcTool,sum,True,,E0,True
VBrun_scale_microbench_300_2026-02-11T064352Z_seed20260211,AgentSelfCheck,VB-169,1,FileTool,write_csv,artifact_written_exists,True,FileTool,write_csv,True,,E0,True
VBrun_scale_microbench_300_2026-02-11T064352Z_seed20260211,AgentSelfCheck,VB-169,2,FileTool,read_csv,read_after_write_dependency,True,FileTool,read_csv,True,,E0,True
VBrun_scale_microbench_300_2026-02-11T064352Z_seed20260211,AgentSelfCheck,VB-170,1,FileTool,write_csv,artifact_written_exists,True,FileTool,write_csv,True,,E0,True
VBrun_scale_microbench_300_2026-02-11T064352Z_seed20260211,AgentSelfCheck,VB-170,2,FileTool,read_csv,read_after_write_dependency,True,FileTool,read_csv,True,,E0,True
VBrun_scale_microbench_300_2026-02-11T064352Z_seed20260211,AgentSelfCheck,VB-170,3,QueryTool,search,query_hits_reproducible,True,QueryTool,search,True,,E0,True
VBrun_scale_microbench_300_2026-02-11T064352Z_seed20260211,AgentSelfCheck,VB-171,1,FileTool,write_csv,artifact_written_exists,True,FileTool,write_csv,True,,E0,True
VBrun_scale_microbench_300_2026-02-11T064352Z_seed20260211,AgentSelfCheck,VB-171,2,FileTool,read_csv,read_after_write_dependency,True,FileTool,read_csv,True,,E0,True
VBrun_scale_microbench_300_2026-02-11T064352Z_seed20260211,AgentSelfCheck,VB-171,3,QueryTool,search,query_hits_reproducible,True,QueryTool,search,True,,E0,True
VBrun_scale_microbench_300_2026-02-11T064352Z_seed20260211,AgentSelfCheck,VB-171,4,CalcTool,sum,value_equals,True,CalcTool,sum,True,,E0,True
VBrun_scale_microbench_300_2026-02-11T064352Z_seed20260211,AgentSelfCheck,VB-172,1,FileTool,write_csv,artifact_written_exists,True,FileTool,write_csv,True,,E0,True
VBrun_scale_microbench_300_2026-02-11T064352Z_seed20260211,AgentSelfCheck,VB-172,2,FileTool,read_csv,read_after_write_dependency,True,FileTool,read_csv,True,,E0,True
VBrun_scale_microbench_300_2026-02-11T064352Z_seed20260211,AgentSelfCheck,VB-172,3,QueryTool,search,query_hits_reproducible,True,QueryTool,search,True,,E0,True
VBrun_scale_microbench_300_2026-02-11T064352Z_seed20260211,AgentSelfCheck,VB-172,4,CalcTool,sum,value_equals,True,CalcTool,sum,True,,E0,True
VBrun_scale_microbench_300_2026-02-11T064352Z_seed20260211,AgentSelfCheck,VB-172,5,CalcTool,sum,value_equals,True,CalcTool,sum,True,,E0,True
VBrun_scale_microbench_300_2026-02-11T064352Z_seed20260211,AgentSelfCheck,VB-173,1,FileTool,write_csv,artifact_written_exists,True,FileTool,write_csv,True,,E0,True
VBrun_scale_microbench_300_2026-02-11T064352Z_seed20260211,AgentSelfCheck,VB-173,2,FileTool,read_csv,read_after_write_dependency,True,FileTool,read_csv,True,,E0,True
VBrun_scale_microbench_300_2026-02-11T064352Z_seed20260211,AgentSelfCheck,VB-173,3,QueryTool,search,query_hits_reproducible,True,QueryTool,search,True,,E0,True
VBrun_scale_microbench_300_2026-02-11T064352Z_seed20260211,AgentSelfCheck,VB-173,4,CalcTool,sum,value_equals,True,CalcTool,sum,True,,E0,True
VBrun_scale_microbench_300_2026-02-11T064352Z_seed20260211,AgentSelfCheck,VB-173,5,CalcTool,sum,value_equals,True,CalcTool,sum,True,,E0,True
VBrun_scale_microbench_300_2026-02-11T064352Z_seed20260211,AgentSelfCheck,VB-173,6,QueryTool,search,query_hits_reproducible,True,QueryTool,search,True,,E0,True
VBrun_scale_microbench_300_2026-02-11T064352Z_seed20260211,AgentSelfCheck,VB-174,1,FileTool,write_csv,artifact_written_exists,True,FileTool,write_csv,True,,E0,True
VBrun_scale_microbench_300_2026-02-11T064352Z_seed20260211,AgentSelfCheck,VB-174,2,FileTool,read_csv,read_after_write_dependency,True,FileTool,read_csv,True,,E0,True
VBrun_scale_microbench_300_2026-02-11T064352Z_seed20260211,AgentSelfCheck,VB-174,3,QueryTool,search,query_hits_reproducible,True,QueryTool,search,True,,E0,True
VBrun_scale_microbench_300_2026-02-11T064352Z_seed20260211,AgentSelfCheck,VB-174,4,CalcTool,sum,value_equals,True,CalcTool,sum,True,,E0,True
VBrun_scale_microbench_300_2026-02-11T064352Z_seed20260211,AgentSelfCheck,VB-174,5,CalcTool,sum,value_equals,True,CalcTool,sum,True,,E0,True
VBrun_scale_microbench_300_2026-02-11T064352Z_seed20260211,AgentSelfCheck,VB-174,6,QueryTool,search,query_hits_reproducible,True,QueryTool,search,True,,E0,True
VBrun_scale_microbench_300_2026-02-11T064352Z_seed20260211,AgentSelfCheck,VB-174,7,CalcTool,sum,value_equals,True,CalcTool,sum,True,,E0,True
VBrun_scale_microbench_300_2026-02-11T064352Z_seed20260211,AgentSelfCheck,VB-175,1,FileTool,write_csv,artifact_written_exists,True,FileTool,write_csv,True,,E0,True
VBrun_scale_microbench_300_2026-02-11T064352Z_seed20260211,AgentSelfCheck,VB-175,2,FileTool,read_csv,read_after_write_dependency,True,FileTool,read_csv,True,,E0,True
VBrun_scale_microbench_300_2026-02-11T064352Z_seed20260211,AgentSelfCheck,VB-175,3,QueryTool,search,query_hits_reproducible,True,QueryTool,search,True,,E0,True
VBrun_scale_microbench_300_2026-02-11T064352Z_seed20260211,AgentSelfCheck,VB-175,4,CalcTool,sum,value_equals,True,CalcTool,sum,True,,E0,True
VBrun_scale_microbench_300_2026-02-11T064352Z_seed20260211,AgentSelfCheck,VB-175,5,CalcTool,sum,value_equals,True,CalcTool,sum,True,,E0,True
VBrun_scale_microbench_300_2026-02-11T064352Z_seed20260211,AgentSelfCheck,VB-175,6,QueryTool,search,query_hits_reproducible,True,QueryTool,search,True,,E0,True
VBrun_scale_microbench_300_2026-02-11T064352Z_seed20260211,AgentSelfCheck,VB-175,7,CalcTool,sum,value_equals,True,CalcTool,sum,True,,E0,True
VBrun_scale_microbench_300_2026-02-11T064352Z_seed20260211,AgentSelfCheck,VB-175,8,CalcTool,sum,value_equals,True,CalcTool,sum,True,,E0,True
VBrun_scale_microbench_300_2026-02-11T064352Z_seed20260211,AgentSelfCheck,VB-176,1,FileTool,write_csv,artifact_written_exists,True,FileTool,write_csv,True,,E0,True
VBrun_scale_microbench_300_2026-02-11T064352Z_seed20260211,AgentSelfCheck,VB-176,2,FileTool,read_csv,read_after_write_dependency,True,FileTool,read_csv,True,,E0,True
VBrun_scale_microbench_300_2026-02-11T064352Z_seed20260211,AgentSelfCheck,VB-177,1,FileTool,write_csv,artifact_written_exists,True,FileTool,write_csv,True,,E0,True
VBrun_scale_microbench_300_2026-02-11T064352Z_seed20260211,AgentSelfCheck,VB-177,2,FileTool,read_csv,read_after_write_dependency,True,FileTool,read_csv,True,,E0,True
VBrun_scale_microbench_300_2026-02-11T064352Z_seed20260211,AgentSelfCheck,VB-177,3,QueryTool,search,query_hits_reproducible,True,QueryTool,search,True,,E0,True
VBrun_scale_microbench_300_2026-02-11T064352Z_seed20260211,AgentSelfCheck,VB-178,1,FileTool,write_csv,artifact_written_exists,True,FileTool,write_csv,True,,E0,True
VBrun_scale_microbench_300_2026-02-11T064352Z_seed20260211,AgentSelfCheck,VB-178,2,FileTool,read_csv,read_after_write_dependency,True,FileTool,read_csv,True,,E0,True
VBrun_scale_microbench_300_2026-02-11T064352Z_seed20260211,AgentSelfCheck,VB-178,3,QueryTool,search,query_hits_reproducible,True,QueryTool,search,True,,E0,True
VBrun_scale_microbench_300_2026-02-11T064352Z_seed20260211,AgentSelfCheck,VB-178,4,CalcTool,sum,value_equals,True,CalcTool,sum,True,,E0,True
VBrun_scale_microbench_300_2026-02-11T064352Z_seed20260211,AgentSelfCheck,VB-179,1,FileTool,write_csv,artifact_written_exists,True,FileTool,write_csv,True,,E0,True
VBrun_scale_microbench_300_2026-02-11T064352Z_seed20260211,AgentSelfCheck,VB-179,2,FileTool,read_csv,read_after_write_dependency,True,FileTool,read_csv,True,,E0,True
VBrun_scale_microbench_300_2026-02-11T064352Z_seed20260211,AgentSelfCheck,VB-179,3,QueryTool,search,query_hits_reproducible,True,QueryTool,search,True,,E0,True
VBrun_scale_microbench_300_2026-02-11T064352Z_seed20260211,AgentSelfCheck,VB-179,4,CalcTool,sum,value_equals,True,CalcTool,sum,True,,E0,True
VBrun_scale_microbench_300_2026-02-11T064352Z_seed20260211,AgentSelfCheck,VB-179,5,CalcTool,sum,value_equals,True,CalcTool,sum,True,,E0,True
VBrun_scale_microbench_300_2026-02-11T064352Z_seed20260211,AgentSelfCheck,VB-180,1,FileTool,write_csv,artifact_written_exists,True,FileTool,write_csv,True,,E0,True
VBrun_scale_microbench_300_2026-02-11T064352Z_seed20260211,AgentSelfCheck,VB-180,2,FileTool,read_csv,read_after_write_dependency,True,FileTool,read_csv,True,,E0,True
VBrun_scale_microbench_300_2026-02-11T064352Z_seed20260211,AgentSelfCheck,VB-180,3,QueryTool,search,query_hits_reproducible,True,QueryTool,search,True,,E0,True
VBrun_scale_microbench_300_2026-02-11T064352Z_seed20260211,AgentSelfCheck,VB-180,4,CalcTool,sum,value_equals,True,CalcTool,sum,True,,E0,True
VBrun_scale_microbench_300_2026-02-11T064352Z_seed20260211,AgentSelfCheck,VB-180,5,CalcTool,sum,value_equals,True,CalcTool,sum,True,,E0,True
VBrun_scale_microbench_300_2026-02-11T064352Z_seed20260211,AgentSelfCheck,VB-180,6,QueryTool,search,query_hits_reproducible,True,QueryTool,search,True,,E0,True
VBrun_scale_microbench_300_2026-02-11T064352Z_seed20260211,AgentSelfCheck,VB-181,1,FileTool,write_csv,artifact_written_exists,True,FileTool,write_csv,True,,E0,True
VBrun_scale_microbench_300_2026-02-11T064352Z_seed20260211,AgentSelfCheck,VB-181,2,FileTool,read_csv,read_after_write_dependency,True,FileTool,read_csv,True,,E0,True
VBrun_scale_microbench_300_2026-02-11T064352Z_seed20260211,AgentSelfCheck,VB-181,3,QueryTool,search,query_hits_reproducible,True,QueryTool,search,True,,E0,True
VBrun_scale_microbench_300_2026-02-11T064352Z_seed20260211,AgentSelfCheck,VB-181,4,CalcTool,sum,value_equals,True,CalcTool,sum,True,,E0,True
VBrun_scale_microbench_300_2026-02-11T064352Z_seed20260211,AgentSelfCheck,VB-181,5,CalcTool,sum,value_equals,True,CalcTool,sum,True,,E0,True
VBrun_scale_microbench_300_2026-02-11T064352Z_seed20260211,AgentSelfCheck,VB-181,6,QueryTool,search,query_hits_reproducible,True,QueryTool,search,True,,E0,True
VBrun_scale_microbench_300_2026-02-11T064352Z_seed20260211,AgentSelfCheck,VB-181,7,CalcTool,sum,value_equals,True,CalcTool,sum,True,,E0,True
VBrun_scale_microbench_300_2026-02-11T064352Z_seed20260211,AgentSelfCheck,VB-182,1,FileTool,write_csv,artifact_written_exists,True,FileTool,write_csv,True,,E0,True
VBrun_scale_microbench_300_2026-02-11T064352Z_seed20260211,AgentSelfCheck,VB-182,2,FileTool,read_csv,read_after_write_dependency,True,FileTool,read_csv,True,,E0,True
VBrun_scale_microbench_300_2026-02-11T064352Z_seed20260211,AgentSelfCheck,VB-182,3,QueryTool,search,query_hits_reproducible,True,QueryTool,search,True,,E0,True
VBrun_scale_microbench_300_2026-02-11T064352Z_seed20260211,AgentSelfCheck,VB-182,4,CalcTool,sum,value_equals,True,CalcTool,sum,True,,E0,True
VBrun_scale_microbench_300_2026-02-11T064352Z_seed20260211,AgentSelfCheck,VB-182,5,CalcTool,sum,value_equals,True,CalcTool,sum,True,,E0,True
VBrun_scale_microbench_300_2026-02-11T064352Z_seed20260211,AgentSelfCheck,VB-182,6,QueryTool,search,query_hits_reproducible,True,QueryTool,search,True,,E0,True
VBrun_scale_microbench_300_2026-02-11T064352Z_seed20260211,AgentSelfCheck,VB-182,7,CalcTool,sum,value_equals,True,CalcTool,sum,True,,E0,True
VBrun_scale_microbench_300_2026-02-11T064352Z_seed20260211,AgentSelfCheck,VB-182,8,CalcTool,sum,value_equals,True,CalcTool,sum,True,,E0,True
VBrun_scale_microbench_300_2026-02-11T064352Z_seed20260211,AgentSelfCheck,VB-183,1,FileTool,write_csv,artifact_written_exists,True,FileTool,write_csv,True,,E0,True
VBrun_scale_microbench_300_2026-02-11T064352Z_seed20260211,AgentSelfCheck,VB-183,2,FileTool,read_csv,read_after_write_dependency,True,FileTool,read_csv,True,,E0,True
VBrun_scale_microbench_300_2026-02-11T064352Z_seed20260211,AgentSelfCheck,VB-184,1,FileTool,write_csv,artifact_written_exists,True,FileTool,write_csv,True,,E0,True
VBrun_scale_microbench_300_2026-02-11T064352Z_seed20260211,AgentSelfCheck,VB-184,2,FileTool,read_csv,read_after_write_dependency,True,FileTool,read_csv,True,,E0,True
VBrun_scale_microbench_300_2026-02-11T064352Z_seed20260211,AgentSelfCheck,VB-184,3,QueryTool,search,query_hits_reproducible,True,QueryTool,search,True,,E0,True
VBrun_scale_microbench_300_2026-02-11T064352Z_seed20260211,AgentSelfCheck,VB-185,1,FileTool,write_csv,artifact_written_exists,True,FileTool,write_csv,True,,E0,True
VBrun_scale_microbench_300_2026-02-11T064352Z_seed20260211,AgentSelfCheck,VB-185,2,FileTool,read_csv,read_after_write_dependency,True,FileTool,read_csv,True,,E0,True
VBrun_scale_microbench_300_2026-02-11T064352Z_seed20260211,AgentSelfCheck,VB-185,3,QueryTool,search,query_hits_reproducible,True,QueryTool,search,True,,E0,True
VBrun_scale_microbench_300_2026-02-11T064352Z_seed20260211,AgentSelfCheck,VB-185,4,CalcTool,sum,value_equals,True,CalcTool,sum,True,,E0,True
VBrun_scale_microbench_300_2026-02-11T064352Z_seed20260211,AgentSelfCheck,VB-186,1,FileTool,write_csv,artifact_written_exists,True,FileTool,write_csv,True,,E0,True
VBrun_scale_microbench_300_2026-02-11T064352Z_seed20260211,AgentSelfCheck,VB-186,2,FileTool,read_csv,read_after_write_dependency,True,FileTool,read_csv,True,,E0,True
VBrun_scale_microbench_300_2026-02-11T064352Z_seed20260211,AgentSelfCheck,VB-186,3,QueryTool,search,query_hits_reproducible,True,QueryTool,search,True,,E0,True
VBrun_scale_microbench_300_2026-02-11T064352Z_seed20260211,AgentSelfCheck,VB-186,4,CalcTool,sum,value_equals,True,CalcTool,sum,True,,E0,True
VBrun_scale_microbench_300_2026-02-11T064352Z_seed20260211,AgentSelfCheck,VB-186,5,CalcTool,sum,value_equals,True,CalcTool,sum,True,,E0,True
VBrun_scale_microbench_300_2026-02-11T064352Z_seed20260211,AgentSelfCheck,VB-187,1,FileTool,write_csv,artifact_written_exists,True,FileTool,write_csv,True,,E0,True
VBrun_scale_microbench_300_2026-02-11T064352Z_seed20260211,AgentSelfCheck,VB-187,2,FileTool,read_csv,read_after_write_dependency,True,FileTool,read_csv,True,,E0,True
VBrun_scale_microbench_300_2026-02-11T064352Z_seed20260211,AgentSelfCheck,VB-187,3,QueryTool,search,query_hits_reproducible,True,QueryTool,search,True,,E0,True
VBrun_scale_microbench_300_2026-02-11T064352Z_seed20260211,AgentSelfCheck,VB-187,4,CalcTool,sum,value_equals,True,CalcTool,sum,True,,E0,True
VBrun_scale_microbench_300_2026-02-11T064352Z_seed20260211,AgentSelfCheck,VB-187,5,CalcTool,sum,value_equals,True,CalcTool,sum,True,,E0,True
VBrun_scale_microbench_300_2026-02-11T064352Z_seed20260211,AgentSelfCheck,VB-187,6,QueryTool,search,query_hits_reproducible,True,QueryTool,search,True,,E0,True
VBrun_scale_microbench_300_2026-02-11T064352Z_seed20260211,AgentSelfCheck,VB-188,1,FileTool,write_csv,artifact_written_exists,True,FileTool,write_csv,True,,E0,True
VBrun_scale_microbench_300_2026-02-11T064352Z_seed20260211,AgentSelfCheck,VB-188,2,FileTool,read_csv,read_after_write_dependency,True,FileTool,read_csv,True,,E0,True
VBrun_scale_microbench_300_2026-02-11T064352Z_seed20260211,AgentSelfCheck,VB-188,3,QueryTool,search,query_hits_reproducible,True,QueryTool,search,True,,E0,True
VBrun_scale_microbench_300_2026-02-11T064352Z_seed20260211,AgentSelfCheck,VB-188,4,CalcTool,sum,value_equals,True,CalcTool,sum,True,,E0,True
VBrun_scale_microbench_300_2026-02-11T064352Z_seed20260211,AgentSelfCheck,VB-188,5,CalcTool,sum,value_equals,True,CalcTool,sum,True,,E0,True
VBrun_scale_microbench_300_2026-02-11T064352Z_seed20260211,AgentSelfCheck,VB-188,6,QueryTool,search,query_hits_reproducible,True,QueryTool,search,True,,E0,True
VBrun_scale_microbench_300_2026-02-11T064352Z_seed20260211,AgentSelfCheck,VB-188,7,CalcTool,sum,value_equals,True,CalcTool,sum,True,,E0,True
VBrun_scale_microbench_300_2026-02-11T064352Z_seed20260211,AgentSelfCheck,VB-189,1,FileTool,write_csv,artifact_written_exists,True,FileTool,write_csv,True,,E0,True
VBrun_scale_microbench_300_2026-02-11T064352Z_seed20260211,AgentSelfCheck,VB-189,2,FileTool,read_csv,read_after_write_dependency,True,FileTool,read_csv,True,,E0,True
VBrun_scale_microbench_300_2026-02-11T064352Z_seed20260211,AgentSelfCheck,VB-189,3,QueryTool,search,query_hits_reproducible,True,QueryTool,search,True,,E0,True
VBrun_scale_microbench_300_2026-02-11T064352Z_seed20260211,AgentSelfCheck,VB-189,4,CalcTool,sum,value_equals,True,CalcTool,sum,True,,E0,True
VBrun_scale_microbench_300_2026-02-11T064352Z_seed20260211,AgentSelfCheck,VB-189,5,CalcTool,sum,value_equals,True,CalcTool,sum,True,,E0,True
VBrun_scale_microbench_300_2026-02-11T064352Z_seed20260211,AgentSelfCheck,VB-189,6,QueryTool,search,query_hits_reproducible,True,QueryTool,search,True,,E0,True
VBrun_scale_microbench_300_2026-02-11T064352Z_seed20260211,AgentSelfCheck,VB-189,7,CalcTool,sum,value_equals,True,CalcTool,sum,True,,E0,True
VBrun_scale_microbench_300_2026-02-11T064352Z_seed20260211,AgentSelfCheck,VB-189,8,CalcTool,sum,value_equals,True,CalcTool,sum,True,,E0,True
VBrun_scale_microbench_300_2026-02-11T064352Z_seed20260211,AgentSelfCheck,VB-190,1,FileTool,write_csv,artifact_written_exists,True,FileTool,write_csv,True,,E0,True
VBrun_scale_microbench_300_2026-02-11T064352Z_seed20260211,AgentSelfCheck,VB-190,2,FileTool,read_csv,read_after_write_dependency,True,FileTool,read_csv,True,,E0,True
VBrun_scale_microbench_300_2026-02-11T064352Z_seed20260211,AgentSelfCheck,VB-191,1,FileTool,write_csv,artifact_written_exists,True,FileTool,write_csv,True,,E0,True
VBrun_scale_microbench_300_2026-02-11T064352Z_seed20260211,AgentSelfCheck,VB-191,2,FileTool,read_csv,read_after_write_dependency,True,FileTool,read_csv,True,,E0,True
VBrun_scale_microbench_300_2026-02-11T064352Z_seed20260211,AgentSelfCheck,VB-191,3,QueryTool,search,query_hits_reproducible,True,QueryTool,search,True,,E0,True
VBrun_scale_microbench_300_2026-02-11T064352Z_seed20260211,AgentSelfCheck,VB-192,1,FileTool,write_csv,artifact_written_exists,True,FileTool,write_csv,True,,E0,True
VBrun_scale_microbench_300_2026-02-11T064352Z_seed20260211,AgentSelfCheck,VB-192,2,FileTool,read_csv,read_after_write_dependency,True,FileTool,read_csv,True,,E0,True
VBrun_scale_microbench_300_2026-02-11T064352Z_seed20260211,AgentSelfCheck,VB-192,3,QueryTool,search,query_hits_reproducible,True,QueryTool,search,True,,E0,True
VBrun_scale_microbench_300_2026-02-11T064352Z_seed20260211,AgentSelfCheck,VB-192,4,CalcTool,sum,value_equals,True,CalcTool,sum,True,,E0,True
VBrun_scale_microbench_300_2026-02-11T064352Z_seed20260211,AgentSelfCheck,VB-193,1,FileTool,write_csv,artifact_written_exists,True,FileTool,write_csv,True,,E0,True
VBrun_scale_microbench_300_2026-02-11T064352Z_seed20260211,AgentSelfCheck,VB-193,2,FileTool,read_csv,read_after_write_dependency,True,FileTool,read_csv,True,,E0,True
VBrun_scale_microbench_300_2026-02-11T064352Z_seed20260211,AgentSelfCheck,VB-193,3,QueryTool,search,query_hits_reproducible,True,QueryTool,search,True,,E0,True
VBrun_scale_microbench_300_2026-02-11T064352Z_seed20260211,AgentSelfCheck,VB-193,4,CalcTool,sum,value_equals,True,CalcTool,sum,True,,E0,True
VBrun_scale_microbench_300_2026-02-11T064352Z_seed20260211,AgentSelfCheck,VB-193,5,CalcTool,sum,value_equals,True,CalcTool,sum,True,,E0,True
VBrun_scale_microbench_300_2026-02-11T064352Z_seed20260211,AgentSelfCheck,VB-194,1,FileTool,write_csv,artifact_written_exists,True,FileTool,write_csv,True,,E0,True
VBrun_scale_microbench_300_2026-02-11T064352Z_seed20260211,AgentSelfCheck,VB-194,2,FileTool,read_csv,read_after_write_dependency,True,FileTool,read_csv,True,,E0,True
VBrun_scale_microbench_300_2026-02-11T064352Z_seed20260211,AgentSelfCheck,VB-194,3,QueryTool,search,query_hits_reproducible,True,QueryTool,search,True,,E0,True
VBrun_scale_microbench_300_2026-02-11T064352Z_seed20260211,AgentSelfCheck,VB-194,4,CalcTool,sum,value_equals,True,CalcTool,sum,True,,E0,True
VBrun_scale_microbench_300_2026-02-11T064352Z_seed20260211,AgentSelfCheck,VB-194,5,CalcTool,sum,value_equals,True,CalcTool,sum,True,,E0,True
VBrun_scale_microbench_300_2026-02-11T064352Z_seed20260211,AgentSelfCheck,VB-194,6,QueryTool,search,query_hits_reproducible,True,QueryTool,search,True,,E0,True
VBrun_scale_microbench_300_2026-02-11T064352Z_seed20260211,AgentSelfCheck,VB-195,1,FileTool,write_csv,artifact_written_exists,True,FileTool,write_csv,True,,E0,True
VBrun_scale_microbench_300_2026-02-11T064352Z_seed20260211,AgentSelfCheck,VB-195,2,FileTool,read_csv,read_after_write_dependency,True,FileTool,read_csv,True,,E0,True
VBrun_scale_microbench_300_2026-02-11T064352Z_seed20260211,AgentSelfCheck,VB-195,3,QueryTool,search,query_hits_reproducible,True,QueryTool,search,True,,E0,True
VBrun_scale_microbench_300_2026-02-11T064352Z_seed20260211,AgentSelfCheck,VB-195,4,CalcTool,sum,value_equals,True,CalcTool,sum,True,,E0,True
VBrun_scale_microbench_300_2026-02-11T064352Z_seed20260211,AgentSelfCheck,VB-195,5,CalcTool,sum,value_equals,True,CalcTool,sum,True,,E0,True
VBrun_scale_microbench_300_2026-02-11T064352Z_seed20260211,AgentSelfCheck,VB-195,6,QueryTool,search,query_hits_reproducible,True,QueryTool,search,True,,E0,True
VBrun_scale_microbench_300_2026-02-11T064352Z_seed20260211,AgentSelfCheck,VB-195,7,CalcTool,sum,value_equals,True,CalcTool,sum,True,,E0,True
VBrun_scale_microbench_300_2026-02-11T064352Z_seed20260211,AgentSelfCheck,VB-196,1,FileTool,write_csv,artifact_written_exists,True,FileTool,write_csv,True,,E0,True
VBrun_scale_microbench_300_2026-02-11T064352Z_seed20260211,AgentSelfCheck,VB-196,2,FileTool,read_csv,read_after_write_dependency,True,FileTool,read_csv,True,,E0,True
VBrun_scale_microbench_300_2026-02-11T064352Z_seed20260211,AgentSelfCheck,VB-196,3,QueryTool,search,query_hits_reproducible,True,QueryTool,search,True,,E0,True
VBrun_scale_microbench_300_2026-02-11T064352Z_seed20260211,AgentSelfCheck,VB-196,4,CalcTool,sum,value_equals,True,CalcTool,sum,True,,E0,True
VBrun_scale_microbench_300_2026-02-11T064352Z_seed20260211,AgentSelfCheck,VB-196,5,CalcTool,sum,value_equals,True,CalcTool,sum,True,,E0,True
VBrun_scale_microbench_300_2026-02-11T064352Z_seed20260211,AgentSelfCheck,VB-196,6,QueryTool,search,query_hits_reproducible,True,QueryTool,search,True,,E0,True
VBrun_scale_microbench_300_2026-02-11T064352Z_seed20260211,AgentSelfCheck,VB-196,7,CalcTool,sum,value_equals,True,CalcTool,sum,True,,E0,True
VBrun_scale_microbench_300_2026-02-11T064352Z_seed20260211,AgentSelfCheck,VB-196,8,CalcTool,sum,value_equals,True,CalcTool,sum,True,,E0,True
VBrun_scale_microbench_300_2026-02-11T064352Z_seed20260211,AgentSelfCheck,VB-197,1,FileTool,write_csv,artifact_written_exists,True,FileTool,write_csv,True,,E0,True
VBrun_scale_microbench_300_2026-02-11T064352Z_seed20260211,AgentSelfCheck,VB-197,2,FileTool,read_csv,read_after_write_dependency,True,FileTool,read_csv,True,,E0,True
VBrun_scale_microbench_300_2026-02-11T064352Z_seed20260211,AgentSelfCheck,VB-198,1,FileTool,write_csv,artifact_written_exists,True,FileTool,write_csv,True,,E0,True
VBrun_scale_microbench_300_2026-02-11T064352Z_seed20260211,AgentSelfCheck,VB-198,2,FileTool,read_csv,read_after_write_dependency,True,FileTool,read_csv,True,,E0,True
VBrun_scale_microbench_300_2026-02-11T064352Z_seed20260211,AgentSelfCheck,VB-198,3,QueryTool,search,query_hits_reproducible,True,QueryTool,search,True,,E0,True
VBrun_scale_microbench_300_2026-02-11T064352Z_seed20260211,AgentSelfCheck,VB-199,1,FileTool,write_csv,artifact_written_exists,True,FileTool,write_csv,True,,E0,True
VBrun_scale_microbench_300_2026-02-11T064352Z_seed20260211,AgentSelfCheck,VB-199,2,FileTool,read_csv,read_after_write_dependency,True,FileTool,read_csv,True,,E0,True
VBrun_scale_microbench_300_2026-02-11T064352Z_seed20260211,AgentSelfCheck,VB-199,3,QueryTool,search,query_hits_reproducible,True,QueryTool,search,True,,E0,True
VBrun_scale_microbench_300_2026-02-11T064352Z_seed20260211,AgentSelfCheck,VB-199,4,CalcTool,sum,value_equals,True,CalcTool,sum,True,,E0,True
VBrun_scale_microbench_300_2026-02-11T064352Z_seed20260211,AgentSelfCheck,VB-200,1,FileTool,write_csv,artifact_written_exists,True,FileTool,write_csv,True,,E0,True
VBrun_scale_microbench_300_2026-02-11T064352Z_seed20260211,AgentSelfCheck,VB-200,2,FileTool,read_csv,read_after_write_dependency,True,FileTool,read_csv,True,,E0,True
VBrun_scale_microbench_300_2026-02-11T064352Z_seed20260211,AgentSelfCheck,VB-200,3,QueryTool,search,query_hits_reproducible,True,QueryTool,search,True,,E0,True
VBrun_scale_microbench_300_2026-02-11T064352Z_seed20260211,AgentSelfCheck,VB-200,4,CalcTool,sum,value_equals,True,CalcTool,sum,True,,E0,True
VBrun_scale_microbench_300_2026-02-11T064352Z_seed20260211,AgentSelfCheck,VB-200,5,CalcTool,sum,value_equals,True,CalcTool,sum,True,,E0,True
VBrun_scale_microbench_300_2026-02-11T064352Z_seed20260211,AgentSelfCheck,VB-201,1,FileTool,write_csv,artifact_written_exists,True,FileTool,write_csv,True,,E0,True
VBrun_scale_microbench_300_2026-02-11T064352Z_seed20260211,AgentSelfCheck,VB-201,2,FileTool,read_csv,read_after_write_dependency,True,FileTool,read_csv,True,,E0,True
VBrun_scale_microbench_300_2026-02-11T064352Z_seed20260211,AgentSelfCheck,VB-201,3,QueryTool,search,query_hits_reproducible,True,QueryTool,search,True,,E0,True
VBrun_scale_microbench_300_2026-02-11T064352Z_seed20260211,AgentSelfCheck,VB-201,4,CalcTool,sum,value_equals,True,CalcTool,sum,True,,E0,True
VBrun_scale_microbench_300_2026-02-11T064352Z_seed20260211,AgentSelfCheck,VB-201,5,CalcTool,sum,value_equals,True,CalcTool,sum,True,,E0,True
VBrun_scale_microbench_300_2026-02-11T064352Z_seed20260211,AgentSelfCheck,VB-201,6,QueryTool,search,query_hits_reproducible,True,QueryTool,search,True,,E0,True
VBrun_scale_microbench_300_2026-02-11T064352Z_seed20260211,AgentSelfCheck,VB-202,1,FileTool,write_csv,artifact_written_exists,True,FileTool,write_csv,True,,E0,True
VBrun_scale_microbench_300_2026-02-11T064352Z_seed20260211,AgentSelfCheck,VB-202,2,FileTool,read_csv,read_after_write_dependency,True,FileTool,read_csv,True,,E0,True
VBrun_scale_microbench_300_2026-02-11T064352Z_seed20260211,AgentSelfCheck,VB-202,3,QueryTool,search,query_hits_reproducible,True,QueryTool,search,True,,E0,True
VBrun_scale_microbench_300_2026-02-11T064352Z_seed20260211,AgentSelfCheck,VB-202,4,CalcTool,sum,value_equals,True,CalcTool,sum,True,,E0,True
VBrun_scale_microbench_300_2026-02-11T064352Z_seed20260211,AgentSelfCheck,VB-202,5,CalcTool,sum,value_equals,True,CalcTool,sum,True,,E0,True
VBrun_scale_microbench_300_2026-02-11T064352Z_seed20260211,AgentSelfCheck,VB-202,6,QueryTool,search,query_hits_reproducible,True,QueryTool,search,True,,E0,True
VBrun_scale_microbench_300_2026-02-11T064352Z_seed20260211,AgentSelfCheck,VB-202,7,CalcTool,sum,value_equals,True,CalcTool,sum,True,,E0,True
VBrun_scale_microbench_300_2026-02-11T064352Z_seed20260211,AgentSelfCheck,VB-203,1,FileTool,write_csv,artifact_written_exists,True,FileTool,write_csv,True,,E0,True
VBrun_scale_microbench_300_2026-02-11T064352Z_seed20260211,AgentSelfCheck,VB-203,2,FileTool,read_csv,read_after_write_dependency,True,FileTool,read_csv,True,,E0,True
VBrun_scale_microbench_300_2026-02-11T064352Z_seed20260211,AgentSelfCheck,VB-203,3,QueryTool,search,query_hits_reproducible,True,QueryTool,search,True,,E0,True
VBrun_scale_microbench_300_2026-02-11T064352Z_seed20260211,AgentSelfCheck,VB-203,4,CalcTool,sum,value_equals,True,CalcTool,sum,True,,E0,True
VBrun_scale_microbench_300_2026-02-11T064352Z_seed20260211,AgentSelfCheck,VB-203,5,CalcTool,sum,value_equals,True,CalcTool,sum,True,,E0,True
VBrun_scale_microbench_300_2026-02-11T064352Z_seed20260211,AgentSelfCheck,VB-203,6,QueryTool,search,query_hits_reproducible,True,QueryTool,search,True,,E0,True
VBrun_scale_microbench_300_2026-02-11T064352Z_seed20260211,AgentSelfCheck,VB-203,7,CalcTool,sum,value_equals,True,CalcTool,sum,True,,E0,True
VBrun_scale_microbench_300_2026-02-11T064352Z_seed20260211,AgentSelfCheck,VB-203,8,CalcTool,sum,value_equals,True,CalcTool,sum,True,,E0,True
VBrun_scale_microbench_300_2026-02-11T064352Z_seed20260211,AgentSelfCheck,VB-204,1,FileTool,write_csv,artifact_written_exists,True,FileTool,write_csv,True,,E0,True
VBrun_scale_microbench_300_2026-02-11T064352Z_seed20260211,AgentSelfCheck,VB-204,2,FileTool,read_csv,read_after_write_dependency,True,FileTool,read_csv,True,,E0,True
VBrun_scale_microbench_300_2026-02-11T064352Z_seed20260211,AgentSelfCheck,VB-205,1,FileTool,write_csv,artifact_written_exists,True,FileTool,write_csv,True,,E0,True
VBrun_scale_microbench_300_2026-02-11T064352Z_seed20260211,AgentSelfCheck,VB-205,2,FileTool,read_csv,read_after_write_dependency,True,FileTool,read_csv,True,,E0,True
VBrun_scale_microbench_300_2026-02-11T064352Z_seed20260211,AgentSelfCheck,VB-205,3,QueryTool,search,query_hits_reproducible,True,QueryTool,search,True,,E0,True
VBrun_scale_microbench_300_2026-02-11T064352Z_seed20260211,AgentSelfCheck,VB-206,1,FileTool,write_csv,artifact_written_exists,True,FileTool,write_csv,True,,E0,True
VBrun_scale_microbench_300_2026-02-11T064352Z_seed20260211,AgentSelfCheck,VB-206,2,FileTool,read_csv,read_after_write_dependency,True,FileTool,read_csv,True,,E0,True
VBrun_scale_microbench_300_2026-02-11T064352Z_seed20260211,AgentSelfCheck,VB-206,3,QueryTool,search,query_hits_reproducible,True,QueryTool,search,True,,E0,True
VBrun_scale_microbench_300_2026-02-11T064352Z_seed20260211,AgentSelfCheck,VB-206,4,CalcTool,sum,value_equals,True,CalcTool,sum,True,,E0,True
VBrun_scale_microbench_300_2026-02-11T064352Z_seed20260211,AgentSelfCheck,VB-207,1,FileTool,write_csv,artifact_written_exists,True,FileTool,write_csv,True,,E0,True
VBrun_scale_microbench_300_2026-02-11T064352Z_seed20260211,AgentSelfCheck,VB-207,2,FileTool,read_csv,read_after_write_dependency,True,FileTool,read_csv,True,,E0,True
VBrun_scale_microbench_300_2026-02-11T064352Z_seed20260211,AgentSelfCheck,VB-207,3,QueryTool,search,query_hits_reproducible,True,QueryTool,search,True,,E0,True
VBrun_scale_microbench_300_2026-02-11T064352Z_seed20260211,AgentSelfCheck,VB-207,4,CalcTool,sum,value_equals,True,CalcTool,sum,True,,E0,True
VBrun_scale_microbench_300_2026-02-11T064352Z_seed20260211,AgentSelfCheck,VB-207,5,CalcTool,sum,value_equals,True,CalcTool,sum,True,,E0,True
VBrun_scale_microbench_300_2026-02-11T064352Z_seed20260211,AgentSelfCheck,VB-208,1,FileTool,write_csv,artifact_written_exists,True,FileTool,write_csv,True,,E0,True
VBrun_scale_microbench_300_2026-02-11T064352Z_seed20260211,AgentSelfCheck,VB-208,2,FileTool,read_csv,read_after_write_dependency,True,FileTool,read_csv,True,,E0,True
VBrun_scale_microbench_300_2026-02-11T064352Z_seed20260211,AgentSelfCheck,VB-208,3,QueryTool,search,query_hits_reproducible,True,QueryTool,search,True,,E0,True
VBrun_scale_microbench_300_2026-02-11T064352Z_seed20260211,AgentSelfCheck,VB-208,4,CalcTool,sum,value_equals,True,CalcTool,sum,True,,E0,True
VBrun_scale_microbench_300_2026-02-11T064352Z_seed20260211,AgentSelfCheck,VB-208,5,CalcTool,sum,value_equals,True,CalcTool,sum,True,,E0,True
VBrun_scale_microbench_300_2026-02-11T064352Z_seed20260211,AgentSelfCheck,VB-208,6,QueryTool,search,query_hits_reproducible,True,QueryTool,search,True,,E0,True
VBrun_scale_microbench_300_2026-02-11T064352Z_seed20260211,AgentSelfCheck,VB-209,1,FileTool,write_csv,artifact_written_exists,True,FileTool,write_csv,True,,E0,True
VBrun_scale_microbench_300_2026-02-11T064352Z_seed20260211,AgentSelfCheck,VB-209,2,FileTool,read_csv,read_after_write_dependency,True,FileTool,read_csv,True,,E0,True
VBrun_scale_microbench_300_2026-02-11T064352Z_seed20260211,AgentSelfCheck,VB-209,3,QueryTool,search,query_hits_reproducible,True,QueryTool,search,True,,E0,True
VBrun_scale_microbench_300_2026-02-11T064352Z_seed20260211,AgentSelfCheck,VB-209,4,CalcTool,sum,value_equals,True,CalcTool,sum,True,,E0,True
VBrun_scale_microbench_300_2026-02-11T064352Z_seed20260211,AgentSelfCheck,VB-209,5,CalcTool,sum,value_equals,True,CalcTool,sum,True,,E0,True
VBrun_scale_microbench_300_2026-02-11T064352Z_seed20260211,AgentSelfCheck,VB-209,6,QueryTool,search,query_hits_reproducible,True,QueryTool,search,True,,E0,True
VBrun_scale_microbench_300_2026-02-11T064352Z_seed20260211,AgentSelfCheck,VB-209,7,CalcTool,sum,value_equals,True,CalcTool,sum,True,,E0,True
VBrun_scale_microbench_300_2026-02-11T064352Z_seed20260211,AgentSelfCheck,VB-210,1,FileTool,write_csv,artifact_written_exists,True,FileTool,write_csv,True,,E0,True
VBrun_scale_microbench_300_2026-02-11T064352Z_seed20260211,AgentSelfCheck,VB-210,2,FileTool,read_csv,read_after_write_dependency,True,FileTool,read_csv,True,,E0,True
VBrun_scale_microbench_300_2026-02-11T064352Z_seed20260211,AgentSelfCheck,VB-210,3,QueryTool,search,query_hits_reproducible,True,QueryTool,search,True,,E0,True
VBrun_scale_microbench_300_2026-02-11T064352Z_seed20260211,AgentSelfCheck,VB-210,4,CalcTool,sum,value_equals,True,CalcTool,sum,True,,E0,True
VBrun_scale_microbench_300_2026-02-11T064352Z_seed20260211,AgentSelfCheck,VB-210,5,CalcTool,sum,value_equals,True,CalcTool,sum,True,,E0,True
VBrun_scale_microbench_300_2026-02-11T064352Z_seed20260211,AgentSelfCheck,VB-210,6,QueryTool,search,query_hits_reproducible,True,QueryTool,search,True,,E0,True
VBrun_scale_microbench_300_2026-02-11T064352Z_seed20260211,AgentSelfCheck,VB-210,7,CalcTool,sum,value_equals,True,CalcTool,sum,True,,E0,True
VBrun_scale_microbench_300_2026-02-11T064352Z_seed20260211,AgentSelfCheck,VB-210,8,CalcTool,sum,value_equals,True,CalcTool,sum,True,,E0,True
VBrun_scale_microbench_300_2026-02-11T064352Z_seed20260211,AgentSelfCheck,VB-211,1,FileTool,write_csv,artifact_written_exists,True,FileTool,write_csv,True,,E0,True
VBrun_scale_microbench_300_2026-02-11T064352Z_seed20260211,AgentSelfCheck,VB-211,2,FileTool,read_csv,read_after_write_dependency,True,FileTool,read_csv,True,,E0,True
VBrun_scale_microbench_300_2026-02-11T064352Z_seed20260211,AgentSelfCheck,VB-212,1,FileTool,write_csv,artifact_written_exists,True,FileTool,write_csv,True,,E0,True
VBrun_scale_microbench_300_2026-02-11T064352Z_seed20260211,AgentSelfCheck,VB-212,2,FileTool,read_csv,read_after_write_dependency,True,FileTool,read_csv,True,,E0,True
VBrun_scale_microbench_300_2026-02-11T064352Z_seed20260211,AgentSelfCheck,VB-212,3,QueryTool,search,query_hits_reproducible,True,QueryTool,search,True,,E0,True
VBrun_scale_microbench_300_2026-02-11T064352Z_seed20260211,AgentSelfCheck,VB-213,1,FileTool,write_csv,artifact_written_exists,True,FileTool,write_csv,True,,E0,True
VBrun_scale_microbench_300_2026-02-11T064352Z_seed20260211,AgentSelfCheck,VB-213,2,FileTool,read_csv,read_after_write_dependency,True,FileTool,read_csv,True,,E0,True
VBrun_scale_microbench_300_2026-02-11T064352Z_seed20260211,AgentSelfCheck,VB-213,3,QueryTool,search,query_hits_reproducible,True,QueryTool,search,True,,E0,True
VBrun_scale_microbench_300_2026-02-11T064352Z_seed20260211,AgentSelfCheck,VB-213,4,CalcTool,sum,value_equals,True,CalcTool,sum,True,,E0,True
VBrun_scale_microbench_300_2026-02-11T064352Z_seed20260211,AgentSelfCheck,VB-214,1,FileTool,write_csv,artifact_written_exists,True,FileTool,write_csv,True,,E0,True
VBrun_scale_microbench_300_2026-02-11T064352Z_seed20260211,AgentSelfCheck,VB-214,2,FileTool,read_csv,read_after_write_dependency,True,FileTool,read_csv,True,,E0,True
VBrun_scale_microbench_300_2026-02-11T064352Z_seed20260211,AgentSelfCheck,VB-214,3,QueryTool,search,query_hits_reproducible,True,QueryTool,search,True,,E0,True
VBrun_scale_microbench_300_2026-02-11T064352Z_seed20260211,AgentSelfCheck,VB-214,4,CalcTool,sum,value_equals,True,CalcTool,sum,True,,E0,True
VBrun_scale_microbench_300_2026-02-11T064352Z_seed20260211,AgentSelfCheck,VB-214,5,CalcTool,sum,value_equals,True,CalcTool,sum,True,,E0,True
VBrun_scale_microbench_300_2026-02-11T064352Z_seed20260211,AgentSelfCheck,VB-215,1,FileTool,write_csv,artifact_written_exists,True,FileTool,write_csv,True,,E0,True
VBrun_scale_microbench_300_2026-02-11T064352Z_seed20260211,AgentSelfCheck,VB-215,2,FileTool,read_csv,read_after_write_dependency,True,FileTool,read_csv,True,,E0,True
VBrun_scale_microbench_300_2026-02-11T064352Z_seed20260211,AgentSelfCheck,VB-215,3,QueryTool,search,query_hits_reproducible,True,QueryTool,search,True,,E0,True
VBrun_scale_microbench_300_2026-02-11T064352Z_seed20260211,AgentSelfCheck,VB-215,4,CalcTool,sum,value_equals,True,CalcTool,sum,True,,E0,True
VBrun_scale_microbench_300_2026-02-11T064352Z_seed20260211,AgentSelfCheck,VB-215,5,CalcTool,sum,value_equals,True,CalcTool,sum,True,,E0,True
VBrun_scale_microbench_300_2026-02-11T064352Z_seed20260211,AgentSelfCheck,VB-215,6,QueryTool,search,query_hits_reproducible,True,QueryTool,search,True,,E0,True
VBrun_scale_microbench_300_2026-02-11T064352Z_seed20260211,AgentSelfCheck,VB-216,1,FileTool,write_csv,artifact_written_exists,True,FileTool,write_csv,True,,E0,True
VBrun_scale_microbench_300_2026-02-11T064352Z_seed20260211,AgentSelfCheck,VB-216,2,FileTool,read_csv,read_after_write_dependency,True,FileTool,read_csv,True,,E0,True
VBrun_scale_microbench_300_2026-02-11T064352Z_seed20260211,AgentSelfCheck,VB-216,3,QueryTool,search,query_hits_reproducible,True,QueryTool,search,True,,E0,True
VBrun_scale_microbench_300_2026-02-11T064352Z_seed20260211,AgentSelfCheck,VB-216,4,CalcTool,sum,value_equals,True,CalcTool,sum,True,,E0,True
VBrun_scale_microbench_300_2026-02-11T064352Z_seed20260211,AgentSelfCheck,VB-216,5,CalcTool,sum,value_equals,True,CalcTool,sum,True,,E0,True
VBrun_scale_microbench_300_2026-02-11T064352Z_seed20260211,AgentSelfCheck,VB-216,6,QueryTool,search,query_hits_reproducible,True,QueryTool,search,True,,E0,True
VBrun_scale_microbench_300_2026-02-11T064352Z_seed20260211,AgentSelfCheck,VB-216,7,CalcTool,sum,value_equals,True,CalcTool,sum,True,,E0,True
VBrun_scale_microbench_300_2026-02-11T064352Z_seed20260211,AgentSelfCheck,VB-217,1,FileTool,write_csv,artifact_written_exists,True,FileTool,write_csv,True,,E0,True
VBrun_scale_microbench_300_2026-02-11T064352Z_seed20260211,AgentSelfCheck,VB-217,2,FileTool,read_csv,read_after_write_dependency,True,FileTool,read_csv,True,,E0,True
VBrun_scale_microbench_300_2026-02-11T064352Z_seed20260211,AgentSelfCheck,VB-217,3,QueryTool,search,query_hits_reproducible,True,QueryTool,search,True,,E0,True
VBrun_scale_microbench_300_2026-02-11T064352Z_seed20260211,AgentSelfCheck,VB-217,4,CalcTool,sum,value_equals,True,CalcTool,sum,True,,E0,True
VBrun_scale_microbench_300_2026-02-11T064352Z_seed20260211,AgentSelfCheck,VB-217,5,CalcTool,sum,value_equals,True,CalcTool,sum,True,,E0,True
VBrun_scale_microbench_300_2026-02-11T064352Z_seed20260211,AgentSelfCheck,VB-217,6,QueryTool,search,query_hits_reproducible,True,QueryTool,search,True,,E0,True
VBrun_scale_microbench_300_2026-02-11T064352Z_seed20260211,AgentSelfCheck,VB-217,7,CalcTool,sum,value_equals,True,CalcTool,sum,True,,E0,True
VBrun_scale_microbench_300_2026-02-11T064352Z_seed20260211,AgentSelfCheck,VB-217,8,CalcTool,sum,value_equals,True,CalcTool,sum,True,,E0,True
VBrun_scale_microbench_300_2026-02-11T064352Z_seed20260211,AgentSelfCheck,VB-218,1,FileTool,write_csv,artifact_written_exists,True,FileTool,write_csv,True,,E0,True
VBrun_scale_microbench_300_2026-02-11T064352Z_seed20260211,AgentSelfCheck,VB-218,2,FileTool,read_csv,read_after_write_dependency,True,FileTool,read_csv,True,,E0,True
VBrun_scale_microbench_300_2026-02-11T064352Z_seed20260211,AgentSelfCheck,VB-219,1,FileTool,write_csv,artifact_written_exists,True,FileTool,write_csv,True,,E0,True
VBrun_scale_microbench_300_2026-02-11T064352Z_seed20260211,AgentSelfCheck,VB-219,2,FileTool,read_csv,read_after_write_dependency,True,FileTool,read_csv,True,,E0,True
VBrun_scale_microbench_300_2026-02-11T064352Z_seed20260211,AgentSelfCheck,VB-219,3,QueryTool,search,query_hits_reproducible,True,QueryTool,search,True,,E0,True
VBrun_scale_microbench_300_2026-02-11T064352Z_seed20260211,AgentSelfCheck,VB-220,1,FileTool,write_csv,artifact_written_exists,True,FileTool,write_csv,True,,E0,True
VBrun_scale_microbench_300_2026-02-11T064352Z_seed20260211,AgentSelfCheck,VB-220,2,FileTool,read_csv,read_after_write_dependency,True,FileTool,read_csv,True,,E0,True
VBrun_scale_microbench_300_2026-02-11T064352Z_seed20260211,AgentSelfCheck,VB-220,3,QueryTool,search,query_hits_reproducible,True,QueryTool,search,True,,E0,True
VBrun_scale_microbench_300_2026-02-11T064352Z_seed20260211,AgentSelfCheck,VB-220,4,CalcTool,sum,value_equals,True,CalcTool,sum,True,,E0,True
VBrun_scale_microbench_300_2026-02-11T064352Z_seed20260211,AgentSelfCheck,VB-221,1,FileTool,write_csv,artifact_written_exists,True,FileTool,write_csv,True,,E0,True
VBrun_scale_microbench_300_2026-02-11T064352Z_seed20260211,AgentSelfCheck,VB-221,2,FileTool,read_csv,read_after_write_dependency,True,FileTool,read_csv,True,,E0,True
VBrun_scale_microbench_300_2026-02-11T064352Z_seed20260211,AgentSelfCheck,VB-221,3,QueryTool,search,query_hits_reproducible,True,QueryTool,search,True,,E0,True
VBrun_scale_microbench_300_2026-02-11T064352Z_seed20260211,AgentSelfCheck,VB-221,4,CalcTool,sum,value_equals,True,CalcTool,sum,True,,E0,True
VBrun_scale_microbench_300_2026-02-11T064352Z_seed20260211,AgentSelfCheck,VB-221,5,CalcTool,sum,value_equals,True,CalcTool,sum,True,,E0,True
VBrun_scale_microbench_300_2026-02-11T064352Z_seed20260211,AgentSelfCheck,VB-222,1,FileTool,write_csv,artifact_written_exists,True,FileTool,write_csv,True,,E0,True
VBrun_scale_microbench_300_2026-02-11T064352Z_seed20260211,AgentSelfCheck,VB-222,2,FileTool,read_csv,read_after_write_dependency,True,FileTool,read_csv,True,,E0,True
VBrun_scale_microbench_300_2026-02-11T064352Z_seed20260211,AgentSelfCheck,VB-222,3,QueryTool,search,query_hits_reproducible,True,QueryTool,search,True,,E0,True
VBrun_scale_microbench_300_2026-02-11T064352Z_seed20260211,AgentSelfCheck,VB-222,4,CalcTool,sum,value_equals,True,CalcTool,sum,True,,E0,True
VBrun_scale_microbench_300_2026-02-11T064352Z_seed20260211,AgentSelfCheck,VB-222,5,CalcTool,sum,value_equals,True,CalcTool,sum,True,,E0,True
VBrun_scale_microbench_300_2026-02-11T064352Z_seed20260211,AgentSelfCheck,VB-222,6,QueryTool,search,query_hits_reproducible,True,QueryTool,search,True,,E0,True
VBrun_scale_microbench_300_2026-02-11T064352Z_seed20260211,AgentSelfCheck,VB-223,1,FileTool,write_csv,artifact_written_exists,True,FileTool,write_csv,True,,E0,True
VBrun_scale_microbench_300_2026-02-11T064352Z_seed20260211,AgentSelfCheck,VB-223,2,FileTool,read_csv,read_after_write_dependency,True,FileTool,read_csv,True,,E0,True
VBrun_scale_microbench_300_2026-02-11T064352Z_seed20260211,AgentSelfCheck,VB-223,3,QueryTool,search,query_hits_reproducible,True,QueryTool,search,True,,E0,True
VBrun_scale_microbench_300_2026-02-11T064352Z_seed20260211,AgentSelfCheck,VB-223,4,CalcTool,sum,value_equals,True,CalcTool,sum,True,,E0,True
VBrun_scale_microbench_300_2026-02-11T064352Z_seed20260211,AgentSelfCheck,VB-223,5,CalcTool,sum,value_equals,True,CalcTool,sum,True,,E0,True
VBrun_scale_microbench_300_2026-02-11T064352Z_seed20260211,AgentSelfCheck,VB-223,6,QueryTool,search,query_hits_reproducible,True,QueryTool,search,True,,E0,True
VBrun_scale_microbench_300_2026-02-11T064352Z_seed20260211,AgentSelfCheck,VB-223,7,CalcTool,sum,value_equals,True,CalcTool,sum,True,,E0,True
VBrun_scale_microbench_300_2026-02-11T064352Z_seed20260211,AgentSelfCheck,VB-224,1,FileTool,write_csv,artifact_written_exists,True,FileTool,write_csv,True,,E0,True
VBrun_scale_microbench_300_2026-02-11T064352Z_seed20260211,AgentSelfCheck,VB-224,2,FileTool,read_csv,read_after_write_dependency,True,FileTool,read_csv,True,,E0,True
VBrun_scale_microbench_300_2026-02-11T064352Z_seed20260211,AgentSelfCheck,VB-224,3,QueryTool,search,query_hits_reproducible,True,QueryTool,search,True,,E0,True
VBrun_scale_microbench_300_2026-02-11T064352Z_seed20260211,AgentSelfCheck,VB-224,4,CalcTool,sum,value_equals,True,CalcTool,sum,True,,E0,True
VBrun_scale_microbench_300_2026-02-11T064352Z_seed20260211,AgentSelfCheck,VB-224,5,CalcTool,sum,value_equals,True,CalcTool,sum,True,,E0,True
VBrun_scale_microbench_300_2026-02-11T064352Z_seed20260211,AgentSelfCheck,VB-224,6,QueryTool,search,query_hits_reproducible,True,QueryTool,search,True,,E0,True
VBrun_scale_microbench_300_2026-02-11T064352Z_seed20260211,AgentSelfCheck,VB-224,7,CalcTool,sum,value_equals,True,CalcTool,sum,True,,E0,True
VBrun_scale_microbench_300_2026-02-11T064352Z_seed20260211,AgentSelfCheck,VB-224,8,CalcTool,sum,value_equals,True,CalcTool,sum,True,,E0,True
VBrun_scale_microbench_300_2026-02-11T064352Z_seed20260211,AgentSelfCheck,VB-225,1,FileTool,write_csv,artifact_written_exists,True,FileTool,write_csv,True,,E0,True
VBrun_scale_microbench_300_2026-02-11T064352Z_seed20260211,AgentSelfCheck,VB-225,2,FileTool,read_csv,read_after_write_dependency,True,FileTool,read_csv,True,,E0,True
VBrun_scale_microbench_300_2026-02-11T064352Z_seed20260211,AgentSelfCheck,VB-226,1,FileTool,write_csv,artifact_written_exists,True,FileTool,write_csv,True,,E0,True
VBrun_scale_microbench_300_2026-02-11T064352Z_seed20260211,AgentSelfCheck,VB-226,2,FileTool,read_csv,read_after_write_dependency,True,FileTool,read_csv,True,,E0,True
VBrun_scale_microbench_300_2026-02-11T064352Z_seed20260211,AgentSelfCheck,VB-226,3,QueryTool,search,query_hits_reproducible,True,QueryTool,search,True,,E0,True
VBrun_scale_microbench_300_2026-02-11T064352Z_seed20260211,AgentSelfCheck,VB-227,1,FileTool,write_csv,artifact_written_exists,True,FileTool,write_csv,True,,E0,True
VBrun_scale_microbench_300_2026-02-11T064352Z_seed20260211,AgentSelfCheck,VB-227,2,FileTool,read_csv,read_after_write_dependency,True,FileTool,read_csv,True,,E0,True
VBrun_scale_microbench_300_2026-02-11T064352Z_seed20260211,AgentSelfCheck,VB-227,3,QueryTool,search,query_hits_reproducible,True,QueryTool,search,True,,E0,True
VBrun_scale_microbench_300_2026-02-11T064352Z_seed20260211,AgentSelfCheck,VB-227,4,CalcTool,sum,value_equals,True,CalcTool,sum,True,,E0,True
VBrun_scale_microbench_300_2026-02-11T064352Z_seed20260211,AgentSelfCheck,VB-228,1,FileTool,write_csv,artifact_written_exists,True,FileTool,write_csv,True,,E0,True
VBrun_scale_microbench_300_2026-02-11T064352Z_seed20260211,AgentSelfCheck,VB-228,2,FileTool,read_csv,read_after_write_dependency,True,FileTool,read_csv,True,,E0,True
VBrun_scale_microbench_300_2026-02-11T064352Z_seed20260211,AgentSelfCheck,VB-228,3,QueryTool,search,query_hits_reproducible,True,QueryTool,search,True,,E0,True
VBrun_scale_microbench_300_2026-02-11T064352Z_seed20260211,AgentSelfCheck,VB-228,4,CalcTool,sum,value_equals,True,CalcTool,sum,True,,E0,True
VBrun_scale_microbench_300_2026-02-11T064352Z_seed20260211,AgentSelfCheck,VB-228,5,CalcTool,sum,value_equals,True,CalcTool,sum,True,,E0,True
VBrun_scale_microbench_300_2026-02-11T064352Z_seed20260211,AgentSelfCheck,VB-229,1,FileTool,write_csv,artifact_written_exists,True,FileTool,write_csv,True,,E0,True
VBrun_scale_microbench_300_2026-02-11T064352Z_seed20260211,AgentSelfCheck,VB-229,2,FileTool,read_csv,read_after_write_dependency,True,FileTool,read_csv,True,,E0,True
VBrun_scale_microbench_300_2026-02-11T064352Z_seed20260211,AgentSelfCheck,VB-229,3,QueryTool,search,query_hits_reproducible,True,QueryTool,search,True,,E0,True
VBrun_scale_microbench_300_2026-02-11T064352Z_seed20260211,AgentSelfCheck,VB-229,4,CalcTool,sum,value_equals,True,CalcTool,sum,True,,E0,True
VBrun_scale_microbench_300_2026-02-11T064352Z_seed20260211,AgentSelfCheck,VB-229,5,CalcTool,sum,value_equals,True,CalcTool,sum,True,,E0,True
VBrun_scale_microbench_300_2026-02-11T064352Z_seed20260211,AgentSelfCheck,VB-229,6,QueryTool,search,query_hits_reproducible,True,QueryTool,search,True,,E0,True
VBrun_scale_microbench_300_2026-02-11T064352Z_seed20260211,AgentSelfCheck,VB-230,1,FileTool,write_csv,artifact_written_exists,True,FileTool,write_csv,True,,E0,True
VBrun_scale_microbench_300_2026-02-11T064352Z_seed20260211,AgentSelfCheck,VB-230,2,FileTool,read_csv,read_after_write_dependency,True,FileTool,read_csv,True,,E0,True
VBrun_scale_microbench_300_2026-02-11T064352Z_seed20260211,AgentSelfCheck,VB-230,3,QueryTool,search,query_hits_reproducible,True,QueryTool,search,True,,E0,True
VBrun_scale_microbench_300_2026-02-11T064352Z_seed20260211,AgentSelfCheck,VB-230,4,CalcTool,sum,value_equals,True,CalcTool,sum,True,,E0,True
VBrun_scale_microbench_300_2026-02-11T064352Z_seed20260211,AgentSelfCheck,VB-230,5,CalcTool,sum,value_equals,True,CalcTool,sum,True,,E0,True
VBrun_scale_microbench_300_2026-02-11T064352Z_seed20260211,AgentSelfCheck,VB-230,6,QueryTool,search,query_hits_reproducible,True,QueryTool,search,True,,E0,True
VBrun_scale_microbench_300_2026-02-11T064352Z_seed20260211,AgentSelfCheck,VB-230,7,CalcTool,sum,value_equals,True,CalcTool,sum,True,,E0,True
VBrun_scale_microbench_300_2026-02-11T064352Z_seed20260211,AgentSelfCheck,VB-231,1,FileTool,write_csv,artifact_written_exists,True,FileTool,write_csv,True,,E0,True
VBrun_scale_microbench_300_2026-02-11T064352Z_seed20260211,AgentSelfCheck,VB-231,2,FileTool,read_csv,read_after_write_dependency,True,FileTool,read_csv,True,,E0,True
VBrun_scale_microbench_300_2026-02-11T064352Z_seed20260211,AgentSelfCheck,VB-231,3,QueryTool,search,query_hits_reproducible,True,QueryTool,search,True,,E0,True
VBrun_scale_microbench_300_2026-02-11T064352Z_seed20260211,AgentSelfCheck,VB-231,4,CalcTool,sum,value_equals,True,CalcTool,sum,True,,E0,True
VBrun_scale_microbench_300_2026-02-11T064352Z_seed20260211,AgentSelfCheck,VB-231,5,CalcTool,sum,value_equals,True,CalcTool,sum,True,,E0,True
VBrun_scale_microbench_300_2026-02-11T064352Z_seed20260211,AgentSelfCheck,VB-231,6,QueryTool,search,query_hits_reproducible,True,QueryTool,search,True,,E0,True
VBrun_scale_microbench_300_2026-02-11T064352Z_seed20260211,AgentSelfCheck,VB-231,7,CalcTool,sum,value_equals,True,CalcTool,sum,True,,E0,True
VBrun_scale_microbench_300_2026-02-11T064352Z_seed20260211,AgentSelfCheck,VB-231,8,CalcTool,sum,value_equals,True,CalcTool,sum,True,,E0,True
VBrun_scale_microbench_300_2026-02-11T064352Z_seed20260211,AgentSelfCheck,VB-232,1,FileTool,write_csv,artifact_written_exists,True,FileTool,write_csv,True,,E0,True
VBrun_scale_microbench_300_2026-02-11T064352Z_seed20260211,AgentSelfCheck,VB-232,2,FileTool,read_csv,read_after_write_dependency,True,FileTool,read_csv,True,,E0,True
VBrun_scale_microbench_300_2026-02-11T064352Z_seed20260211,AgentSelfCheck,VB-233,1,FileTool,write_csv,artifact_written_exists,True,FileTool,write_csv,True,,E0,True
VBrun_scale_microbench_300_2026-02-11T064352Z_seed20260211,AgentSelfCheck,VB-233,2,FileTool,read_csv,read_after_write_dependency,True,FileTool,read_csv,True,,E0,True
VBrun_scale_microbench_300_2026-02-11T064352Z_seed20260211,AgentSelfCheck,VB-233,3,QueryTool,search,query_hits_reproducible,True,QueryTool,search,True,,E0,True
VBrun_scale_microbench_300_2026-02-11T064352Z_seed20260211,AgentSelfCheck,VB-234,1,FileTool,write_csv,artifact_written_exists,True,FileTool,write_csv,True,,E0,True
VBrun_scale_microbench_300_2026-02-11T064352Z_seed20260211,AgentSelfCheck,VB-234,2,FileTool,read_csv,read_after_write_dependency,True,FileTool,read_csv,True,,E0,True
VBrun_scale_microbench_300_2026-02-11T064352Z_seed20260211,AgentSelfCheck,VB-234,3,QueryTool,search,query_hits_reproducible,True,QueryTool,search,True,,E0,True
VBrun_scale_microbench_300_2026-02-11T064352Z_seed20260211,AgentSelfCheck,VB-234,4,CalcTool,sum,value_equals,True,CalcTool,sum,True,,E0,True
VBrun_scale_microbench_300_2026-02-11T064352Z_seed20260211,AgentSelfCheck,VB-235,1,FileTool,write_csv,artifact_written_exists,True,FileTool,write_csv,True,,E0,True
VBrun_scale_microbench_300_2026-02-11T064352Z_seed20260211,AgentSelfCheck,VB-235,2,FileTool,read_csv,read_after_write_dependency,True,FileTool,read_csv,True,,E0,True
VBrun_scale_microbench_300_2026-02-11T064352Z_seed20260211,AgentSelfCheck,VB-235,3,QueryTool,search,query_hits_reproducible,True,QueryTool,search,True,,E0,True
VBrun_scale_microbench_300_2026-02-11T064352Z_seed20260211,AgentSelfCheck,VB-235,4,CalcTool,sum,value_equals,True,CalcTool,sum,True,,E0,True
VBrun_scale_microbench_300_2026-02-11T064352Z_seed20260211,AgentSelfCheck,VB-235,5,CalcTool,sum,value_equals,True,CalcTool,sum,True,,E0,True
VBrun_scale_microbench_300_2026-02-11T064352Z_seed20260211,AgentSelfCheck,VB-236,1,FileTool,write_csv,artifact_written_exists,True,FileTool,write_csv,True,,E0,True
VBrun_scale_microbench_300_2026-02-11T064352Z_seed20260211,AgentSelfCheck,VB-236,2,FileTool,read_csv,read_after_write_dependency,True,FileTool,read_csv,True,,E0,True
VBrun_scale_microbench_300_2026-02-11T064352Z_seed20260211,AgentSelfCheck,VB-236,3,QueryTool,search,query_hits_reproducible,True,QueryTool,search,True,,E0,True
VBrun_scale_microbench_300_2026-02-11T064352Z_seed20260211,AgentSelfCheck,VB-236,4,CalcTool,sum,value_equals,True,CalcTool,sum,True,,E0,True
VBrun_scale_microbench_300_2026-02-11T064352Z_seed20260211,AgentSelfCheck,VB-236,5,CalcTool,sum,value_equals,True,CalcTool,sum,True,,E0,True
VBrun_scale_microbench_300_2026-02-11T064352Z_seed20260211,AgentSelfCheck,VB-236,6,QueryTool,search,query_hits_reproducible,True,QueryTool,search,True,,E0,True
VBrun_scale_microbench_300_2026-02-11T064352Z_seed20260211,AgentSelfCheck,VB-237,1,FileTool,write_csv,artifact_written_exists,True,FileTool,write_csv,True,,E0,True
VBrun_scale_microbench_300_2026-02-11T064352Z_seed20260211,AgentSelfCheck,VB-237,2,FileTool,read_csv,read_after_write_dependency,True,FileTool,read_csv,True,,E0,True
VBrun_scale_microbench_300_2026-02-11T064352Z_seed20260211,AgentSelfCheck,VB-237,3,QueryTool,search,query_hits_reproducible,True,QueryTool,search,True,,E0,True
VBrun_scale_microbench_300_2026-02-11T064352Z_seed20260211,AgentSelfCheck,VB-237,4,CalcTool,sum,value_equals,True,CalcTool,sum,True,,E0,True
VBrun_scale_microbench_300_2026-02-11T064352Z_seed20260211,AgentSelfCheck,VB-237,5,CalcTool,sum,value_equals,True,CalcTool,sum,True,,E0,True
VBrun_scale_microbench_300_2026-02-11T064352Z_seed20260211,AgentSelfCheck,VB-237,6,QueryTool,search,query_hits_reproducible,True,QueryTool,search,True,,E0,True
VBrun_scale_microbench_300_2026-02-11T064352Z_seed20260211,AgentSelfCheck,VB-237,7,CalcTool,sum,value_equals,True,CalcTool,sum,True,,E0,True
VBrun_scale_microbench_300_2026-02-11T064352Z_seed20260211,AgentSelfCheck,VB-238,1,FileTool,write_csv,artifact_written_exists,True,FileTool,write_csv,True,,E0,True
VBrun_scale_microbench_300_2026-02-11T064352Z_seed20260211,AgentSelfCheck,VB-238,2,FileTool,read_csv,read_after_write_dependency,True,FileTool,read_csv,True,,E0,True
VBrun_scale_microbench_300_2026-02-11T064352Z_seed20260211,AgentSelfCheck,VB-238,3,QueryTool,search,query_hits_reproducible,True,QueryTool,search,True,,E0,True
VBrun_scale_microbench_300_2026-02-11T064352Z_seed20260211,AgentSelfCheck,VB-238,4,CalcTool,sum,value_equals,True,CalcTool,sum,True,,E0,True
VBrun_scale_microbench_300_2026-02-11T064352Z_seed20260211,AgentSelfCheck,VB-238,5,CalcTool,sum,value_equals,True,CalcTool,sum,True,,E0,True
VBrun_scale_microbench_300_2026-02-11T064352Z_seed20260211,AgentSelfCheck,VB-238,6,QueryTool,search,query_hits_reproducible,True,QueryTool,search,True,,E0,True
VBrun_scale_microbench_300_2026-02-11T064352Z_seed20260211,AgentSelfCheck,VB-238,7,CalcTool,sum,value_equals,True,CalcTool,sum,True,,E0,True
VBrun_scale_microbench_300_2026-02-11T064352Z_seed20260211,AgentSelfCheck,VB-238,8,CalcTool,sum,value_equals,True,CalcTool,sum,True,,E0,True
VBrun_scale_microbench_300_2026-02-11T064352Z_seed20260211,AgentSelfCheck,VB-239,1,FileTool,write_csv,artifact_written_exists,True,FileTool,write_csv,True,,E0,True
VBrun_scale_microbench_300_2026-02-11T064352Z_seed20260211,AgentSelfCheck,VB-239,2,FileTool,read_csv,read_after_write_dependency,True,FileTool,read_csv,True,,E0,True
VBrun_scale_microbench_300_2026-02-11T064352Z_seed20260211,AgentSelfCheck,VB-240,1,FileTool,write_csv,artifact_written_exists,True,FileTool,write_csv,True,,E0,True
VBrun_scale_microbench_300_2026-02-11T064352Z_seed20260211,AgentSelfCheck,VB-240,2,FileTool,read_csv,read_after_write_dependency,True,FileTool,read_csv,True,,E0,True
VBrun_scale_microbench_300_2026-02-11T064352Z_seed20260211,AgentSelfCheck,VB-240,3,QueryTool,search,query_hits_reproducible,True,QueryTool,search,True,,E0,True
VBrun_scale_microbench_300_2026-02-11T064352Z_seed20260211,AgentSelfCheck,VB-241,1,FileTool,write_csv,artifact_written_exists,True,FileTool,write_csv,True,,E0,True
VBrun_scale_microbench_300_2026-02-11T064352Z_seed20260211,AgentSelfCheck,VB-241,2,FileTool,read_csv,read_after_write_dependency,True,FileTool,read_csv,True,,E0,True
VBrun_scale_microbench_300_2026-02-11T064352Z_seed20260211,AgentSelfCheck,VB-241,3,QueryTool,search,query_hits_reproducible,True,QueryTool,search,True,,E0,True
VBrun_scale_microbench_300_2026-02-11T064352Z_seed20260211,AgentSelfCheck,VB-241,4,CalcTool,sum,value_equals,True,CalcTool,sum,True,,E0,True
VBrun_scale_microbench_300_2026-02-11T064352Z_seed20260211,AgentSelfCheck,VB-242,1,FileTool,write_csv,artifact_written_exists,True,FileTool,write_csv,True,,E0,True
VBrun_scale_microbench_300_2026-02-11T064352Z_seed20260211,AgentSelfCheck,VB-242,2,FileTool,read_csv,read_after_write_dependency,True,FileTool,read_csv,True,,E0,True
VBrun_scale_microbench_300_2026-02-11T064352Z_seed20260211,AgentSelfCheck,VB-242,3,QueryTool,search,query_hits_reproducible,True,QueryTool,search,True,,E0,True
VBrun_scale_microbench_300_2026-02-11T064352Z_seed20260211,AgentSelfCheck,VB-242,4,CalcTool,sum,value_equals,True,CalcTool,sum,True,,E0,True
VBrun_scale_microbench_300_2026-02-11T064352Z_seed20260211,AgentSelfCheck,VB-242,5,CalcTool,sum,value_equals,True,CalcTool,sum,True,,E0,True
VBrun_scale_microbench_300_2026-02-11T064352Z_seed20260211,AgentSelfCheck,VB-243,1,FileTool,write_csv,artifact_written_exists,True,FileTool,write_csv,True,,E0,True
VBrun_scale_microbench_300_2026-02-11T064352Z_seed20260211,AgentSelfCheck,VB-243,2,FileTool,read_csv,read_after_write_dependency,True,FileTool,read_csv,True,,E0,True
VBrun_scale_microbench_300_2026-02-11T064352Z_seed20260211,AgentSelfCheck,VB-243,3,QueryTool,search,query_hits_reproducible,True,QueryTool,search,True,,E0,True
VBrun_scale_microbench_300_2026-02-11T064352Z_seed20260211,AgentSelfCheck,VB-243,4,CalcTool,sum,value_equals,True,CalcTool,sum,True,,E0,True
VBrun_scale_microbench_300_2026-02-11T064352Z_seed20260211,AgentSelfCheck,VB-243,5,CalcTool,sum,value_equals,True,CalcTool,sum,True,,E0,True
VBrun_scale_microbench_300_2026-02-11T064352Z_seed20260211,AgentSelfCheck,VB-243,6,QueryTool,search,query_hits_reproducible,True,QueryTool,search,True,,E0,True
VBrun_scale_microbench_300_2026-02-11T064352Z_seed20260211,AgentSelfCheck,VB-244,1,FileTool,write_csv,artifact_written_exists,True,FileTool,write_csv,True,,E0,True
VBrun_scale_microbench_300_2026-02-11T064352Z_seed20260211,AgentSelfCheck,VB-244,2,FileTool,read_csv,read_after_write_dependency,True,FileTool,read_csv,True,,E0,True
VBrun_scale_microbench_300_2026-02-11T064352Z_seed20260211,AgentSelfCheck,VB-244,3,QueryTool,search,query_hits_reproducible,True,QueryTool,search,True,,E0,True
VBrun_scale_microbench_300_2026-02-11T064352Z_seed20260211,AgentSelfCheck,VB-244,4,CalcTool,sum,value_equals,True,CalcTool,sum,True,,E0,True
VBrun_scale_microbench_300_2026-02-11T064352Z_seed20260211,AgentSelfCheck,VB-244,5,CalcTool,sum,value_equals,True,CalcTool,sum,True,,E0,True
VBrun_scale_microbench_300_2026-02-11T064352Z_seed20260211,AgentSelfCheck,VB-244,6,QueryTool,search,query_hits_reproducible,True,QueryTool,search,True,,E0,True
VBrun_scale_microbench_300_2026-02-11T064352Z_seed20260211,AgentSelfCheck,VB-244,7,CalcTool,sum,value_equals,True,CalcTool,sum,True,,E0,True
VBrun_scale_microbench_300_2026-02-11T064352Z_seed20260211,AgentSelfCheck,VB-245,1,FileTool,write_csv,artifact_written_exists,True,FileTool,write_csv,True,,E0,True
VBrun_scale_microbench_300_2026-02-11T064352Z_seed20260211,AgentSelfCheck,VB-245,2,FileTool,read_csv,read_after_write_dependency,True,FileTool,read_csv,True,,E0,True
VBrun_scale_microbench_300_2026-02-11T064352Z_seed20260211,AgentSelfCheck,VB-245,3,QueryTool,search,query_hits_reproducible,True,QueryTool,search,True,,E0,True
VBrun_scale_microbench_300_2026-02-11T064352Z_seed20260211,AgentSelfCheck,VB-245,4,CalcTool,sum,value_equals,True,CalcTool,sum,True,,E0,True
VBrun_scale_microbench_300_2026-02-11T064352Z_seed20260211,AgentSelfCheck,VB-245,5,CalcTool,sum,value_equals,True,CalcTool,sum,True,,E0,True
VBrun_scale_microbench_300_2026-02-11T064352Z_seed20260211,AgentSelfCheck,VB-245,6,QueryTool,search,query_hits_reproducible,True,QueryTool,search,True,,E0,True
VBrun_scale_microbench_300_2026-02-11T064352Z_seed20260211,AgentSelfCheck,VB-245,7,CalcTool,sum,value_equals,True,CalcTool,sum,True,,E0,True
VBrun_scale_microbench_300_2026-02-11T064352Z_seed20260211,AgentSelfCheck,VB-245,8,CalcTool,sum,value_equals,True,CalcTool,sum,True,,E0,True
VBrun_scale_microbench_300_2026-02-11T064352Z_seed20260211,AgentSelfCheck,VB-246,1,FileTool,write_csv,artifact_written_exists,True,FileTool,write_csv,True,,E0,True
VBrun_scale_microbench_300_2026-02-11T064352Z_seed20260211,AgentSelfCheck,VB-246,2,FileTool,read_csv,read_after_write_dependency,True,FileTool,read_csv,True,,E0,True
VBrun_scale_microbench_300_2026-02-11T064352Z_seed20260211,AgentSelfCheck,VB-247,1,FileTool,write_csv,artifact_written_exists,True,FileTool,write_csv,True,,E0,True
VBrun_scale_microbench_300_2026-02-11T064352Z_seed20260211,AgentSelfCheck,VB-247,2,FileTool,read_csv,read_after_write_dependency,True,FileTool,read_csv,True,,E0,True
VBrun_scale_microbench_300_2026-02-11T064352Z_seed20260211,AgentSelfCheck,VB-247,3,QueryTool,search,query_hits_reproducible,True,QueryTool,search,True,,E0,True
VBrun_scale_microbench_300_2026-02-11T064352Z_seed20260211,AgentSelfCheck,VB-248,1,FileTool,write_csv,artifact_written_exists,True,FileTool,write_csv,True,,E0,True
VBrun_scale_microbench_300_2026-02-11T064352Z_seed20260211,AgentSelfCheck,VB-248,2,FileTool,read_csv,read_after_write_dependency,True,FileTool,read_csv,True,,E0,True
VBrun_scale_microbench_300_2026-02-11T064352Z_seed20260211,AgentSelfCheck,VB-248,3,QueryTool,search,query_hits_reproducible,True,QueryTool,search,True,,E0,True
VBrun_scale_microbench_300_2026-02-11T064352Z_seed20260211,AgentSelfCheck,VB-248,4,CalcTool,sum,value_equals,True,CalcTool,sum,True,,E0,True
VBrun_scale_microbench_300_2026-02-11T064352Z_seed20260211,AgentSelfCheck,VB-249,1,FileTool,write_csv,artifact_written_exists,True,FileTool,write_csv,True,,E0,True
VBrun_scale_microbench_300_2026-02-11T064352Z_seed20260211,AgentSelfCheck,VB-249,2,FileTool,read_csv,read_after_write_dependency,True,FileTool,read_csv,True,,E0,True
VBrun_scale_microbench_300_2026-02-11T064352Z_seed20260211,AgentSelfCheck,VB-249,3,QueryTool,search,query_hits_reproducible,True,QueryTool,search,True,,E0,True
VBrun_scale_microbench_300_2026-02-11T064352Z_seed20260211,AgentSelfCheck,VB-249,4,CalcTool,sum,value_equals,True,CalcTool,sum,True,,E0,True
VBrun_scale_microbench_300_2026-02-11T064352Z_seed20260211,AgentSelfCheck,VB-249,5,CalcTool,sum,value_equals,True,CalcTool,sum,True,,E0,True
VBrun_scale_microbench_300_2026-02-11T064352Z_seed20260211,AgentSelfCheck,VB-250,1,FileTool,write_csv,artifact_written_exists,True,FileTool,write_csv,True,,E0,True
VBrun_scale_microbench_300_2026-02-11T064352Z_seed20260211,AgentSelfCheck,VB-250,2,FileTool,read_csv,read_after_write_dependency,True,FileTool,read_csv,True,,E0,True
VBrun_scale_microbench_300_2026-02-11T064352Z_seed20260211,AgentSelfCheck,VB-250,3,QueryTool,search,query_hits_reproducible,True,QueryTool,search,True,,E0,True
VBrun_scale_microbench_300_2026-02-11T064352Z_seed20260211,AgentSelfCheck,VB-250,4,CalcTool,sum,value_equals,True,CalcTool,sum,True,,E0,True
VBrun_scale_microbench_300_2026-02-11T064352Z_seed20260211,AgentSelfCheck,VB-250,5,CalcTool,sum,value_equals,True,CalcTool,sum,True,,E0,True
VBrun_scale_microbench_300_2026-02-11T064352Z_seed20260211,AgentSelfCheck,VB-250,6,QueryTool,search,query_hits_reproducible,True,QueryTool,search,True,,E0,True
VBrun_scale_microbench_300_2026-02-11T064352Z_seed20260211,AgentSelfCheck,VB-251,1,FileTool,write_csv,artifact_written_exists,True,FileTool,write_csv,True,,E0,True
VBrun_scale_microbench_300_2026-02-11T064352Z_seed20260211,AgentSelfCheck,VB-251,2,FileTool,read_csv,read_after_write_dependency,True,FileTool,read_csv,True,,E0,True
VBrun_scale_microbench_300_2026-02-11T064352Z_seed20260211,AgentSelfCheck,VB-251,3,QueryTool,search,query_hits_reproducible,True,QueryTool,search,True,,E0,True
VBrun_scale_microbench_300_2026-02-11T064352Z_seed20260211,AgentSelfCheck,VB-251,4,CalcTool,sum,value_equals,True,CalcTool,sum,True,,E0,True
VBrun_scale_microbench_300_2026-02-11T064352Z_seed20260211,AgentSelfCheck,VB-251,5,CalcTool,sum,value_equals,True,CalcTool,sum,True,,E0,True
VBrun_scale_microbench_300_2026-02-11T064352Z_seed20260211,AgentSelfCheck,VB-251,6,QueryTool,search,query_hits_reproducible,True,QueryTool,search,True,,E0,True
VBrun_scale_microbench_300_2026-02-11T064352Z_seed20260211,AgentSelfCheck,VB-251,7,CalcTool,sum,value_equals,True,CalcTool,sum,True,,E0,True
VBrun_scale_microbench_300_2026-02-11T064352Z_seed20260211,AgentSelfCheck,VB-252,1,FileTool,write_csv,artifact_written_exists,True,FileTool,write_csv,True,,E0,True
VBrun_scale_microbench_300_2026-02-11T064352Z_seed20260211,AgentSelfCheck,VB-252,2,FileTool,read_csv,read_after_write_dependency,True,FileTool,read_csv,True,,E0,True
VBrun_scale_microbench_300_2026-02-11T064352Z_seed20260211,AgentSelfCheck,VB-252,3,QueryTool,search,query_hits_reproducible,True,QueryTool,search,True,,E0,True
VBrun_scale_microbench_300_2026-02-11T064352Z_seed20260211,AgentSelfCheck,VB-252,4,CalcTool,sum,value_equals,True,CalcTool,sum,True,,E0,True
VBrun_scale_microbench_300_2026-02-11T064352Z_seed20260211,AgentSelfCheck,VB-252,5,CalcTool,sum,value_equals,True,CalcTool,sum,True,,E0,True
VBrun_scale_microbench_300_2026-02-11T064352Z_seed20260211,AgentSelfCheck,VB-252,6,QueryTool,search,query_hits_reproducible,True,QueryTool,search,True,,E0,True
VBrun_scale_microbench_300_2026-02-11T064352Z_seed20260211,AgentSelfCheck,VB-252,7,CalcTool,sum,value_equals,True,CalcTool,sum,True,,E0,True
VBrun_scale_microbench_300_2026-02-11T064352Z_seed20260211,AgentSelfCheck,VB-252,8,CalcTool,sum,value_equals,True,CalcTool,sum,True,,E0,True
VBrun_scale_microbench_300_2026-02-11T064352Z_seed20260211,AgentSelfCheck,VB-253,1,FileTool,write_csv,artifact_written_exists,True,FileTool,write_csv,True,,E0,True
VBrun_scale_microbench_300_2026-02-11T064352Z_seed20260211,AgentSelfCheck,VB-253,2,FileTool,read_csv,read_after_write_dependency,True,FileTool,read_csv,True,,E0,True
VBrun_scale_microbench_300_2026-02-11T064352Z_seed20260211,AgentSelfCheck,VB-254,1,FileTool,write_csv,artifact_written_exists,True,FileTool,write_csv,True,,E0,True
VBrun_scale_microbench_300_2026-02-11T064352Z_seed20260211,AgentSelfCheck,VB-254,2,FileTool,read_csv,read_after_write_dependency,True,FileTool,read_csv,True,,E0,True
VBrun_scale_microbench_300_2026-02-11T064352Z_seed20260211,AgentSelfCheck,VB-254,3,QueryTool,search,query_hits_reproducible,True,QueryTool,search,True,,E0,True
VBrun_scale_microbench_300_2026-02-11T064352Z_seed20260211,AgentSelfCheck,VB-255,1,FileTool,write_csv,artifact_written_exists,True,FileTool,write_csv,True,,E0,True
VBrun_scale_microbench_300_2026-02-11T064352Z_seed20260211,AgentSelfCheck,VB-255,2,FileTool,read_csv,read_after_write_dependency,True,FileTool,read_csv,True,,E0,True
VBrun_scale_microbench_300_2026-02-11T064352Z_seed20260211,AgentSelfCheck,VB-255,3,QueryTool,search,query_hits_reproducible,True,QueryTool,search,True,,E0,True
VBrun_scale_microbench_300_2026-02-11T064352Z_seed20260211,AgentSelfCheck,VB-255,4,CalcTool,sum,value_equals,True,CalcTool,sum,True,,E0,True
VBrun_scale_microbench_300_2026-02-11T064352Z_seed20260211,AgentSelfCheck,VB-256,1,FileTool,write_csv,artifact_written_exists,True,FileTool,write_csv,True,,E0,True
VBrun_scale_microbench_300_2026-02-11T064352Z_seed20260211,AgentSelfCheck,VB-256,2,FileTool,read_csv,read_after_write_dependency,True,FileTool,read_csv,True,,E0,True
VBrun_scale_microbench_300_2026-02-11T064352Z_seed20260211,AgentSelfCheck,VB-256,3,QueryTool,search,query_hits_reproducible,True,QueryTool,search,True,,E0,True
VBrun_scale_microbench_300_2026-02-11T064352Z_seed20260211,AgentSelfCheck,VB-256,4,CalcTool,sum,value_equals,True,CalcTool,sum,True,,E0,True
VBrun_scale_microbench_300_2026-02-11T064352Z_seed20260211,AgentSelfCheck,VB-256,5,CalcTool,sum,value_equals,True,CalcTool,sum,True,,E0,True
VBrun_scale_microbench_300_2026-02-11T064352Z_seed20260211,AgentSelfCheck,VB-257,1,FileTool,write_csv,artifact_written_exists,True,FileTool,write_csv,True,,E0,True
VBrun_scale_microbench_300_2026-02-11T064352Z_seed20260211,AgentSelfCheck,VB-257,2,FileTool,read_csv,read_after_write_dependency,True,FileTool,read_csv,True,,E0,True
VBrun_scale_microbench_300_2026-02-11T064352Z_seed20260211,AgentSelfCheck,VB-257,3,QueryTool,search,query_hits_reproducible,True,QueryTool,search,True,,E0,True
VBrun_scale_microbench_300_2026-02-11T064352Z_seed20260211,AgentSelfCheck,VB-257,4,CalcTool,sum,value_equals,True,CalcTool,sum,True,,E0,True
VBrun_scale_microbench_300_2026-02-11T064352Z_seed20260211,AgentSelfCheck,VB-257,5,CalcTool,sum,value_equals,True,CalcTool,sum,True,,E0,True
VBrun_scale_microbench_300_2026-02-11T064352Z_seed20260211,AgentSelfCheck,VB-257,6,QueryTool,search,query_hits_reproducible,True,QueryTool,search,True,,E0,True
VBrun_scale_microbench_300_2026-02-11T064352Z_seed20260211,AgentSelfCheck,VB-258,1,FileTool,write_csv,artifact_written_exists,True,FileTool,write_csv,True,,E0,True
VBrun_scale_microbench_300_2026-02-11T064352Z_seed20260211,AgentSelfCheck,VB-258,2,FileTool,read_csv,read_after_write_dependency,True,FileTool,read_csv,True,,E0,True
VBrun_scale_microbench_300_2026-02-11T064352Z_seed20260211,AgentSelfCheck,VB-258,3,QueryTool,search,query_hits_reproducible,True,QueryTool,search,True,,E0,True
VBrun_scale_microbench_300_2026-02-11T064352Z_seed20260211,AgentSelfCheck,VB-258,4,CalcTool,sum,value_equals,True,CalcTool,sum,True,,E0,True
VBrun_scale_microbench_300_2026-02-11T064352Z_seed20260211,AgentSelfCheck,VB-258,5,CalcTool,sum,value_equals,True,CalcTool,sum,True,,E0,True
VBrun_scale_microbench_300_2026-02-11T064352Z_seed20260211,AgentSelfCheck,VB-258,6,QueryTool,search,query_hits_reproducible,True,QueryTool,search,True,,E0,True
VBrun_scale_microbench_300_2026-02-11T064352Z_seed20260211,AgentSelfCheck,VB-258,7,CalcTool,sum,value_equals,True,CalcTool,sum,True,,E0,True
VBrun_scale_microbench_300_2026-02-11T064352Z_seed20260211,AgentSelfCheck,VB-259,1,FileTool,write_csv,artifact_written_exists,True,FileTool,write_csv,True,,E0,True
VBrun_scale_microbench_300_2026-02-11T064352Z_seed20260211,AgentSelfCheck,VB-259,2,FileTool,read_csv,read_after_write_dependency,True,FileTool,read_csv,True,,E0,True
VBrun_scale_microbench_300_2026-02-11T064352Z_seed20260211,AgentSelfCheck,VB-259,3,QueryTool,search,query_hits_reproducible,True,QueryTool,search,True,,E0,True
VBrun_scale_microbench_300_2026-02-11T064352Z_seed20260211,AgentSelfCheck,VB-259,4,CalcTool,sum,value_equals,True,CalcTool,sum,True,,E0,True
VBrun_scale_microbench_300_2026-02-11T064352Z_seed20260211,AgentSelfCheck,VB-259,5,CalcTool,sum,value_equals,True,CalcTool,sum,True,,E0,True
VBrun_scale_microbench_300_2026-02-11T064352Z_seed20260211,AgentSelfCheck,VB-259,6,QueryTool,search,query_hits_reproducible,True,QueryTool,search,True,,E0,True
VBrun_scale_microbench_300_2026-02-11T064352Z_seed20260211,AgentSelfCheck,VB-259,7,CalcTool,sum,value_equals,True,CalcTool,sum,True,,E0,True
VBrun_scale_microbench_300_2026-02-11T064352Z_seed20260211,AgentSelfCheck,VB-259,8,CalcTool,sum,value_equals,True,CalcTool,sum,True,,E0,True
VBrun_scale_microbench_300_2026-02-11T064352Z_seed20260211,AgentSelfCheck,VB-260,1,FileTool,write_csv,artifact_written_exists,True,FileTool,write_csv,True,,E0,True
VBrun_scale_microbench_300_2026-02-11T064352Z_seed20260211,AgentSelfCheck,VB-260,2,FileTool,read_csv,read_after_write_dependency,True,FileTool,read_csv,True,,E0,True
VBrun_scale_microbench_300_2026-02-11T064352Z_seed20260211,AgentSelfCheck,VB-261,1,FileTool,write_csv,artifact_written_exists,True,FileTool,write_csv,True,,E0,True
VBrun_scale_microbench_300_2026-02-11T064352Z_seed20260211,AgentSelfCheck,VB-261,2,FileTool,read_csv,read_after_write_dependency,True,FileTool,read_csv,True,,E0,True
VBrun_scale_microbench_300_2026-02-11T064352Z_seed20260211,AgentSelfCheck,VB-261,3,QueryTool,search,query_hits_reproducible,True,QueryTool,search,True,,E0,True
VBrun_scale_microbench_300_2026-02-11T064352Z_seed20260211,AgentSelfCheck,VB-262,1,FileTool,write_csv,artifact_written_exists,True,FileTool,write_csv,True,,E0,True
VBrun_scale_microbench_300_2026-02-11T064352Z_seed20260211,AgentSelfCheck,VB-262,2,FileTool,read_csv,read_after_write_dependency,True,FileTool,read_csv,True,,E0,True
VBrun_scale_microbench_300_2026-02-11T064352Z_seed20260211,AgentSelfCheck,VB-262,3,QueryTool,search,query_hits_reproducible,True,QueryTool,search,True,,E0,True
VBrun_scale_microbench_300_2026-02-11T064352Z_seed20260211,AgentSelfCheck,VB-262,4,CalcTool,sum,value_equals,True,CalcTool,sum,True,,E0,True
VBrun_scale_microbench_300_2026-02-11T064352Z_seed20260211,AgentSelfCheck,VB-263,1,FileTool,write_csv,artifact_written_exists,True,FileTool,write_csv,True,,E0,True
VBrun_scale_microbench_300_2026-02-11T064352Z_seed20260211,AgentSelfCheck,VB-263,2,FileTool,read_csv,read_after_write_dependency,True,FileTool,read_csv,True,,E0,True
VBrun_scale_microbench_300_2026-02-11T064352Z_seed20260211,AgentSelfCheck,VB-263,3,QueryTool,search,query_hits_reproducible,True,QueryTool,search,True,,E0,True
VBrun_scale_microbench_300_2026-02-11T064352Z_seed20260211,AgentSelfCheck,VB-263,4,CalcTool,sum,value_equals,True,CalcTool,sum,True,,E0,True
VBrun_scale_microbench_300_2026-02-11T064352Z_seed20260211,AgentSelfCheck,VB-263,5,CalcTool,sum,value_equals,True,CalcTool,sum,True,,E0,True
VBrun_scale_microbench_300_2026-02-11T064352Z_seed20260211,AgentSelfCheck,VB-264,1,FileTool,write_csv,artifact_written_exists,True,FileTool,write_csv,True,,E0,True
VBrun_scale_microbench_300_2026-02-11T064352Z_seed20260211,AgentSelfCheck,VB-264,2,FileTool,read_csv,read_after_write_dependency,True,FileTool,read_csv,True,,E0,True
VBrun_scale_microbench_300_2026-02-11T064352Z_seed20260211,AgentSelfCheck,VB-264,3,QueryTool,search,query_hits_reproducible,True,QueryTool,search,True,,E0,True
VBrun_scale_microbench_300_2026-02-11T064352Z_seed20260211,AgentSelfCheck,VB-264,4,CalcTool,sum,value_equals,True,CalcTool,sum,True,,E0,True
VBrun_scale_microbench_300_2026-02-11T064352Z_seed20260211,AgentSelfCheck,VB-264,5,CalcTool,sum,value_equals,True,CalcTool,sum,True,,E0,True
VBrun_scale_microbench_300_2026-02-11T064352Z_seed20260211,AgentSelfCheck,VB-264,6,QueryTool,search,query_hits_reproducible,True,QueryTool,search,True,,E0,True
VBrun_scale_microbench_300_2026-02-11T064352Z_seed20260211,AgentSelfCheck,VB-265,1,FileTool,write_csv,artifact_written_exists,True,FileTool,write_csv,True,,E0,True
VBrun_scale_microbench_300_2026-02-11T064352Z_seed20260211,AgentSelfCheck,VB-265,2,FileTool,read_csv,read_after_write_dependency,True,FileTool,read_csv,True,,E0,True
VBrun_scale_microbench_300_2026-02-11T064352Z_seed20260211,AgentSelfCheck,VB-265,3,QueryTool,search,query_hits_reproducible,True,QueryTool,search,True,,E0,True
VBrun_scale_microbench_300_2026-02-11T064352Z_seed20260211,AgentSelfCheck,VB-265,4,CalcTool,sum,value_equals,True,CalcTool,sum,True,,E0,True
VBrun_scale_microbench_300_2026-02-11T064352Z_seed20260211,AgentSelfCheck,VB-265,5,CalcTool,sum,value_equals,True,CalcTool,sum,True,,E0,True
VBrun_scale_microbench_300_2026-02-11T064352Z_seed20260211,AgentSelfCheck,VB-265,6,QueryTool,search,query_hits_reproducible,True,QueryTool,search,True,,E0,True
VBrun_scale_microbench_300_2026-02-11T064352Z_seed20260211,AgentSelfCheck,VB-265,7,CalcTool,sum,value_equals,True,CalcTool,sum,True,,E0,True
VBrun_scale_microbench_300_2026-02-11T064352Z_seed20260211,AgentSelfCheck,VB-266,1,FileTool,write_csv,artifact_written_exists,True,FileTool,write_csv,True,,E0,True
VBrun_scale_microbench_300_2026-02-11T064352Z_seed20260211,AgentSelfCheck,VB-266,2,FileTool,read_csv,read_after_write_dependency,True,FileTool,read_csv,True,,E0,True
VBrun_scale_microbench_300_2026-02-11T064352Z_seed20260211,AgentSelfCheck,VB-266,3,QueryTool,search,query_hits_reproducible,True,QueryTool,search,True,,E0,True
VBrun_scale_microbench_300_2026-02-11T064352Z_seed20260211,AgentSelfCheck,VB-266,4,CalcTool,sum,value_equals,True,CalcTool,sum,True,,E0,True
VBrun_scale_microbench_300_2026-02-11T064352Z_seed20260211,AgentSelfCheck,VB-266,5,CalcTool,sum,value_equals,True,CalcTool,sum,True,,E0,True
VBrun_scale_microbench_300_2026-02-11T064352Z_seed20260211,AgentSelfCheck,VB-266,6,QueryTool,search,query_hits_reproducible,True,QueryTool,search,True,,E0,True
VBrun_scale_microbench_300_2026-02-11T064352Z_seed20260211,AgentSelfCheck,VB-266,7,CalcTool,sum,value_equals,True,CalcTool,sum,True,,E0,True
VBrun_scale_microbench_300_2026-02-11T064352Z_seed20260211,AgentSelfCheck,VB-266,8,CalcTool,sum,value_equals,True,CalcTool,sum,True,,E0,True
VBrun_scale_microbench_300_2026-02-11T064352Z_seed20260211,AgentSelfCheck,VB-267,1,FileTool,write_csv,artifact_written_exists,True,FileTool,write_csv,True,,E0,True
VBrun_scale_microbench_300_2026-02-11T064352Z_seed20260211,AgentSelfCheck,VB-267,2,FileTool,read_csv,read_after_write_dependency,True,FileTool,read_csv,True,,E0,True
VBrun_scale_microbench_300_2026-02-11T064352Z_seed20260211,AgentSelfCheck,VB-268,1,FileTool,write_csv,artifact_written_exists,True,FileTool,write_csv,True,,E0,True
VBrun_scale_microbench_300_2026-02-11T064352Z_seed20260211,AgentSelfCheck,VB-268,2,FileTool,read_csv,read_after_write_dependency,True,FileTool,read_csv,True,,E0,True
VBrun_scale_microbench_300_2026-02-11T064352Z_seed20260211,AgentSelfCheck,VB-268,3,QueryTool,search,query_hits_reproducible,True,QueryTool,search,True,,E0,True
VBrun_scale_microbench_300_2026-02-11T064352Z_seed20260211,AgentSelfCheck,VB-269,1,FileTool,write_csv,artifact_written_exists,True,FileTool,write_csv,True,,E0,True
VBrun_scale_microbench_300_2026-02-11T064352Z_seed20260211,AgentSelfCheck,VB-269,2,FileTool,read_csv,read_after_write_dependency,True,FileTool,read_csv,True,,E0,True
VBrun_scale_microbench_300_2026-02-11T064352Z_seed20260211,AgentSelfCheck,VB-269,3,QueryTool,search,query_hits_reproducible,True,QueryTool,search,True,,E0,True
VBrun_scale_microbench_300_2026-02-11T064352Z_seed20260211,AgentSelfCheck,VB-269,4,CalcTool,sum,value_equals,True,CalcTool,sum,True,,E0,True
VBrun_scale_microbench_300_2026-02-11T064352Z_seed20260211,AgentSelfCheck,VB-270,1,FileTool,write_csv,artifact_written_exists,True,FileTool,write_csv,True,,E0,True
VBrun_scale_microbench_300_2026-02-11T064352Z_seed20260211,AgentSelfCheck,VB-270,2,FileTool,read_csv,read_after_write_dependency,True,FileTool,read_csv,True,,E0,True
VBrun_scale_microbench_300_2026-02-11T064352Z_seed20260211,AgentSelfCheck,VB-270,3,QueryTool,search,query_hits_reproducible,True,QueryTool,search,True,,E0,True
VBrun_scale_microbench_300_2026-02-11T064352Z_seed20260211,AgentSelfCheck,VB-270,4,CalcTool,sum,value_equals,True,CalcTool,sum,True,,E0,True
VBrun_scale_microbench_300_2026-02-11T064352Z_seed20260211,AgentSelfCheck,VB-270,5,CalcTool,sum,value_equals,True,CalcTool,sum,True,,E0,True
VBrun_scale_microbench_300_2026-02-11T064352Z_seed20260211,AgentSelfCheck,VB-271,1,FileTool,write_csv,artifact_written_exists,True,FileTool,write_csv,True,,E0,True
VBrun_scale_microbench_300_2026-02-11T064352Z_seed20260211,AgentSelfCheck,VB-271,2,FileTool,read_csv,read_after_write_dependency,True,FileTool,read_csv,True,,E0,True
VBrun_scale_microbench_300_2026-02-11T064352Z_seed20260211,AgentSelfCheck,VB-271,3,QueryTool,search,query_hits_reproducible,True,QueryTool,search,True,,E0,True
VBrun_scale_microbench_300_2026-02-11T064352Z_seed20260211,AgentSelfCheck,VB-271,4,CalcTool,sum,value_equals,True,CalcTool,sum,True,,E0,True
VBrun_scale_microbench_300_2026-02-11T064352Z_seed20260211,AgentSelfCheck,VB-271,5,CalcTool,sum,value_equals,True,CalcTool,sum,True,,E0,True
VBrun_scale_microbench_300_2026-02-11T064352Z_seed20260211,AgentSelfCheck,VB-271,6,QueryTool,search,query_hits_reproducible,True,QueryTool,search,True,,E0,True
VBrun_scale_microbench_300_2026-02-11T064352Z_seed20260211,AgentSelfCheck,VB-272,1,FileTool,write_csv,artifact_written_exists,True,FileTool,write_csv,True,,E0,True
VBrun_scale_microbench_300_2026-02-11T064352Z_seed20260211,AgentSelfCheck,VB-272,2,FileTool,read_csv,read_after_write_dependency,True,FileTool,read_csv,True,,E0,True
VBrun_scale_microbench_300_2026-02-11T064352Z_seed20260211,AgentSelfCheck,VB-272,3,QueryTool,search,query_hits_reproducible,True,QueryTool,search,True,,E0,True
VBrun_scale_microbench_300_2026-02-11T064352Z_seed20260211,AgentSelfCheck,VB-272,4,CalcTool,sum,value_equals,True,CalcTool,sum,True,,E0,True
VBrun_scale_microbench_300_2026-02-11T064352Z_seed20260211,AgentSelfCheck,VB-272,5,CalcTool,sum,value_equals,True,CalcTool,sum,True,,E0,True
VBrun_scale_microbench_300_2026-02-11T064352Z_seed20260211,AgentSelfCheck,VB-272,6,QueryTool,search,query_hits_reproducible,True,QueryTool,search,True,,E0,True
VBrun_scale_microbench_300_2026-02-11T064352Z_seed20260211,AgentSelfCheck,VB-272,7,CalcTool,sum,value_equals,True,CalcTool,sum,True,,E0,True
VBrun_scale_microbench_300_2026-02-11T064352Z_seed20260211,AgentSelfCheck,VB-273,1,FileTool,write_csv,artifact_written_exists,True,FileTool,write_csv,True,,E0,True
VBrun_scale_microbench_300_2026-02-11T064352Z_seed20260211,AgentSelfCheck,VB-273,2,FileTool,read_csv,read_after_write_dependency,True,FileTool,read_csv,True,,E0,True
VBrun_scale_microbench_300_2026-02-11T064352Z_seed20260211,AgentSelfCheck,VB-273,3,QueryTool,search,query_hits_reproducible,True,QueryTool,search,True,,E0,True
VBrun_scale_microbench_300_2026-02-11T064352Z_seed20260211,AgentSelfCheck,VB-273,4,CalcTool,sum,value_equals,True,CalcTool,sum,True,,E0,True
VBrun_scale_microbench_300_2026-02-11T064352Z_seed20260211,AgentSelfCheck,VB-273,5,CalcTool,sum,value_equals,True,CalcTool,sum,True,,E0,True
VBrun_scale_microbench_300_2026-02-11T064352Z_seed20260211,AgentSelfCheck,VB-273,6,QueryTool,search,query_hits_reproducible,True,QueryTool,search,True,,E0,True
VBrun_scale_microbench_300_2026-02-11T064352Z_seed20260211,AgentSelfCheck,VB-273,7,CalcTool,sum,value_equals,True,CalcTool,sum,True,,E0,True
VBrun_scale_microbench_300_2026-02-11T064352Z_seed20260211,AgentSelfCheck,VB-273,8,CalcTool,sum,value_equals,True,CalcTool,sum,True,,E0,True
VBrun_scale_microbench_300_2026-02-11T064352Z_seed20260211,AgentSelfCheck,VB-274,1,FileTool,write_csv,artifact_written_exists,True,FileTool,write_csv,True,,E0,True
VBrun_scale_microbench_300_2026-02-11T064352Z_seed20260211,AgentSelfCheck,VB-274,2,FileTool,read_csv,read_after_write_dependency,True,FileTool,read_csv,True,,E0,True
VBrun_scale_microbench_300_2026-02-11T064352Z_seed20260211,AgentSelfCheck,VB-275,1,FileTool,write_csv,artifact_written_exists,True,FileTool,write_csv,True,,E0,True
VBrun_scale_microbench_300_2026-02-11T064352Z_seed20260211,AgentSelfCheck,VB-275,2,FileTool,read_csv,read_after_write_dependency,True,FileTool,read_csv,True,,E0,True
VBrun_scale_microbench_300_2026-02-11T064352Z_seed20260211,AgentSelfCheck,VB-275,3,QueryTool,search,query_hits_reproducible,True,QueryTool,search,True,,E0,True
VBrun_scale_microbench_300_2026-02-11T064352Z_seed20260211,AgentSelfCheck,VB-276,1,FileTool,write_csv,artifact_written_exists,True,FileTool,write_csv,True,,E0,True
VBrun_scale_microbench_300_2026-02-11T064352Z_seed20260211,AgentSelfCheck,VB-276,2,FileTool,read_csv,read_after_write_dependency,True,FileTool,read_csv,True,,E0,True
VBrun_scale_microbench_300_2026-02-11T064352Z_seed20260211,AgentSelfCheck,VB-276,3,QueryTool,search,query_hits_reproducible,True,QueryTool,search,True,,E0,True
VBrun_scale_microbench_300_2026-02-11T064352Z_seed20260211,AgentSelfCheck,VB-276,4,CalcTool,sum,value_equals,True,CalcTool,sum,True,,E0,True
VBrun_scale_microbench_300_2026-02-11T064352Z_seed20260211,AgentSelfCheck,VB-277,1,FileTool,write_csv,artifact_written_exists,True,FileTool,write_csv,True,,E0,True
VBrun_scale_microbench_300_2026-02-11T064352Z_seed20260211,AgentSelfCheck,VB-277,2,FileTool,read_csv,read_after_write_dependency,True,FileTool,read_csv,True,,E0,True
VBrun_scale_microbench_300_2026-02-11T064352Z_seed20260211,AgentSelfCheck,VB-277,3,QueryTool,search,query_hits_reproducible,True,QueryTool,search,True,,E0,True
VBrun_scale_microbench_300_2026-02-11T064352Z_seed20260211,AgentSelfCheck,VB-277,4,CalcTool,sum,value_equals,True,CalcTool,sum,True,,E0,True
VBrun_scale_microbench_300_2026-02-11T064352Z_seed20260211,AgentSelfCheck,VB-277,5,CalcTool,sum,value_equals,True,CalcTool,sum,True,,E0,True
VBrun_scale_microbench_300_2026-02-11T064352Z_seed20260211,AgentSelfCheck,VB-278,1,FileTool,write_csv,artifact_written_exists,True,FileTool,write_csv,True,,E0,True
VBrun_scale_microbench_300_2026-02-11T064352Z_seed20260211,AgentSelfCheck,VB-278,2,FileTool,read_csv,read_after_write_dependency,True,FileTool,read_csv,True,,E0,True
VBrun_scale_microbench_300_2026-02-11T064352Z_seed20260211,AgentSelfCheck,VB-278,3,QueryTool,search,query_hits_reproducible,True,QueryTool,search,True,,E0,True
VBrun_scale_microbench_300_2026-02-11T064352Z_seed20260211,AgentSelfCheck,VB-278,4,CalcTool,sum,value_equals,True,CalcTool,sum,True,,E0,True
VBrun_scale_microbench_300_2026-02-11T064352Z_seed20260211,AgentSelfCheck,VB-278,5,CalcTool,sum,value_equals,True,CalcTool,sum,True,,E0,True
VBrun_scale_microbench_300_2026-02-11T064352Z_seed20260211,AgentSelfCheck,VB-278,6,QueryTool,search,query_hits_reproducible,True,QueryTool,search,True,,E0,True
VBrun_scale_microbench_300_2026-02-11T064352Z_seed20260211,AgentSelfCheck,VB-279,1,FileTool,write_csv,artifact_written_exists,True,FileTool,write_csv,True,,E0,True
VBrun_scale_microbench_300_2026-02-11T064352Z_seed20260211,AgentSelfCheck,VB-279,2,FileTool,read_csv,read_after_write_dependency,True,FileTool,read_csv,True,,E0,True
VBrun_scale_microbench_300_2026-02-11T064352Z_seed20260211,AgentSelfCheck,VB-279,3,QueryTool,search,query_hits_reproducible,True,QueryTool,search,True,,E0,True
VBrun_scale_microbench_300_2026-02-11T064352Z_seed20260211,AgentSelfCheck,VB-279,4,CalcTool,sum,value_equals,True,CalcTool,sum,True,,E0,True
VBrun_scale_microbench_300_2026-02-11T064352Z_seed20260211,AgentSelfCheck,VB-279,5,CalcTool,sum,value_equals,True,CalcTool,sum,True,,E0,True
VBrun_scale_microbench_300_2026-02-11T064352Z_seed20260211,AgentSelfCheck,VB-279,6,QueryTool,search,query_hits_reproducible,True,QueryTool,search,True,,E0,True
VBrun_scale_microbench_300_2026-02-11T064352Z_seed20260211,AgentSelfCheck,VB-279,7,CalcTool,sum,value_equals,True,CalcTool,sum,True,,E0,True
VBrun_scale_microbench_300_2026-02-11T064352Z_seed20260211,AgentSelfCheck,VB-280,1,FileTool,write_csv,artifact_written_exists,True,FileTool,write_csv,True,,E0,True
VBrun_scale_microbench_300_2026-02-11T064352Z_seed20260211,AgentSelfCheck,VB-280,2,FileTool,read_csv,read_after_write_dependency,True,FileTool,read_csv,True,,E0,True
VBrun_scale_microbench_300_2026-02-11T064352Z_seed20260211,AgentSelfCheck,VB-280,3,QueryTool,search,query_hits_reproducible,True,QueryTool,search,True,,E0,True
VBrun_scale_microbench_300_2026-02-11T064352Z_seed20260211,AgentSelfCheck,VB-280,4,CalcTool,sum,value_equals,True,CalcTool,sum,True,,E0,True
VBrun_scale_microbench_300_2026-02-11T064352Z_seed20260211,AgentSelfCheck,VB-280,5,CalcTool,sum,value_equals,True,CalcTool,sum,True,,E0,True
VBrun_scale_microbench_300_2026-02-11T064352Z_seed20260211,AgentSelfCheck,VB-280,6,QueryTool,search,query_hits_reproducible,True,QueryTool,search,True,,E0,True
VBrun_scale_microbench_300_2026-02-11T064352Z_seed20260211,AgentSelfCheck,VB-280,7,CalcTool,sum,value_equals,True,CalcTool,sum,True,,E0,True
VBrun_scale_microbench_300_2026-02-11T064352Z_seed20260211,AgentSelfCheck,VB-280,8,CalcTool,sum,value_equals,True,CalcTool,sum,True,,E0,True
VBrun_scale_microbench_300_2026-02-11T064352Z_seed20260211,AgentSelfCheck,VB-281,1,FileTool,write_csv,artifact_written_exists,True,FileTool,write_csv,True,,E0,True
VBrun_scale_microbench_300_2026-02-11T064352Z_seed20260211,AgentSelfCheck,VB-281,2,FileTool,read_csv,read_after_write_dependency,True,FileTool,read_csv,True,,E0,True
VBrun_scale_microbench_300_2026-02-11T064352Z_seed20260211,AgentSelfCheck,VB-282,1,FileTool,write_csv,artifact_written_exists,True,FileTool,write_csv,True,,E0,True
VBrun_scale_microbench_300_2026-02-11T064352Z_seed20260211,AgentSelfCheck,VB-282,2,FileTool,read_csv,read_after_write_dependency,True,FileTool,read_csv,True,,E0,True
VBrun_scale_microbench_300_2026-02-11T064352Z_seed20260211,AgentSelfCheck,VB-282,3,QueryTool,search,query_hits_reproducible,True,QueryTool,search,True,,E0,True
VBrun_scale_microbench_300_2026-02-11T064352Z_seed20260211,AgentSelfCheck,VB-283,1,FileTool,write_csv,artifact_written_exists,True,FileTool,write_csv,True,,E0,True
VBrun_scale_microbench_300_2026-02-11T064352Z_seed20260211,AgentSelfCheck,VB-283,2,FileTool,read_csv,read_after_write_dependency,True,FileTool,read_csv,True,,E0,True
VBrun_scale_microbench_300_2026-02-11T064352Z_seed20260211,AgentSelfCheck,VB-283,3,QueryTool,search,query_hits_reproducible,True,QueryTool,search,True,,E0,True
VBrun_scale_microbench_300_2026-02-11T064352Z_seed20260211,AgentSelfCheck,VB-283,4,CalcTool,sum,value_equals,True,CalcTool,sum,True,,E0,True
VBrun_scale_microbench_300_2026-02-11T064352Z_seed20260211,AgentSelfCheck,VB-284,1,FileTool,write_csv,artifact_written_exists,True,FileTool,write_csv,True,,E0,True
VBrun_scale_microbench_300_2026-02-11T064352Z_seed20260211,AgentSelfCheck,VB-284,2,FileTool,read_csv,read_after_write_dependency,True,FileTool,read_csv,True,,E0,True
VBrun_scale_microbench_300_2026-02-11T064352Z_seed20260211,AgentSelfCheck,VB-284,3,QueryTool,search,query_hits_reproducible,True,QueryTool,search,True,,E0,True
VBrun_scale_microbench_300_2026-02-11T064352Z_seed20260211,AgentSelfCheck,VB-284,4,CalcTool,sum,value_equals,True,CalcTool,sum,True,,E0,True
VBrun_scale_microbench_300_2026-02-11T064352Z_seed20260211,AgentSelfCheck,VB-284,5,CalcTool,sum,value_equals,True,CalcTool,sum,True,,E0,True
VBrun_scale_microbench_300_2026-02-11T064352Z_seed20260211,AgentSelfCheck,VB-285,1,FileTool,write_csv,artifact_written_exists,True,FileTool,write_csv,True,,E0,True
VBrun_scale_microbench_300_2026-02-11T064352Z_seed20260211,AgentSelfCheck,VB-285,2,FileTool,read_csv,read_after_write_dependency,True,FileTool,read_csv,True,,E0,True
VBrun_scale_microbench_300_2026-02-11T064352Z_seed20260211,AgentSelfCheck,VB-285,3,QueryTool,search,query_hits_reproducible,True,QueryTool,search,True,,E0,True
VBrun_scale_microbench_300_2026-02-11T064352Z_seed20260211,AgentSelfCheck,VB-285,4,CalcTool,sum,value_equals,True,CalcTool,sum,True,,E0,True
VBrun_scale_microbench_300_2026-02-11T064352Z_seed20260211,AgentSelfCheck,VB-285,5,CalcTool,sum,value_equals,True,CalcTool,sum,True,,E0,True
VBrun_scale_microbench_300_2026-02-11T064352Z_seed20260211,AgentSelfCheck,VB-285,6,QueryTool,search,query_hits_reproducible,True,QueryTool,search,True,,E0,True
VBrun_scale_microbench_300_2026-02-11T064352Z_seed20260211,AgentSelfCheck,VB-286,1,FileTool,write_csv,artifact_written_exists,True,FileTool,write_csv,True,,E0,True
VBrun_scale_microbench_300_2026-02-11T064352Z_seed20260211,AgentSelfCheck,VB-286,2,FileTool,read_csv,read_after_write_dependency,True,FileTool,read_csv,True,,E0,True
VBrun_scale_microbench_300_2026-02-11T064352Z_seed20260211,AgentSelfCheck,VB-286,3,QueryTool,search,query_hits_reproducible,True,QueryTool,search,True,,E0,True
VBrun_scale_microbench_300_2026-02-11T064352Z_seed20260211,AgentSelfCheck,VB-286,4,CalcTool,sum,value_equals,True,CalcTool,sum,True,,E0,True
VBrun_scale_microbench_300_2026-02-11T064352Z_seed20260211,AgentSelfCheck,VB-286,5,CalcTool,sum,value_equals,True,CalcTool,sum,True,,E0,True
VBrun_scale_microbench_300_2026-02-11T064352Z_seed20260211,AgentSelfCheck,VB-286,6,QueryTool,search,query_hits_reproducible,True,QueryTool,search,True,,E0,True
VBrun_scale_microbench_300_2026-02-11T064352Z_seed20260211,AgentSelfCheck,VB-286,7,CalcTool,sum,value_equals,True,CalcTool,sum,True,,E0,True
VBrun_scale_microbench_300_2026-02-11T064352Z_seed20260211,AgentSelfCheck,VB-287,1,FileTool,write_csv,artifact_written_exists,True,FileTool,write_csv,True,,E0,True
VBrun_scale_microbench_300_2026-02-11T064352Z_seed20260211,AgentSelfCheck,VB-287,2,FileTool,read_csv,read_after_write_dependency,True,FileTool,read_csv,True,,E0,True
VBrun_scale_microbench_300_2026-02-11T064352Z_seed20260211,AgentSelfCheck,VB-287,3,QueryTool,search,query_hits_reproducible,True,QueryTool,search,True,,E0,True
VBrun_scale_microbench_300_2026-02-11T064352Z_seed20260211,AgentSelfCheck,VB-287,4,CalcTool,sum,value_equals,True,CalcTool,sum,True,,E0,True
VBrun_scale_microbench_300_2026-02-11T064352Z_seed20260211,AgentSelfCheck,VB-287,5,CalcTool,sum,value_equals,True,CalcTool,sum,True,,E0,True
VBrun_scale_microbench_300_2026-02-11T064352Z_seed20260211,AgentSelfCheck,VB-287,6,QueryTool,search,query_hits_reproducible,True,QueryTool,search,True,,E0,True
VBrun_scale_microbench_300_2026-02-11T064352Z_seed20260211,AgentSelfCheck,VB-287,7,CalcTool,sum,value_equals,True,CalcTool,sum,True,,E0,True
VBrun_scale_microbench_300_2026-02-11T064352Z_seed20260211,AgentSelfCheck,VB-287,8,CalcTool,sum,value_equals,True,CalcTool,sum,True,,E0,True
VBrun_scale_microbench_300_2026-02-11T064352Z_seed20260211,AgentSelfCheck,VB-288,1,FileTool,write_csv,artifact_written_exists,True,FileTool,write_csv,True,,E0,True
VBrun_scale_microbench_300_2026-02-11T064352Z_seed20260211,AgentSelfCheck,VB-288,2,FileTool,read_csv,read_after_write_dependency,True,FileTool,read_csv,True,,E0,True
VBrun_scale_microbench_300_2026-02-11T064352Z_seed20260211,AgentSelfCheck,VB-289,1,FileTool,write_csv,artifact_written_exists,True,FileTool,write_csv,True,,E0,True
VBrun_scale_microbench_300_2026-02-11T064352Z_seed20260211,AgentSelfCheck,VB-289,2,FileTool,read_csv,read_after_write_dependency,True,FileTool,read_csv,True,,E0,True
VBrun_scale_microbench_300_2026-02-11T064352Z_seed20260211,AgentSelfCheck,VB-289,3,QueryTool,search,query_hits_reproducible,True,QueryTool,search,True,,E0,True
VBrun_scale_microbench_300_2026-02-11T064352Z_seed20260211,AgentSelfCheck,VB-290,1,FileTool,write_csv,artifact_written_exists,True,FileTool,write_csv,True,,E0,True
VBrun_scale_microbench_300_2026-02-11T064352Z_seed20260211,AgentSelfCheck,VB-290,2,FileTool,read_csv,read_after_write_dependency,True,FileTool,read_csv,True,,E0,True
VBrun_scale_microbench_300_2026-02-11T064352Z_seed20260211,AgentSelfCheck,VB-290,3,QueryTool,search,query_hits_reproducible,True,QueryTool,search,True,,E0,True
VBrun_scale_microbench_300_2026-02-11T064352Z_seed20260211,AgentSelfCheck,VB-290,4,CalcTool,sum,value_equals,True,CalcTool,sum,True,,E0,True
VBrun_scale_microbench_300_2026-02-11T064352Z_seed20260211,AgentSelfCheck,VB-291,1,FileTool,write_csv,artifact_written_exists,True,FileTool,write_csv,True,,E0,True
VBrun_scale_microbench_300_2026-02-11T064352Z_seed20260211,AgentSelfCheck,VB-291,2,FileTool,read_csv,read_after_write_dependency,True,FileTool,read_csv,True,,E0,True
VBrun_scale_microbench_300_2026-02-11T064352Z_seed20260211,AgentSelfCheck,VB-291,3,QueryTool,search,query_hits_reproducible,True,QueryTool,search,True,,E0,True
VBrun_scale_microbench_300_2026-02-11T064352Z_seed20260211,AgentSelfCheck,VB-291,4,CalcTool,sum,value_equals,True,CalcTool,sum,True,,E0,True
VBrun_scale_microbench_300_2026-02-11T064352Z_seed20260211,AgentSelfCheck,VB-291,5,CalcTool,sum,value_equals,True,CalcTool,sum,True,,E0,True
VBrun_scale_microbench_300_2026-02-11T064352Z_seed20260211,AgentSelfCheck,VB-292,1,FileTool,write_csv,artifact_written_exists,True,FileTool,write_csv,True,,E0,True
VBrun_scale_microbench_300_2026-02-11T064352Z_seed20260211,AgentSelfCheck,VB-292,2,FileTool,read_csv,read_after_write_dependency,True,FileTool,read_csv,True,,E0,True
VBrun_scale_microbench_300_2026-02-11T064352Z_seed20260211,AgentSelfCheck,VB-292,3,QueryTool,search,query_hits_reproducible,True,QueryTool,search,True,,E0,True
VBrun_scale_microbench_300_2026-02-11T064352Z_seed20260211,AgentSelfCheck,VB-292,4,CalcTool,sum,value_equals,True,CalcTool,sum,True,,E0,True
VBrun_scale_microbench_300_2026-02-11T064352Z_seed20260211,AgentSelfCheck,VB-292,5,CalcTool,sum,value_equals,True,CalcTool,sum,True,,E0,True
VBrun_scale_microbench_300_2026-02-11T064352Z_seed20260211,AgentSelfCheck,VB-292,6,QueryTool,search,query_hits_reproducible,True,QueryTool,search,True,,E0,True
VBrun_scale_microbench_300_2026-02-11T064352Z_seed20260211,AgentSelfCheck,VB-293,1,FileTool,write_csv,artifact_written_exists,True,FileTool,write_csv,True,,E0,True
VBrun_scale_microbench_300_2026-02-11T064352Z_seed20260211,AgentSelfCheck,VB-293,2,FileTool,read_csv,read_after_write_dependency,True,FileTool,read_csv,True,,E0,True
VBrun_scale_microbench_300_2026-02-11T064352Z_seed20260211,AgentSelfCheck,VB-293,3,QueryTool,search,query_hits_reproducible,True,QueryTool,search,True,,E0,True
VBrun_scale_microbench_300_2026-02-11T064352Z_seed20260211,AgentSelfCheck,VB-293,4,CalcTool,sum,value_equals,True,CalcTool,sum,True,,E0,True
VBrun_scale_microbench_300_2026-02-11T064352Z_seed20260211,AgentSelfCheck,VB-293,5,CalcTool,sum,value_equals,True,CalcTool,sum,True,,E0,True
VBrun_scale_microbench_300_2026-02-11T064352Z_seed20260211,AgentSelfCheck,VB-293,6,QueryTool,search,query_hits_reproducible,True,QueryTool,search,True,,E0,True
VBrun_scale_microbench_300_2026-02-11T064352Z_seed20260211,AgentSelfCheck,VB-293,7,CalcTool,sum,value_equals,True,CalcTool,sum,True,,E0,True
VBrun_scale_microbench_300_2026-02-11T064352Z_seed20260211,AgentSelfCheck,VB-294,1,FileTool,write_csv,artifact_written_exists,True,FileTool,write_csv,True,,E0,True
VBrun_scale_microbench_300_2026-02-11T064352Z_seed20260211,AgentSelfCheck,VB-294,2,FileTool,read_csv,read_after_write_dependency,True,FileTool,read_csv,True,,E0,True
VBrun_scale_microbench_300_2026-02-11T064352Z_seed20260211,AgentSelfCheck,VB-294,3,QueryTool,search,query_hits_reproducible,True,QueryTool,search,True,,E0,True
VBrun_scale_microbench_300_2026-02-11T064352Z_seed20260211,AgentSelfCheck,VB-294,4,CalcTool,sum,value_equals,True,CalcTool,sum,True,,E0,True
VBrun_scale_microbench_300_2026-02-11T064352Z_seed20260211,AgentSelfCheck,VB-294,5,CalcTool,sum,value_equals,True,CalcTool,sum,True,,E0,True
VBrun_scale_microbench_300_2026-02-11T064352Z_seed20260211,AgentSelfCheck,VB-294,6,QueryTool,search,query_hits_reproducible,True,QueryTool,search,True,,E0,True
VBrun_scale_microbench_300_2026-02-11T064352Z_seed20260211,AgentSelfCheck,VB-294,7,CalcTool,sum,value_equals,True,CalcTool,sum,True,,E0,True
VBrun_scale_microbench_300_2026-02-11T064352Z_seed20260211,AgentSelfCheck,VB-294,8,CalcTool,sum,value_equals,True,CalcTool,sum,True,,E0,True
VBrun_scale_microbench_300_2026-02-11T064352Z_seed20260211,AgentSelfCheck,VB-295,1,FileTool,write_csv,artifact_written_exists,True,FileTool,write_csv,True,,E0,True
VBrun_scale_microbench_300_2026-02-11T064352Z_seed20260211,AgentSelfCheck,VB-295,2,FileTool,read_csv,read_after_write_dependency,True,FileTool,read_csv,True,,E0,True
VBrun_scale_microbench_300_2026-02-11T064352Z_seed20260211,AgentSelfCheck,VB-296,1,FileTool,write_csv,artifact_written_exists,True,FileTool,write_csv,True,,E0,True
VBrun_scale_microbench_300_2026-02-11T064352Z_seed20260211,AgentSelfCheck,VB-296,2,FileTool,read_csv,read_after_write_dependency,True,FileTool,read_csv,True,,E0,True
VBrun_scale_microbench_300_2026-02-11T064352Z_seed20260211,AgentSelfCheck,VB-296,3,QueryTool,search,query_hits_reproducible,True,QueryTool,search,True,,E0,True
VBrun_scale_microbench_300_2026-02-11T064352Z_seed20260211,AgentSelfCheck,VB-297,1,FileTool,write_csv,artifact_written_exists,True,FileTool,write_csv,True,,E0,True
VBrun_scale_microbench_300_2026-02-11T064352Z_seed20260211,AgentSelfCheck,VB-297,2,FileTool,read_csv,read_after_write_dependency,True,FileTool,read_csv,True,,E0,True
VBrun_scale_microbench_300_2026-02-11T064352Z_seed20260211,AgentSelfCheck,VB-297,3,QueryTool,search,query_hits_reproducible,True,QueryTool,search,True,,E0,True
VBrun_scale_microbench_300_2026-02-11T064352Z_seed20260211,AgentSelfCheck,VB-297,4,CalcTool,sum,value_equals,True,CalcTool,sum,True,,E0,True
VBrun_scale_microbench_300_2026-02-11T064352Z_seed20260211,AgentSelfCheck,VB-298,1,FileTool,write_csv,artifact_written_exists,True,FileTool,write_csv,True,,E0,True
VBrun_scale_microbench_300_2026-02-11T064352Z_seed20260211,AgentSelfCheck,VB-298,2,FileTool,read_csv,read_after_write_dependency,True,FileTool,read_csv,True,,E0,True
VBrun_scale_microbench_300_2026-02-11T064352Z_seed20260211,AgentSelfCheck,VB-298,3,QueryTool,search,query_hits_reproducible,True,QueryTool,search,True,,E0,True
VBrun_scale_microbench_300_2026-02-11T064352Z_seed20260211,AgentSelfCheck,VB-298,4,CalcTool,sum,value_equals,True,CalcTool,sum,True,,E0,True
VBrun_scale_microbench_300_2026-02-11T064352Z_seed20260211,AgentSelfCheck,VB-298,5,CalcTool,sum,value_equals,True,CalcTool,sum,True,,E0,True
VBrun_scale_microbench_300_2026-02-11T064352Z_seed20260211,AgentSelfCheck,VB-299,1,FileTool,write_csv,artifact_written_exists,True,FileTool,write_csv,True,,E0,True
VBrun_scale_microbench_300_2026-02-11T064352Z_seed20260211,AgentSelfCheck,VB-299,2,FileTool,read_csv,read_after_write_dependency,True,FileTool,read_csv,True,,E0,True
VBrun_scale_microbench_300_2026-02-11T064352Z_seed20260211,AgentSelfCheck,VB-299,3,QueryTool,search,query_hits_reproducible,True,QueryTool,search,True,,E0,True
VBrun_scale_microbench_300_2026-02-11T064352Z_seed20260211,AgentSelfCheck,VB-299,4,CalcTool,sum,value_equals,True,CalcTool,sum,True,,E0,True
VBrun_scale_microbench_300_2026-02-11T064352Z_seed20260211,AgentSelfCheck,VB-299,5,CalcTool,sum,value_equals,True,CalcTool,sum,True,,E0,True
VBrun_scale_microbench_300_2026-02-11T064352Z_seed20260211,AgentSelfCheck,VB-299,6,QueryTool,search,query_hits_reproducible,True,QueryTool,search,True,,E0,True
VBrun_scale_microbench_300_2026-02-11T064352Z_seed20260211,AgentSelfCheck,VB-300,1,FileTool,write_csv,artifact_written_exists,True,FileTool,write_csv,True,,E0,True
VBrun_scale_microbench_300_2026-02-11T064352Z_seed20260211,AgentSelfCheck,VB-300,2,FileTool,read_csv,read_after_write_dependency,True,FileTool,read_csv,True,,E0,True
VBrun_scale_microbench_300_2026-02-11T064352Z_seed20260211,AgentSelfCheck,VB-300,3,QueryTool,search,query_hits_reproducible,True,QueryTool,search,True,,E0,True
VBrun_scale_microbench_300_2026-02-11T064352Z_seed20260211,AgentSelfCheck,VB-300,4,CalcTool,sum,value_equals,True,CalcTool,sum,True,,E0,True
VBrun_scale_microbench_300_2026-02-11T064352Z_seed20260211,AgentSelfCheck,VB-300,5,CalcTool,sum,value_equals,True,CalcTool,sum,True,,E0,True
VBrun_scale_microbench_300_2026-02-11T064352Z_seed20260211,AgentSelfCheck,VB-300,6,QueryTool,search,query_hits_reproducible,True,QueryTool,search,True,,E0,True
VBrun_scale_microbench_300_2026-02-11T064352Z_seed20260211,AgentSelfCheck,VB-300,7,CalcTool,sum,value_equals,True,CalcTool,sum,True,,E0,True
VBrun_scale_microbench_300_2026-02-11T064352Z_seed20260211,AgentSkip,VB-001,1,FileTool,write_csv,artifact_written_exists,True,FileTool,write_csv,True,,E0,True
VBrun_scale_microbench_300_2026-02-11T064352Z_seed20260211,AgentSkip,VB-001,2,FileTool,read_csv,read_after_write_dependency,True,FileTool,read_csv,True,,E0,True
VBrun_scale_microbench_300_2026-02-11T064352Z_seed20260211,AgentSkip,VB-002,1,FileTool,write_csv,artifact_written_exists,True,FileTool,write_csv,True,,E0,True
VBrun_scale_microbench_300_2026-02-11T064352Z_seed20260211,AgentSkip,VB-002,2,FileTool,read_csv,read_after_write_dependency,True,FileTool,read_csv,True,,E0,True
VBrun_scale_microbench_300_2026-02-11T064352Z_seed20260211,AgentSkip,VB-002,3,QueryTool,search,query_hits_reproducible,False,,,True,MISSING_EVENT,E1,False
VBrun_scale_microbench_300_2026-02-11T064352Z_seed20260211,AgentSkip,VB-003,1,FileTool,write_csv,artifact_written_exists,True,FileTool,write_csv,True,,E0,True
VBrun_scale_microbench_300_2026-02-11T064352Z_seed20260211,AgentSkip,VB-003,2,FileTool,read_csv,read_after_write_dependency,True,FileTool,read_csv,True,,E0,True
VBrun_scale_microbench_300_2026-02-11T064352Z_seed20260211,AgentSkip,VB-003,3,QueryTool,search,query_hits_reproducible,False,,,True,MISSING_EVENT,E1,False
VBrun_scale_microbench_300_2026-02-11T064352Z_seed20260211,AgentSkip,VB-003,4,CalcTool,sum,value_equals,True,CalcTool,sum,True,,E0,True
VBrun_scale_microbench_300_2026-02-11T064352Z_seed20260211,AgentSkip,VB-004,1,FileTool,write_csv,artifact_written_exists,True,FileTool,write_csv,True,,E0,True
VBrun_scale_microbench_300_2026-02-11T064352Z_seed20260211,AgentSkip,VB-004,2,FileTool,read_csv,read_after_write_dependency,True,FileTool,read_csv,True,,E0,True
VBrun_scale_microbench_300_2026-02-11T064352Z_seed20260211,AgentSkip,VB-004,3,QueryTool,search,query_hits_reproducible,False,,,True,MISSING_EVENT,E1,False
VBrun_scale_microbench_300_2026-02-11T064352Z_seed20260211,AgentSkip,VB-004,4,CalcTool,sum,value_equals,True,CalcTool,sum,True,,E0,True
VBrun_scale_microbench_300_2026-02-11T064352Z_seed20260211,AgentSkip,VB-004,5,CalcTool,sum,value_equals,True,CalcTool,sum,True,,E0,True
VBrun_scale_microbench_300_2026-02-11T064352Z_seed20260211,AgentSkip,VB-005,1,FileTool,write_csv,artifact_written_exists,True,FileTool,write_csv,True,,E0,True
VBrun_scale_microbench_300_2026-02-11T064352Z_seed20260211,AgentSkip,VB-005,2,FileTool,read_csv,read_after_write_dependency,True,FileTool,read_csv,True,,E0,True
VBrun_scale_microbench_300_2026-02-11T064352Z_seed20260211,AgentSkip,VB-005,3,QueryTool,search,query_hits_reproducible,False,,,True,MISSING_EVENT,E1,False
VBrun_scale_microbench_300_2026-02-11T064352Z_seed20260211,AgentSkip,VB-005,4,CalcTool,sum,value_equals,True,CalcTool,sum,True,,E0,True
VBrun_scale_microbench_300_2026-02-11T064352Z_seed20260211,AgentSkip,VB-005,5,CalcTool,sum,value_equals,True,CalcTool,sum,True,,E0,True
VBrun_scale_microbench_300_2026-02-11T064352Z_seed20260211,AgentSkip,VB-005,6,QueryTool,search,query_hits_reproducible,False,,,True,MISSING_EVENT,E1,False
VBrun_scale_microbench_300_2026-02-11T064352Z_seed20260211,AgentSkip,VB-006,1,FileTool,write_csv,artifact_written_exists,True,FileTool,write_csv,True,,E0,True
VBrun_scale_microbench_300_2026-02-11T064352Z_seed20260211,AgentSkip,VB-006,2,FileTool,read_csv,read_after_write_dependency,True,FileTool,read_csv,True,,E0,True
VBrun_scale_microbench_300_2026-02-11T064352Z_seed20260211,AgentSkip,VB-006,3,QueryTool,search,query_hits_reproducible,False,,,True,MISSING_EVENT,E1,False
VBrun_scale_microbench_300_2026-02-11T064352Z_seed20260211,AgentSkip,VB-006,4,CalcTool,sum,value_equals,True,CalcTool,sum,True,,E0,True
VBrun_scale_microbench_300_2026-02-11T064352Z_seed20260211,AgentSkip,VB-006,5,CalcTool,sum,value_equals,True,CalcTool,sum,True,,E0,True
VBrun_scale_microbench_300_2026-02-11T064352Z_seed20260211,AgentSkip,VB-006,6,QueryTool,search,query_hits_reproducible,False,,,True,MISSING_EVENT,E1,False
VBrun_scale_microbench_300_2026-02-11T064352Z_seed20260211,AgentSkip,VB-006,7,CalcTool,sum,value_equals,True,CalcTool,sum,True,,E0,True
VBrun_scale_microbench_300_2026-02-11T064352Z_seed20260211,AgentSkip,VB-007,1,FileTool,write_csv,artifact_written_exists,True,FileTool,write_csv,True,,E0,True
VBrun_scale_microbench_300_2026-02-11T064352Z_seed20260211,AgentSkip,VB-007,2,FileTool,read_csv,read_after_write_dependency,True,FileTool,read_csv,True,,E0,True
VBrun_scale_microbench_300_2026-02-11T064352Z_seed20260211,AgentSkip,VB-007,3,QueryTool,search,query_hits_reproducible,False,,,True,MISSING_EVENT,E1,False
VBrun_scale_microbench_300_2026-02-11T064352Z_seed20260211,AgentSkip,VB-007,4,CalcTool,sum,value_equals,True,CalcTool,sum,True,,E0,True
VBrun_scale_microbench_300_2026-02-11T064352Z_seed20260211,AgentSkip,VB-007,5,CalcTool,sum,value_equals,True,CalcTool,sum,True,,E0,True
VBrun_scale_microbench_300_2026-02-11T064352Z_seed20260211,AgentSkip,VB-007,6,QueryTool,search,query_hits_reproducible,False,,,True,MISSING_EVENT,E1,False
VBrun_scale_microbench_300_2026-02-11T064352Z_seed20260211,AgentSkip,VB-007,7,CalcTool,sum,value_equals,True,CalcTool,sum,True,,E0,True
VBrun_scale_microbench_300_2026-02-11T064352Z_seed20260211,AgentSkip,VB-007,8,CalcTool,sum,value_equals,True,CalcTool,sum,True,,E0,True
VBrun_scale_microbench_300_2026-02-11T064352Z_seed20260211,AgentSkip,VB-008,1,FileTool,write_csv,artifact_written_exists,True,FileTool,write_csv,True,,E0,True
VBrun_scale_microbench_300_2026-02-11T064352Z_seed20260211,AgentSkip,VB-008,2,FileTool,read_csv,read_after_write_dependency,True,FileTool,read_csv,True,,E0,True
VBrun_scale_microbench_300_2026-02-11T064352Z_seed20260211,AgentSkip,VB-009,1,FileTool,write_csv,artifact_written_exists,True,FileTool,write_csv,True,,E0,True
VBrun_scale_microbench_300_2026-02-11T064352Z_seed20260211,AgentSkip,VB-009,2,FileTool,read_csv,read_after_write_dependency,True,FileTool,read_csv,True,,E0,True
VBrun_scale_microbench_300_2026-02-11T064352Z_seed20260211,AgentSkip,VB-009,3,QueryTool,search,query_hits_reproducible,False,,,True,MISSING_EVENT,E1,False
VBrun_scale_microbench_300_2026-02-11T064352Z_seed20260211,AgentSkip,VB-010,1,FileTool,write_csv,artifact_written_exists,True,FileTool,write_csv,True,,E0,True
VBrun_scale_microbench_300_2026-02-11T064352Z_seed20260211,AgentSkip,VB-010,2,FileTool,read_csv,read_after_write_dependency,True,FileTool,read_csv,True,,E0,True
VBrun_scale_microbench_300_2026-02-11T064352Z_seed20260211,AgentSkip,VB-010,3,QueryTool,search,query_hits_reproducible,False,,,True,MISSING_EVENT,E1,False
VBrun_scale_microbench_300_2026-02-11T064352Z_seed20260211,AgentSkip,VB-010,4,CalcTool,sum,value_equals,True,CalcTool,sum,True,,E0,True
VBrun_scale_microbench_300_2026-02-11T064352Z_seed20260211,AgentSkip,VB-011,1,FileTool,write_csv,artifact_written_exists,True,FileTool,write_csv,True,,E0,True
VBrun_scale_microbench_300_2026-02-11T064352Z_seed20260211,AgentSkip,VB-011,2,FileTool,read_csv,read_after_write_dependency,True,FileTool,read_csv,True,,E0,True
VBrun_scale_microbench_300_2026-02-11T064352Z_seed20260211,AgentSkip,VB-011,3,QueryTool,search,query_hits_reproducible,False,,,True,MISSING_EVENT,E1,False
VBrun_scale_microbench_300_2026-02-11T064352Z_seed20260211,AgentSkip,VB-011,4,CalcTool,sum,value_equals,True,CalcTool,sum,True,,E0,True
VBrun_scale_microbench_300_2026-02-11T064352Z_seed20260211,AgentSkip,VB-011,5,CalcTool,sum,value_equals,True,CalcTool,sum,True,,E0,True
VBrun_scale_microbench_300_2026-02-11T064352Z_seed20260211,AgentSkip,VB-012,1,FileTool,write_csv,artifact_written_exists,True,FileTool,write_csv,True,,E0,True
VBrun_scale_microbench_300_2026-02-11T064352Z_seed20260211,AgentSkip,VB-012,2,FileTool,read_csv,read_after_write_dependency,True,FileTool,read_csv,True,,E0,True
VBrun_scale_microbench_300_2026-02-11T064352Z_seed20260211,AgentSkip,VB-012,3,QueryTool,search,query_hits_reproducible,False,,,True,MISSING_EVENT,E1,False
VBrun_scale_microbench_300_2026-02-11T064352Z_seed20260211,AgentSkip,VB-012,4,CalcTool,sum,value_equals,True,CalcTool,sum,True,,E0,True
VBrun_scale_microbench_300_2026-02-11T064352Z_seed20260211,AgentSkip,VB-012,5,CalcTool,sum,value_equals,True,CalcTool,sum,True,,E0,True
VBrun_scale_microbench_300_2026-02-11T064352Z_seed20260211,AgentSkip,VB-012,6,QueryTool,search,query_hits_reproducible,False,,,True,MISSING_EVENT,E1,False
VBrun_scale_microbench_300_2026-02-11T064352Z_seed20260211,AgentSkip,VB-013,1,FileTool,write_csv,artifact_written_exists,True,FileTool,write_csv,True,,E0,True
VBrun_scale_microbench_300_2026-02-11T064352Z_seed20260211,AgentSkip,VB-013,2,FileTool,read_csv,read_after_write_dependency,True,FileTool,read_csv,True,,E0,True
VBrun_scale_microbench_300_2026-02-11T064352Z_seed20260211,AgentSkip,VB-013,3,QueryTool,search,query_hits_reproducible,False,,,True,MISSING_EVENT,E1,False
VBrun_scale_microbench_300_2026-02-11T064352Z_seed20260211,AgentSkip,VB-013,4,CalcTool,sum,value_equals,True,CalcTool,sum,True,,E0,True
VBrun_scale_microbench_300_2026-02-11T064352Z_seed20260211,AgentSkip,VB-013,5,CalcTool,sum,value_equals,True,CalcTool,sum,True,,E0,True
VBrun_scale_microbench_300_2026-02-11T064352Z_seed20260211,AgentSkip,VB-013,6,QueryTool,search,query_hits_reproducible,False,,,True,MISSING_EVENT,E1,False
VBrun_scale_microbench_300_2026-02-11T064352Z_seed20260211,AgentSkip,VB-013,7,CalcTool,sum,value_equals,True,CalcTool,sum,True,,E0,True
VBrun_scale_microbench_300_2026-02-11T064352Z_seed20260211,AgentSkip,VB-014,1,FileTool,write_csv,artifact_written_exists,True,FileTool,write_csv,True,,E0,True
VBrun_scale_microbench_300_2026-02-11T064352Z_seed20260211,AgentSkip,VB-014,2,FileTool,read_csv,read_after_write_dependency,True,FileTool,read_csv,True,,E0,True
VBrun_scale_microbench_300_2026-02-11T064352Z_seed20260211,AgentSkip,VB-014,3,QueryTool,search,query_hits_reproducible,False,,,True,MISSING_EVENT,E1,False
VBrun_scale_microbench_300_2026-02-11T064352Z_seed20260211,AgentSkip,VB-014,4,CalcTool,sum,value_equals,True,CalcTool,sum,True,,E0,True
VBrun_scale_microbench_300_2026-02-11T064352Z_seed20260211,AgentSkip,VB-014,5,CalcTool,sum,value_equals,True,CalcTool,sum,True,,E0,True
VBrun_scale_microbench_300_2026-02-11T064352Z_seed20260211,AgentSkip,VB-014,6,QueryTool,search,query_hits_reproducible,False,,,True,MISSING_EVENT,E1,False
VBrun_scale_microbench_300_2026-02-11T064352Z_seed20260211,AgentSkip,VB-014,7,CalcTool,sum,value_equals,True,CalcTool,sum,True,,E0,True
VBrun_scale_microbench_300_2026-02-11T064352Z_seed20260211,AgentSkip,VB-014,8,CalcTool,sum,value_equals,True,CalcTool,sum,True,,E0,True
VBrun_scale_microbench_300_2026-02-11T064352Z_seed20260211,AgentSkip,VB-015,1,FileTool,write_csv,artifact_written_exists,True,FileTool,write_csv,True,,E0,True
VBrun_scale_microbench_300_2026-02-11T064352Z_seed20260211,AgentSkip,VB-015,2,FileTool,read_csv,read_after_write_dependency,True,FileTool,read_csv,True,,E0,True
VBrun_scale_microbench_300_2026-02-11T064352Z_seed20260211,AgentSkip,VB-016,1,FileTool,write_csv,artifact_written_exists,True,FileTool,write_csv,True,,E0,True
VBrun_scale_microbench_300_2026-02-11T064352Z_seed20260211,AgentSkip,VB-016,2,FileTool,read_csv,read_after_write_dependency,True,FileTool,read_csv,True,,E0,True
VBrun_scale_microbench_300_2026-02-11T064352Z_seed20260211,AgentSkip,VB-016,3,QueryTool,search,query_hits_reproducible,False,,,True,MISSING_EVENT,E1,False
VBrun_scale_microbench_300_2026-02-11T064352Z_seed20260211,AgentSkip,VB-017,1,FileTool,write_csv,artifact_written_exists,True,FileTool,write_csv,True,,E0,True
VBrun_scale_microbench_300_2026-02-11T064352Z_seed20260211,AgentSkip,VB-017,2,FileTool,read_csv,read_after_write_dependency,True,FileTool,read_csv,True,,E0,True
VBrun_scale_microbench_300_2026-02-11T064352Z_seed20260211,AgentSkip,VB-017,3,QueryTool,search,query_hits_reproducible,False,,,True,MISSING_EVENT,E1,False
VBrun_scale_microbench_300_2026-02-11T064352Z_seed20260211,AgentSkip,VB-017,4,CalcTool,sum,value_equals,True,CalcTool,sum,True,,E0,True
VBrun_scale_microbench_300_2026-02-11T064352Z_seed20260211,AgentSkip,VB-018,1,FileTool,write_csv,artifact_written_exists,True,FileTool,write_csv,True,,E0,True
VBrun_scale_microbench_300_2026-02-11T064352Z_seed20260211,AgentSkip,VB-018,2,FileTool,read_csv,read_after_write_dependency,True,FileTool,read_csv,True,,E0,True
VBrun_scale_microbench_300_2026-02-11T064352Z_seed20260211,AgentSkip,VB-018,3,QueryTool,search,query_hits_reproducible,False,,,True,MISSING_EVENT,E1,False
VBrun_scale_microbench_300_2026-02-11T064352Z_seed20260211,AgentSkip,VB-018,4,CalcTool,sum,value_equals,True,CalcTool,sum,True,,E0,True
VBrun_scale_microbench_300_2026-02-11T064352Z_seed20260211,AgentSkip,VB-018,5,CalcTool,sum,value_equals,True,CalcTool,sum,True,,E0,True
VBrun_scale_microbench_300_2026-02-11T064352Z_seed20260211,AgentSkip,VB-019,1,FileTool,write_csv,artifact_written_exists,True,FileTool,write_csv,True,,E0,True
VBrun_scale_microbench_300_2026-02-11T064352Z_seed20260211,AgentSkip,VB-019,2,FileTool,read_csv,read_after_write_dependency,True,FileTool,read_csv,True,,E0,True
VBrun_scale_microbench_300_2026-02-11T064352Z_seed20260211,AgentSkip,VB-019,3,QueryTool,search,query_hits_reproducible,False,,,True,MISSING_EVENT,E1,False
VBrun_scale_microbench_300_2026-02-11T064352Z_seed20260211,AgentSkip,VB-019,4,CalcTool,sum,value_equals,True,CalcTool,sum,True,,E0,True
VBrun_scale_microbench_300_2026-02-11T064352Z_seed20260211,AgentSkip,VB-019,5,CalcTool,sum,value_equals,True,CalcTool,sum,True,,E0,True
VBrun_scale_microbench_300_2026-02-11T064352Z_seed20260211,AgentSkip,VB-019,6,QueryTool,search,query_hits_reproducible,False,,,True,MISSING_EVENT,E1,False
VBrun_scale_microbench_300_2026-02-11T064352Z_seed20260211,AgentSkip,VB-020,1,FileTool,write_csv,artifact_written_exists,True,FileTool,write_csv,True,,E0,True
VBrun_scale_microbench_300_2026-02-11T064352Z_seed20260211,AgentSkip,VB-020,2,FileTool,read_csv,read_after_write_dependency,True,FileTool,read_csv,True,,E0,True
VBrun_scale_microbench_300_2026-02-11T064352Z_seed20260211,AgentSkip,VB-020,3,QueryTool,search,query_hits_reproducible,False,,,True,MISSING_EVENT,E1,False
VBrun_scale_microbench_300_2026-02-11T064352Z_seed20260211,AgentSkip,VB-020,4,CalcTool,sum,value_equals,True,CalcTool,sum,True,,E0,True
VBrun_scale_microbench_300_2026-02-11T064352Z_seed20260211,AgentSkip,VB-020,5,CalcTool,sum,value_equals,True,CalcTool,sum,True,,E0,True
VBrun_scale_microbench_300_2026-02-11T064352Z_seed20260211,AgentSkip,VB-020,6,QueryTool,search,query_hits_reproducible,False,,,True,MISSING_EVENT,E1,False
VBrun_scale_microbench_300_2026-02-11T064352Z_seed20260211,AgentSkip,VB-020,7,CalcTool,sum,value_equals,True,CalcTool,sum,True,,E0,True
VBrun_scale_microbench_300_2026-02-11T064352Z_seed20260211,AgentSkip,VB-021,1,FileTool,write_csv,artifact_written_exists,True,FileTool,write_csv,True,,E0,True
VBrun_scale_microbench_300_2026-02-11T064352Z_seed20260211,AgentSkip,VB-021,2,FileTool,read_csv,read_after_write_dependency,True,FileTool,read_csv,True,,E0,True
VBrun_scale_microbench_300_2026-02-11T064352Z_seed20260211,AgentSkip,VB-021,3,QueryTool,search,query_hits_reproducible,False,,,True,MISSING_EVENT,E1,False
VBrun_scale_microbench_300_2026-02-11T064352Z_seed20260211,AgentSkip,VB-021,4,CalcTool,sum,value_equals,True,CalcTool,sum,True,,E0,True
VBrun_scale_microbench_300_2026-02-11T064352Z_seed20260211,AgentSkip,VB-021,5,CalcTool,sum,value_equals,True,CalcTool,sum,True,,E0,True
VBrun_scale_microbench_300_2026-02-11T064352Z_seed20260211,AgentSkip,VB-021,6,QueryTool,search,query_hits_reproducible,False,,,True,MISSING_EVENT,E1,False
VBrun_scale_microbench_300_2026-02-11T064352Z_seed20260211,AgentSkip,VB-021,7,CalcTool,sum,value_equals,True,CalcTool,sum,True,,E0,True
VBrun_scale_microbench_300_2026-02-11T064352Z_seed20260211,AgentSkip,VB-021,8,CalcTool,sum,value_equals,True,CalcTool,sum,True,,E0,True
VBrun_scale_microbench_300_2026-02-11T064352Z_seed20260211,AgentSkip,VB-022,1,FileTool,write_csv,artifact_written_exists,True,FileTool,write_csv,True,,E0,True
VBrun_scale_microbench_300_2026-02-11T064352Z_seed20260211,AgentSkip,VB-022,2,FileTool,read_csv,read_after_write_dependency,True,FileTool,read_csv,True,,E0,True
VBrun_scale_microbench_300_2026-02-11T064352Z_seed20260211,AgentSkip,VB-023,1,FileTool,write_csv,artifact_written_exists,True,FileTool,write_csv,True,,E0,True
VBrun_scale_microbench_300_2026-02-11T064352Z_seed20260211,AgentSkip,VB-023,2,FileTool,read_csv,read_after_write_dependency,True,FileTool,read_csv,True,,E0,True
VBrun_scale_microbench_300_2026-02-11T064352Z_seed20260211,AgentSkip,VB-023,3,QueryTool,search,query_hits_reproducible,False,,,True,MISSING_EVENT,E1,False
VBrun_scale_microbench_300_2026-02-11T064352Z_seed20260211,AgentSkip,VB-024,1,FileTool,write_csv,artifact_written_exists,True,FileTool,write_csv,True,,E0,True
VBrun_scale_microbench_300_2026-02-11T064352Z_seed20260211,AgentSkip,VB-024,2,FileTool,read_csv,read_after_write_dependency,True,FileTool,read_csv,True,,E0,True
VBrun_scale_microbench_300_2026-02-11T064352Z_seed20260211,AgentSkip,VB-024,3,QueryTool,search,query_hits_reproducible,False,,,True,MISSING_EVENT,E1,False
VBrun_scale_microbench_300_2026-02-11T064352Z_seed20260211,AgentSkip,VB-024,4,CalcTool,sum,value_equals,True,CalcTool,sum,True,,E0,True
VBrun_scale_microbench_300_2026-02-11T064352Z_seed20260211,AgentSkip,VB-025,1,FileTool,write_csv,artifact_written_exists,True,FileTool,write_csv,True,,E0,True
VBrun_scale_microbench_300_2026-02-11T064352Z_seed20260211,AgentSkip,VB-025,2,FileTool,read_csv,read_after_write_dependency,True,FileTool,read_csv,True,,E0,True
VBrun_scale_microbench_300_2026-02-11T064352Z_seed20260211,AgentSkip,VB-025,3,QueryTool,search,query_hits_reproducible,False,,,True,MISSING_EVENT,E1,False
VBrun_scale_microbench_300_2026-02-11T064352Z_seed20260211,AgentSkip,VB-025,4,CalcTool,sum,value_equals,True,CalcTool,sum,True,,E0,True
VBrun_scale_microbench_300_2026-02-11T064352Z_seed20260211,AgentSkip,VB-025,5,CalcTool,sum,value_equals,True,CalcTool,sum,True,,E0,True
VBrun_scale_microbench_300_2026-02-11T064352Z_seed20260211,AgentSkip,VB-026,1,FileTool,write_csv,artifact_written_exists,True,FileTool,write_csv,True,,E0,True
VBrun_scale_microbench_300_2026-02-11T064352Z_seed20260211,AgentSkip,VB-026,2,FileTool,read_csv,read_after_write_dependency,True,FileTool,read_csv,True,,E0,True
VBrun_scale_microbench_300_2026-02-11T064352Z_seed20260211,AgentSkip,VB-026,3,QueryTool,search,query_hits_reproducible,False,,,True,MISSING_EVENT,E1,False
VBrun_scale_microbench_300_2026-02-11T064352Z_seed20260211,AgentSkip,VB-026,4,CalcTool,sum,value_equals,True,CalcTool,sum,True,,E0,True
VBrun_scale_microbench_300_2026-02-11T064352Z_seed20260211,AgentSkip,VB-026,5,CalcTool,sum,value_equals,True,CalcTool,sum,True,,E0,True
VBrun_scale_microbench_300_2026-02-11T064352Z_seed20260211,AgentSkip,VB-026,6,QueryTool,search,query_hits_reproducible,False,,,True,MISSING_EVENT,E1,False
VBrun_scale_microbench_300_2026-02-11T064352Z_seed20260211,AgentSkip,VB-027,1,FileTool,write_csv,artifact_written_exists,True,FileTool,write_csv,True,,E0,True
VBrun_scale_microbench_300_2026-02-11T064352Z_seed20260211,AgentSkip,VB-027,2,FileTool,read_csv,read_after_write_dependency,True,FileTool,read_csv,True,,E0,True
VBrun_scale_microbench_300_2026-02-11T064352Z_seed20260211,AgentSkip,VB-027,3,QueryTool,search,query_hits_reproducible,False,,,True,MISSING_EVENT,E1,False
VBrun_scale_microbench_300_2026-02-11T064352Z_seed20260211,AgentSkip,VB-027,4,CalcTool,sum,value_equals,True,CalcTool,sum,True,,E0,True
VBrun_scale_microbench_300_2026-02-11T064352Z_seed20260211,AgentSkip,VB-027,5,CalcTool,sum,value_equals,True,CalcTool,sum,True,,E0,True
VBrun_scale_microbench_300_2026-02-11T064352Z_seed20260211,AgentSkip,VB-027,6,QueryTool,search,query_hits_reproducible,False,,,True,MISSING_EVENT,E1,False
VBrun_scale_microbench_300_2026-02-11T064352Z_seed20260211,AgentSkip,VB-027,7,CalcTool,sum,value_equals,True,CalcTool,sum,True,,E0,True
VBrun_scale_microbench_300_2026-02-11T064352Z_seed20260211,AgentSkip,VB-028,1,FileTool,write_csv,artifact_written_exists,True,FileTool,write_csv,True,,E0,True
VBrun_scale_microbench_300_2026-02-11T064352Z_seed20260211,AgentSkip,VB-028,2,FileTool,read_csv,read_after_write_dependency,True,FileTool,read_csv,True,,E0,True
VBrun_scale_microbench_300_2026-02-11T064352Z_seed20260211,AgentSkip,VB-028,3,QueryTool,search,query_hits_reproducible,False,,,True,MISSING_EVENT,E1,False
VBrun_scale_microbench_300_2026-02-11T064352Z_seed20260211,AgentSkip,VB-028,4,CalcTool,sum,value_equals,True,CalcTool,sum,True,,E0,True
VBrun_scale_microbench_300_2026-02-11T064352Z_seed20260211,AgentSkip,VB-028,5,CalcTool,sum,value_equals,True,CalcTool,sum,True,,E0,True
VBrun_scale_microbench_300_2026-02-11T064352Z_seed20260211,AgentSkip,VB-028,6,QueryTool,search,query_hits_reproducible,False,,,True,MISSING_EVENT,E1,False
VBrun_scale_microbench_300_2026-02-11T064352Z_seed20260211,AgentSkip,VB-028,7,CalcTool,sum,value_equals,True,CalcTool,sum,True,,E0,True
VBrun_scale_microbench_300_2026-02-11T064352Z_seed20260211,AgentSkip,VB-028,8,CalcTool,sum,value_equals,True,CalcTool,sum,True,,E0,True
VBrun_scale_microbench_300_2026-02-11T064352Z_seed20260211,AgentSkip,VB-029,1,FileTool,write_csv,artifact_written_exists,True,FileTool,write_csv,True,,E0,True
VBrun_scale_microbench_300_2026-02-11T064352Z_seed20260211,AgentSkip,VB-029,2,FileTool,read_csv,read_after_write_dependency,True,FileTool,read_csv,True,,E0,True
VBrun_scale_microbench_300_2026-02-11T064352Z_seed20260211,AgentSkip,VB-030,1,FileTool,write_csv,artifact_written_exists,True,FileTool,write_csv,True,,E0,True
VBrun_scale_microbench_300_2026-02-11T064352Z_seed20260211,AgentSkip,VB-030,2,FileTool,read_csv,read_after_write_dependency,True,FileTool,read_csv,True,,E0,True
VBrun_scale_microbench_300_2026-02-11T064352Z_seed20260211,AgentSkip,VB-030,3,QueryTool,search,query_hits_reproducible,False,,,True,MISSING_EVENT,E1,False
VBrun_scale_microbench_300_2026-02-11T064352Z_seed20260211,AgentSkip,VB-031,1,FileTool,write_csv,artifact_written_exists,True,FileTool,write_csv,True,,E0,True
VBrun_scale_microbench_300_2026-02-11T064352Z_seed20260211,AgentSkip,VB-031,2,FileTool,read_csv,read_after_write_dependency,True,FileTool,read_csv,True,,E0,True
VBrun_scale_microbench_300_2026-02-11T064352Z_seed20260211,AgentSkip,VB-031,3,QueryTool,search,query_hits_reproducible,False,,,True,MISSING_EVENT,E1,False
VBrun_scale_microbench_300_2026-02-11T064352Z_seed20260211,AgentSkip,VB-031,4,CalcTool,sum,value_equals,True,CalcTool,sum,True,,E0,True
VBrun_scale_microbench_300_2026-02-11T064352Z_seed20260211,AgentSkip,VB-032,1,FileTool,write_csv,artifact_written_exists,True,FileTool,write_csv,True,,E0,True
VBrun_scale_microbench_300_2026-02-11T064352Z_seed20260211,AgentSkip,VB-032,2,FileTool,read_csv,read_after_write_dependency,True,FileTool,read_csv,True,,E0,True
VBrun_scale_microbench_300_2026-02-11T064352Z_seed20260211,AgentSkip,VB-032,3,QueryTool,search,query_hits_reproducible,False,,,True,MISSING_EVENT,E1,False
VBrun_scale_microbench_300_2026-02-11T064352Z_seed20260211,AgentSkip,VB-032,4,CalcTool,sum,value_equals,True,CalcTool,sum,True,,E0,True
VBrun_scale_microbench_300_2026-02-11T064352Z_seed20260211,AgentSkip,VB-032,5,CalcTool,sum,value_equals,True,CalcTool,sum,True,,E0,True
VBrun_scale_microbench_300_2026-02-11T064352Z_seed20260211,AgentSkip,VB-033,1,FileTool,write_csv,artifact_written_exists,True,FileTool,write_csv,True,,E0,True
VBrun_scale_microbench_300_2026-02-11T064352Z_seed20260211,AgentSkip,VB-033,2,FileTool,read_csv,read_after_write_dependency,True,FileTool,read_csv,True,,E0,True
VBrun_scale_microbench_300_2026-02-11T064352Z_seed20260211,AgentSkip,VB-033,3,QueryTool,search,query_hits_reproducible,False,,,True,MISSING_EVENT,E1,False
VBrun_scale_microbench_300_2026-02-11T064352Z_seed20260211,AgentSkip,VB-033,4,CalcTool,sum,value_equals,True,CalcTool,sum,True,,E0,True
VBrun_scale_microbench_300_2026-02-11T064352Z_seed20260211,AgentSkip,VB-033,5,CalcTool,sum,value_equals,True,CalcTool,sum,True,,E0,True
VBrun_scale_microbench_300_2026-02-11T064352Z_seed20260211,AgentSkip,VB-033,6,QueryTool,search,query_hits_reproducible,False,,,True,MISSING_EVENT,E1,False
VBrun_scale_microbench_300_2026-02-11T064352Z_seed20260211,AgentSkip,VB-034,1,FileTool,write_csv,artifact_written_exists,True,FileTool,write_csv,True,,E0,True
VBrun_scale_microbench_300_2026-02-11T064352Z_seed20260211,AgentSkip,VB-034,2,FileTool,read_csv,read_after_write_dependency,True,FileTool,read_csv,True,,E0,True
VBrun_scale_microbench_300_2026-02-11T064352Z_seed20260211,AgentSkip,VB-034,3,QueryTool,search,query_hits_reproducible,False,,,True,MISSING_EVENT,E1,False
VBrun_scale_microbench_300_2026-02-11T064352Z_seed20260211,AgentSkip,VB-034,4,CalcTool,sum,value_equals,True,CalcTool,sum,True,,E0,True
VBrun_scale_microbench_300_2026-02-11T064352Z_seed20260211,AgentSkip,VB-034,5,CalcTool,sum,value_equals,True,CalcTool,sum,True,,E0,True
VBrun_scale_microbench_300_2026-02-11T064352Z_seed20260211,AgentSkip,VB-034,6,QueryTool,search,query_hits_reproducible,False,,,True,MISSING_EVENT,E1,False
VBrun_scale_microbench_300_2026-02-11T064352Z_seed20260211,AgentSkip,VB-034,7,CalcTool,sum,value_equals,True,CalcTool,sum,True,,E0,True
VBrun_scale_microbench_300_2026-02-11T064352Z_seed20260211,AgentSkip,VB-035,1,FileTool,write_csv,artifact_written_exists,True,FileTool,write_csv,True,,E0,True
VBrun_scale_microbench_300_2026-02-11T064352Z_seed20260211,AgentSkip,VB-035,2,FileTool,read_csv,read_after_write_dependency,True,FileTool,read_csv,True,,E0,True
VBrun_scale_microbench_300_2026-02-11T064352Z_seed20260211,AgentSkip,VB-035,3,QueryTool,search,query_hits_reproducible,False,,,True,MISSING_EVENT,E1,False
VBrun_scale_microbench_300_2026-02-11T064352Z_seed20260211,AgentSkip,VB-035,4,CalcTool,sum,value_equals,True,CalcTool,sum,True,,E0,True
VBrun_scale_microbench_300_2026-02-11T064352Z_seed20260211,AgentSkip,VB-035,5,CalcTool,sum,value_equals,True,CalcTool,sum,True,,E0,True
VBrun_scale_microbench_300_2026-02-11T064352Z_seed20260211,AgentSkip,VB-035,6,QueryTool,search,query_hits_reproducible,False,,,True,MISSING_EVENT,E1,False
VBrun_scale_microbench_300_2026-02-11T064352Z_seed20260211,AgentSkip,VB-035,7,CalcTool,sum,value_equals,True,CalcTool,sum,True,,E0,True
VBrun_scale_microbench_300_2026-02-11T064352Z_seed20260211,AgentSkip,VB-035,8,CalcTool,sum,value_equals,True,CalcTool,sum,True,,E0,True
VBrun_scale_microbench_300_2026-02-11T064352Z_seed20260211,AgentSkip,VB-036,1,FileTool,write_csv,artifact_written_exists,True,FileTool,write_csv,True,,E0,True
VBrun_scale_microbench_300_2026-02-11T064352Z_seed20260211,AgentSkip,VB-036,2,FileTool,read_csv,read_after_write_dependency,True,FileTool,read_csv,True,,E0,True
VBrun_scale_microbench_300_2026-02-11T064352Z_seed20260211,AgentSkip,VB-037,1,FileTool,write_csv,artifact_written_exists,True,FileTool,write_csv,True,,E0,True
VBrun_scale_microbench_300_2026-02-11T064352Z_seed20260211,AgentSkip,VB-037,2,FileTool,read_csv,read_after_write_dependency,True,FileTool,read_csv,True,,E0,True
VBrun_scale_microbench_300_2026-02-11T064352Z_seed20260211,AgentSkip,VB-037,3,QueryTool,search,query_hits_reproducible,False,,,True,MISSING_EVENT,E1,False
VBrun_scale_microbench_300_2026-02-11T064352Z_seed20260211,AgentSkip,VB-038,1,FileTool,write_csv,artifact_written_exists,True,FileTool,write_csv,True,,E0,True
VBrun_scale_microbench_300_2026-02-11T064352Z_seed20260211,AgentSkip,VB-038,2,FileTool,read_csv,read_after_write_dependency,True,FileTool,read_csv,True,,E0,True
VBrun_scale_microbench_300_2026-02-11T064352Z_seed20260211,AgentSkip,VB-038,3,QueryTool,search,query_hits_reproducible,False,,,True,MISSING_EVENT,E1,False
VBrun_scale_microbench_300_2026-02-11T064352Z_seed20260211,AgentSkip,VB-038,4,CalcTool,sum,value_equals,True,CalcTool,sum,True,,E0,True
VBrun_scale_microbench_300_2026-02-11T064352Z_seed20260211,AgentSkip,VB-039,1,FileTool,write_csv,artifact_written_exists,True,FileTool,write_csv,True,,E0,True
VBrun_scale_microbench_300_2026-02-11T064352Z_seed20260211,AgentSkip,VB-039,2,FileTool,read_csv,read_after_write_dependency,True,FileTool,read_csv,True,,E0,True
VBrun_scale_microbench_300_2026-02-11T064352Z_seed20260211,AgentSkip,VB-039,3,QueryTool,search,query_hits_reproducible,False,,,True,MISSING_EVENT,E1,False
VBrun_scale_microbench_300_2026-02-11T064352Z_seed20260211,AgentSkip,VB-039,4,CalcTool,sum,value_equals,True,CalcTool,sum,True,,E0,True
VBrun_scale_microbench_300_2026-02-11T064352Z_seed20260211,AgentSkip,VB-039,5,CalcTool,sum,value_equals,True,CalcTool,sum,True,,E0,True
VBrun_scale_microbench_300_2026-02-11T064352Z_seed20260211,AgentSkip,VB-040,1,FileTool,write_csv,artifact_written_exists,True,FileTool,write_csv,True,,E0,True
VBrun_scale_microbench_300_2026-02-11T064352Z_seed20260211,AgentSkip,VB-040,2,FileTool,read_csv,read_after_write_dependency,True,FileTool,read_csv,True,,E0,True
VBrun_scale_microbench_300_2026-02-11T064352Z_seed20260211,AgentSkip,VB-040,3,QueryTool,search,query_hits_reproducible,False,,,True,MISSING_EVENT,E1,False
VBrun_scale_microbench_300_2026-02-11T064352Z_seed20260211,AgentSkip,VB-040,4,CalcTool,sum,value_equals,True,CalcTool,sum,True,,E0,True
VBrun_scale_microbench_300_2026-02-11T064352Z_seed20260211,AgentSkip,VB-040,5,CalcTool,sum,value_equals,True,CalcTool,sum,True,,E0,True
VBrun_scale_microbench_300_2026-02-11T064352Z_seed20260211,AgentSkip,VB-040,6,QueryTool,search,query_hits_reproducible,False,,,True,MISSING_EVENT,E1,False
VBrun_scale_microbench_300_2026-02-11T064352Z_seed20260211,AgentSkip,VB-041,1,FileTool,write_csv,artifact_written_exists,True,FileTool,write_csv,True,,E0,True
VBrun_scale_microbench_300_2026-02-11T064352Z_seed20260211,AgentSkip,VB-041,2,FileTool,read_csv,read_after_write_dependency,True,FileTool,read_csv,True,,E0,True
VBrun_scale_microbench_300_2026-02-11T064352Z_seed20260211,AgentSkip,VB-041,3,QueryTool,search,query_hits_reproducible,False,,,True,MISSING_EVENT,E1,False
VBrun_scale_microbench_300_2026-02-11T064352Z_seed20260211,AgentSkip,VB-041,4,CalcTool,sum,value_equals,True,CalcTool,sum,True,,E0,True
VBrun_scale_microbench_300_2026-02-11T064352Z_seed20260211,AgentSkip,VB-041,5,CalcTool,sum,value_equals,True,CalcTool,sum,True,,E0,True
VBrun_scale_microbench_300_2026-02-11T064352Z_seed20260211,AgentSkip,VB-041,6,QueryTool,search,query_hits_reproducible,False,,,True,MISSING_EVENT,E1,False
VBrun_scale_microbench_300_2026-02-11T064352Z_seed20260211,AgentSkip,VB-041,7,CalcTool,sum,value_equals,True,CalcTool,sum,True,,E0,True
VBrun_scale_microbench_300_2026-02-11T064352Z_seed20260211,AgentSkip,VB-042,1,FileTool,write_csv,artifact_written_exists,True,FileTool,write_csv,True,,E0,True
VBrun_scale_microbench_300_2026-02-11T064352Z_seed20260211,AgentSkip,VB-042,2,FileTool,read_csv,read_after_write_dependency,True,FileTool,read_csv,True,,E0,True
VBrun_scale_microbench_300_2026-02-11T064352Z_seed20260211,AgentSkip,VB-042,3,QueryTool,search,query_hits_reproducible,False,,,True,MISSING_EVENT,E1,False
VBrun_scale_microbench_300_2026-02-11T064352Z_seed20260211,AgentSkip,VB-042,4,CalcTool,sum,value_equals,True,CalcTool,sum,True,,E0,True
VBrun_scale_microbench_300_2026-02-11T064352Z_seed20260211,AgentSkip,VB-042,5,CalcTool,sum,value_equals,True,CalcTool,sum,True,,E0,True
VBrun_scale_microbench_300_2026-02-11T064352Z_seed20260211,AgentSkip,VB-042,6,QueryTool,search,query_hits_reproducible,False,,,True,MISSING_EVENT,E1,False
VBrun_scale_microbench_300_2026-02-11T064352Z_seed20260211,AgentSkip,VB-042,7,CalcTool,sum,value_equals,True,CalcTool,sum,True,,E0,True
VBrun_scale_microbench_300_2026-02-11T064352Z_seed20260211,AgentSkip,VB-042,8,CalcTool,sum,value_equals,True,CalcTool,sum,True,,E0,True
VBrun_scale_microbench_300_2026-02-11T064352Z_seed20260211,AgentSkip,VB-043,1,FileTool,write_csv,artifact_written_exists,True,FileTool,write_csv,True,,E0,True
VBrun_scale_microbench_300_2026-02-11T064352Z_seed20260211,AgentSkip,VB-043,2,FileTool,read_csv,read_after_write_dependency,True,FileTool,read_csv,True,,E0,True
VBrun_scale_microbench_300_2026-02-11T064352Z_seed20260211,AgentSkip,VB-044,1,FileTool,write_csv,artifact_written_exists,True,FileTool,write_csv,True,,E0,True
VBrun_scale_microbench_300_2026-02-11T064352Z_seed20260211,AgentSkip,VB-044,2,FileTool,read_csv,read_after_write_dependency,True,FileTool,read_csv,True,,E0,True
VBrun_scale_microbench_300_2026-02-11T064352Z_seed20260211,AgentSkip,VB-044,3,QueryTool,search,query_hits_reproducible,False,,,True,MISSING_EVENT,E1,False
VBrun_scale_microbench_300_2026-02-11T064352Z_seed20260211,AgentSkip,VB-045,1,FileTool,write_csv,artifact_written_exists,True,FileTool,write_csv,True,,E0,True
VBrun_scale_microbench_300_2026-02-11T064352Z_seed20260211,AgentSkip,VB-045,2,FileTool,read_csv,read_after_write_dependency,True,FileTool,read_csv,True,,E0,True
VBrun_scale_microbench_300_2026-02-11T064352Z_seed20260211,AgentSkip,VB-045,3,QueryTool,search,query_hits_reproducible,False,,,True,MISSING_EVENT,E1,False
VBrun_scale_microbench_300_2026-02-11T064352Z_seed20260211,AgentSkip,VB-045,4,CalcTool,sum,value_equals,True,CalcTool,sum,True,,E0,True
VBrun_scale_microbench_300_2026-02-11T064352Z_seed20260211,AgentSkip,VB-046,1,FileTool,write_csv,artifact_written_exists,True,FileTool,write_csv,True,,E0,True
VBrun_scale_microbench_300_2026-02-11T064352Z_seed20260211,AgentSkip,VB-046,2,FileTool,read_csv,read_after_write_dependency,True,FileTool,read_csv,True,,E0,True
VBrun_scale_microbench_300_2026-02-11T064352Z_seed20260211,AgentSkip,VB-046,3,QueryTool,search,query_hits_reproducible,False,,,True,MISSING_EVENT,E1,False
VBrun_scale_microbench_300_2026-02-11T064352Z_seed20260211,AgentSkip,VB-046,4,CalcTool,sum,value_equals,True,CalcTool,sum,True,,E0,True
VBrun_scale_microbench_300_2026-02-11T064352Z_seed20260211,AgentSkip,VB-046,5,CalcTool,sum,value_equals,True,CalcTool,sum,True,,E0,True
VBrun_scale_microbench_300_2026-02-11T064352Z_seed20260211,AgentSkip,VB-047,1,FileTool,write_csv,artifact_written_exists,True,FileTool,write_csv,True,,E0,True
VBrun_scale_microbench_300_2026-02-11T064352Z_seed20260211,AgentSkip,VB-047,2,FileTool,read_csv,read_after_write_dependency,True,FileTool,read_csv,True,,E0,True
VBrun_scale_microbench_300_2026-02-11T064352Z_seed20260211,AgentSkip,VB-047,3,QueryTool,search,query_hits_reproducible,False,,,True,MISSING_EVENT,E1,False
VBrun_scale_microbench_300_2026-02-11T064352Z_seed20260211,AgentSkip,VB-047,4,CalcTool,sum,value_equals,True,CalcTool,sum,True,,E0,True
VBrun_scale_microbench_300_2026-02-11T064352Z_seed20260211,AgentSkip,VB-047,5,CalcTool,sum,value_equals,True,CalcTool,sum,True,,E0,True
VBrun_scale_microbench_300_2026-02-11T064352Z_seed20260211,AgentSkip,VB-047,6,QueryTool,search,query_hits_reproducible,False,,,True,MISSING_EVENT,E1,False
VBrun_scale_microbench_300_2026-02-11T064352Z_seed20260211,AgentSkip,VB-048,1,FileTool,write_csv,artifact_written_exists,True,FileTool,write_csv,True,,E0,True
VBrun_scale_microbench_300_2026-02-11T064352Z_seed20260211,AgentSkip,VB-048,2,FileTool,read_csv,read_after_write_dependency,True,FileTool,read_csv,True,,E0,True
VBrun_scale_microbench_300_2026-02-11T064352Z_seed20260211,AgentSkip,VB-048,3,QueryTool,search,query_hits_reproducible,False,,,True,MISSING_EVENT,E1,False
VBrun_scale_microbench_300_2026-02-11T064352Z_seed20260211,AgentSkip,VB-048,4,CalcTool,sum,value_equals,True,CalcTool,sum,True,,E0,True
VBrun_scale_microbench_300_2026-02-11T064352Z_seed20260211,AgentSkip,VB-048,5,CalcTool,sum,value_equals,True,CalcTool,sum,True,,E0,True
VBrun_scale_microbench_300_2026-02-11T064352Z_seed20260211,AgentSkip,VB-048,6,QueryTool,search,query_hits_reproducible,False,,,True,MISSING_EVENT,E1,False
VBrun_scale_microbench_300_2026-02-11T064352Z_seed20260211,AgentSkip,VB-048,7,CalcTool,sum,value_equals,True,CalcTool,sum,True,,E0,True
VBrun_scale_microbench_300_2026-02-11T064352Z_seed20260211,AgentSkip,VB-049,1,FileTool,write_csv,artifact_written_exists,True,FileTool,write_csv,True,,E0,True
VBrun_scale_microbench_300_2026-02-11T064352Z_seed20260211,AgentSkip,VB-049,2,FileTool,read_csv,read_after_write_dependency,True,FileTool,read_csv,True,,E0,True
VBrun_scale_microbench_300_2026-02-11T064352Z_seed20260211,AgentSkip,VB-049,3,QueryTool,search,query_hits_reproducible,False,,,True,MISSING_EVENT,E1,False
VBrun_scale_microbench_300_2026-02-11T064352Z_seed20260211,AgentSkip,VB-049,4,CalcTool,sum,value_equals,True,CalcTool,sum,True,,E0,True
VBrun_scale_microbench_300_2026-02-11T064352Z_seed20260211,AgentSkip,VB-049,5,CalcTool,sum,value_equals,True,CalcTool,sum,True,,E0,True
VBrun_scale_microbench_300_2026-02-11T064352Z_seed20260211,AgentSkip,VB-049,6,QueryTool,search,query_hits_reproducible,False,,,True,MISSING_EVENT,E1,False
VBrun_scale_microbench_300_2026-02-11T064352Z_seed20260211,AgentSkip,VB-049,7,CalcTool,sum,value_equals,True,CalcTool,sum,True,,E0,True
VBrun_scale_microbench_300_2026-02-11T064352Z_seed20260211,AgentSkip,VB-049,8,CalcTool,sum,value_equals,True,CalcTool,sum,True,,E0,True
VBrun_scale_microbench_300_2026-02-11T064352Z_seed20260211,AgentSkip,VB-050,1,FileTool,write_csv,artifact_written_exists,True,FileTool,write_csv,True,,E0,True
VBrun_scale_microbench_300_2026-02-11T064352Z_seed20260211,AgentSkip,VB-050,2,FileTool,read_csv,read_after_write_dependency,True,FileTool,read_csv,True,,E0,True
VBrun_scale_microbench_300_2026-02-11T064352Z_seed20260211,AgentSkip,VB-051,1,FileTool,write_csv,artifact_written_exists,True,FileTool,write_csv,True,,E0,True
VBrun_scale_microbench_300_2026-02-11T064352Z_seed20260211,AgentSkip,VB-051,2,FileTool,read_csv,read_after_write_dependency,True,FileTool,read_csv,True,,E0,True
VBrun_scale_microbench_300_2026-02-11T064352Z_seed20260211,AgentSkip,VB-051,3,QueryTool,search,query_hits_reproducible,False,,,True,MISSING_EVENT,E1,False
VBrun_scale_microbench_300_2026-02-11T064352Z_seed20260211,AgentSkip,VB-052,1,FileTool,write_csv,artifact_written_exists,True,FileTool,write_csv,True,,E0,True
VBrun_scale_microbench_300_2026-02-11T064352Z_seed20260211,AgentSkip,VB-052,2,FileTool,read_csv,read_after_write_dependency,True,FileTool,read_csv,True,,E0,True
VBrun_scale_microbench_300_2026-02-11T064352Z_seed20260211,AgentSkip,VB-052,3,QueryTool,search,query_hits_reproducible,False,,,True,MISSING_EVENT,E1,False
VBrun_scale_microbench_300_2026-02-11T064352Z_seed20260211,AgentSkip,VB-052,4,CalcTool,sum,value_equals,True,CalcTool,sum,True,,E0,True
VBrun_scale_microbench_300_2026-02-11T064352Z_seed20260211,AgentSkip,VB-053,1,FileTool,write_csv,artifact_written_exists,True,FileTool,write_csv,True,,E0,True
VBrun_scale_microbench_300_2026-02-11T064352Z_seed20260211,AgentSkip,VB-053,2,FileTool,read_csv,read_after_write_dependency,True,FileTool,read_csv,True,,E0,True
VBrun_scale_microbench_300_2026-02-11T064352Z_seed20260211,AgentSkip,VB-053,3,QueryTool,search,query_hits_reproducible,False,,,True,MISSING_EVENT,E1,False
VBrun_scale_microbench_300_2026-02-11T064352Z_seed20260211,AgentSkip,VB-053,4,CalcTool,sum,value_equals,True,CalcTool,sum,True,,E0,True
VBrun_scale_microbench_300_2026-02-11T064352Z_seed20260211,AgentSkip,VB-053,5,CalcTool,sum,value_equals,True,CalcTool,sum,True,,E0,True
VBrun_scale_microbench_300_2026-02-11T064352Z_seed20260211,AgentSkip,VB-054,1,FileTool,write_csv,artifact_written_exists,True,FileTool,write_csv,True,,E0,True
VBrun_scale_microbench_300_2026-02-11T064352Z_seed20260211,AgentSkip,VB-054,2,FileTool,read_csv,read_after_write_dependency,True,FileTool,read_csv,True,,E0,True
VBrun_scale_microbench_300_2026-02-11T064352Z_seed20260211,AgentSkip,VB-054,3,QueryTool,search,query_hits_reproducible,False,,,True,MISSING_EVENT,E1,False
VBrun_scale_microbench_300_2026-02-11T064352Z_seed20260211,AgentSkip,VB-054,4,CalcTool,sum,value_equals,True,CalcTool,sum,True,,E0,True
VBrun_scale_microbench_300_2026-02-11T064352Z_seed20260211,AgentSkip,VB-054,5,CalcTool,sum,value_equals,True,CalcTool,sum,True,,E0,True
VBrun_scale_microbench_300_2026-02-11T064352Z_seed20260211,AgentSkip,VB-054,6,QueryTool,search,query_hits_reproducible,False,,,True,MISSING_EVENT,E1,False
VBrun_scale_microbench_300_2026-02-11T064352Z_seed20260211,AgentSkip,VB-055,1,FileTool,write_csv,artifact_written_exists,True,FileTool,write_csv,True,,E0,True
VBrun_scale_microbench_300_2026-02-11T064352Z_seed20260211,AgentSkip,VB-055,2,FileTool,read_csv,read_after_write_dependency,True,FileTool,read_csv,True,,E0,True
VBrun_scale_microbench_300_2026-02-11T064352Z_seed20260211,AgentSkip,VB-055,3,QueryTool,search,query_hits_reproducible,False,,,True,MISSING_EVENT,E1,False
VBrun_scale_microbench_300_2026-02-11T064352Z_seed20260211,AgentSkip,VB-055,4,CalcTool,sum,value_equals,True,CalcTool,sum,True,,E0,True
VBrun_scale_microbench_300_2026-02-11T064352Z_seed20260211,AgentSkip,VB-055,5,CalcTool,sum,value_equals,True,CalcTool,sum,True,,E0,True
VBrun_scale_microbench_300_2026-02-11T064352Z_seed20260211,AgentSkip,VB-055,6,QueryTool,search,query_hits_reproducible,False,,,True,MISSING_EVENT,E1,False
VBrun_scale_microbench_300_2026-02-11T064352Z_seed20260211,AgentSkip,VB-055,7,CalcTool,sum,value_equals,True,CalcTool,sum,True,,E0,True
VBrun_scale_microbench_300_2026-02-11T064352Z_seed20260211,AgentSkip,VB-056,1,FileTool,write_csv,artifact_written_exists,True,FileTool,write_csv,True,,E0,True
VBrun_scale_microbench_300_2026-02-11T064352Z_seed20260211,AgentSkip,VB-056,2,FileTool,read_csv,read_after_write_dependency,True,FileTool,read_csv,True,,E0,True
VBrun_scale_microbench_300_2026-02-11T064352Z_seed20260211,AgentSkip,VB-056,3,QueryTool,search,query_hits_reproducible,False,,,True,MISSING_EVENT,E1,False
VBrun_scale_microbench_300_2026-02-11T064352Z_seed20260211,AgentSkip,VB-056,4,CalcTool,sum,value_equals,True,CalcTool,sum,True,,E0,True
VBrun_scale_microbench_300_2026-02-11T064352Z_seed20260211,AgentSkip,VB-056,5,CalcTool,sum,value_equals,True,CalcTool,sum,True,,E0,True
VBrun_scale_microbench_300_2026-02-11T064352Z_seed20260211,AgentSkip,VB-056,6,QueryTool,search,query_hits_reproducible,False,,,True,MISSING_EVENT,E1,False
VBrun_scale_microbench_300_2026-02-11T064352Z_seed20260211,AgentSkip,VB-056,7,CalcTool,sum,value_equals,True,CalcTool,sum,True,,E0,True
VBrun_scale_microbench_300_2026-02-11T064352Z_seed20260211,AgentSkip,VB-056,8,CalcTool,sum,value_equals,True,CalcTool,sum,True,,E0,True
VBrun_scale_microbench_300_2026-02-11T064352Z_seed20260211,AgentSkip,VB-057,1,FileTool,write_csv,artifact_written_exists,True,FileTool,write_csv,True,,E0,True
VBrun_scale_microbench_300_2026-02-11T064352Z_seed20260211,AgentSkip,VB-057,2,FileTool,read_csv,read_after_write_dependency,True,FileTool,read_csv,True,,E0,True
VBrun_scale_microbench_300_2026-02-11T064352Z_seed20260211,AgentSkip,VB-058,1,FileTool,write_csv,artifact_written_exists,True,FileTool,write_csv,True,,E0,True
VBrun_scale_microbench_300_2026-02-11T064352Z_seed20260211,AgentSkip,VB-058,2,FileTool,read_csv,read_after_write_dependency,True,FileTool,read_csv,True,,E0,True
VBrun_scale_microbench_300_2026-02-11T064352Z_seed20260211,AgentSkip,VB-058,3,QueryTool,search,query_hits_reproducible,False,,,True,MISSING_EVENT,E1,False
VBrun_scale_microbench_300_2026-02-11T064352Z_seed20260211,AgentSkip,VB-059,1,FileTool,write_csv,artifact_written_exists,True,FileTool,write_csv,True,,E0,True
VBrun_scale_microbench_300_2026-02-11T064352Z_seed20260211,AgentSkip,VB-059,2,FileTool,read_csv,read_after_write_dependency,True,FileTool,read_csv,True,,E0,True
VBrun_scale_microbench_300_2026-02-11T064352Z_seed20260211,AgentSkip,VB-059,3,QueryTool,search,query_hits_reproducible,False,,,True,MISSING_EVENT,E1,False
VBrun_scale_microbench_300_2026-02-11T064352Z_seed20260211,AgentSkip,VB-059,4,CalcTool,sum,value_equals,True,CalcTool,sum,True,,E0,True
VBrun_scale_microbench_300_2026-02-11T064352Z_seed20260211,AgentSkip,VB-060,1,FileTool,write_csv,artifact_written_exists,True,FileTool,write_csv,True,,E0,True
VBrun_scale_microbench_300_2026-02-11T064352Z_seed20260211,AgentSkip,VB-060,2,FileTool,read_csv,read_after_write_dependency,True,FileTool,read_csv,True,,E0,True
VBrun_scale_microbench_300_2026-02-11T064352Z_seed20260211,AgentSkip,VB-060,3,QueryTool,search,query_hits_reproducible,False,,,True,MISSING_EVENT,E1,False
VBrun_scale_microbench_300_2026-02-11T064352Z_seed20260211,AgentSkip,VB-060,4,CalcTool,sum,value_equals,True,CalcTool,sum,True,,E0,True
VBrun_scale_microbench_300_2026-02-11T064352Z_seed20260211,AgentSkip,VB-060,5,CalcTool,sum,value_equals,True,CalcTool,sum,True,,E0,True
VBrun_scale_microbench_300_2026-02-11T064352Z_seed20260211,AgentSkip,VB-061,1,FileTool,write_csv,artifact_written_exists,True,FileTool,write_csv,True,,E0,True
VBrun_scale_microbench_300_2026-02-11T064352Z_seed20260211,AgentSkip,VB-061,2,FileTool,read_csv,read_after_write_dependency,True,FileTool,read_csv,True,,E0,True
VBrun_scale_microbench_300_2026-02-11T064352Z_seed20260211,AgentSkip,VB-061,3,QueryTool,search,query_hits_reproducible,False,,,True,MISSING_EVENT,E1,False
VBrun_scale_microbench_300_2026-02-11T064352Z_seed20260211,AgentSkip,VB-061,4,CalcTool,sum,value_equals,True,CalcTool,sum,True,,E0,True
VBrun_scale_microbench_300_2026-02-11T064352Z_seed20260211,AgentSkip,VB-061,5,CalcTool,sum,value_equals,True,CalcTool,sum,True,,E0,True
VBrun_scale_microbench_300_2026-02-11T064352Z_seed20260211,AgentSkip,VB-061,6,QueryTool,search,query_hits_reproducible,False,,,True,MISSING_EVENT,E1,False
VBrun_scale_microbench_300_2026-02-11T064352Z_seed20260211,AgentSkip,VB-062,1,FileTool,write_csv,artifact_written_exists,True,FileTool,write_csv,True,,E0,True
VBrun_scale_microbench_300_2026-02-11T064352Z_seed20260211,AgentSkip,VB-062,2,FileTool,read_csv,read_after_write_dependency,True,FileTool,read_csv,True,,E0,True
VBrun_scale_microbench_300_2026-02-11T064352Z_seed20260211,AgentSkip,VB-062,3,QueryTool,search,query_hits_reproducible,False,,,True,MISSING_EVENT,E1,False
VBrun_scale_microbench_300_2026-02-11T064352Z_seed20260211,AgentSkip,VB-062,4,CalcTool,sum,value_equals,True,CalcTool,sum,True,,E0,True
VBrun_scale_microbench_300_2026-02-11T064352Z_seed20260211,AgentSkip,VB-062,5,CalcTool,sum,value_equals,True,CalcTool,sum,True,,E0,True
VBrun_scale_microbench_300_2026-02-11T064352Z_seed20260211,AgentSkip,VB-062,6,QueryTool,search,query_hits_reproducible,False,,,True,MISSING_EVENT,E1,False
VBrun_scale_microbench_300_2026-02-11T064352Z_seed20260211,AgentSkip,VB-062,7,CalcTool,sum,value_equals,True,CalcTool,sum,True,,E0,True
VBrun_scale_microbench_300_2026-02-11T064352Z_seed20260211,AgentSkip,VB-063,1,FileTool,write_csv,artifact_written_exists,True,FileTool,write_csv,True,,E0,True
VBrun_scale_microbench_300_2026-02-11T064352Z_seed20260211,AgentSkip,VB-063,2,FileTool,read_csv,read_after_write_dependency,True,FileTool,read_csv,True,,E0,True
VBrun_scale_microbench_300_2026-02-11T064352Z_seed20260211,AgentSkip,VB-063,3,QueryTool,search,query_hits_reproducible,False,,,True,MISSING_EVENT,E1,False
VBrun_scale_microbench_300_2026-02-11T064352Z_seed20260211,AgentSkip,VB-063,4,CalcTool,sum,value_equals,True,CalcTool,sum,True,,E0,True
VBrun_scale_microbench_300_2026-02-11T064352Z_seed20260211,AgentSkip,VB-063,5,CalcTool,sum,value_equals,True,CalcTool,sum,True,,E0,True
VBrun_scale_microbench_300_2026-02-11T064352Z_seed20260211,AgentSkip,VB-063,6,QueryTool,search,query_hits_reproducible,False,,,True,MISSING_EVENT,E1,False
VBrun_scale_microbench_300_2026-02-11T064352Z_seed20260211,AgentSkip,VB-063,7,CalcTool,sum,value_equals,True,CalcTool,sum,True,,E0,True
VBrun_scale_microbench_300_2026-02-11T064352Z_seed20260211,AgentSkip,VB-063,8,CalcTool,sum,value_equals,True,CalcTool,sum,True,,E0,True
VBrun_scale_microbench_300_2026-02-11T064352Z_seed20260211,AgentSkip,VB-064,1,FileTool,write_csv,artifact_written_exists,True,FileTool,write_csv,True,,E0,True
VBrun_scale_microbench_300_2026-02-11T064352Z_seed20260211,AgentSkip,VB-064,2,FileTool,read_csv,read_after_write_dependency,True,FileTool,read_csv,True,,E0,True
VBrun_scale_microbench_300_2026-02-11T064352Z_seed20260211,AgentSkip,VB-065,1,FileTool,write_csv,artifact_written_exists,True,FileTool,write_csv,True,,E0,True
VBrun_scale_microbench_300_2026-02-11T064352Z_seed20260211,AgentSkip,VB-065,2,FileTool,read_csv,read_after_write_dependency,True,FileTool,read_csv,True,,E0,True
VBrun_scale_microbench_300_2026-02-11T064352Z_seed20260211,AgentSkip,VB-065,3,QueryTool,search,query_hits_reproducible,False,,,True,MISSING_EVENT,E1,False
VBrun_scale_microbench_300_2026-02-11T064352Z_seed20260211,AgentSkip,VB-066,1,FileTool,write_csv,artifact_written_exists,True,FileTool,write_csv,True,,E0,True
VBrun_scale_microbench_300_2026-02-11T064352Z_seed20260211,AgentSkip,VB-066,2,FileTool,read_csv,read_after_write_dependency,True,FileTool,read_csv,True,,E0,True
VBrun_scale_microbench_300_2026-02-11T064352Z_seed20260211,AgentSkip,VB-066,3,QueryTool,search,query_hits_reproducible,False,,,True,MISSING_EVENT,E1,False
VBrun_scale_microbench_300_2026-02-11T064352Z_seed20260211,AgentSkip,VB-066,4,CalcTool,sum,value_equals,True,CalcTool,sum,True,,E0,True
VBrun_scale_microbench_300_2026-02-11T064352Z_seed20260211,AgentSkip,VB-067,1,FileTool,write_csv,artifact_written_exists,True,FileTool,write_csv,True,,E0,True
VBrun_scale_microbench_300_2026-02-11T064352Z_seed20260211,AgentSkip,VB-067,2,FileTool,read_csv,read_after_write_dependency,True,FileTool,read_csv,True,,E0,True
VBrun_scale_microbench_300_2026-02-11T064352Z_seed20260211,AgentSkip,VB-067,3,QueryTool,search,query_hits_reproducible,False,,,True,MISSING_EVENT,E1,False
VBrun_scale_microbench_300_2026-02-11T064352Z_seed20260211,AgentSkip,VB-067,4,CalcTool,sum,value_equals,True,CalcTool,sum,True,,E0,True
VBrun_scale_microbench_300_2026-02-11T064352Z_seed20260211,AgentSkip,VB-067,5,CalcTool,sum,value_equals,True,CalcTool,sum,True,,E0,True
VBrun_scale_microbench_300_2026-02-11T064352Z_seed20260211,AgentSkip,VB-068,1,FileTool,write_csv,artifact_written_exists,True,FileTool,write_csv,True,,E0,True
VBrun_scale_microbench_300_2026-02-11T064352Z_seed20260211,AgentSkip,VB-068,2,FileTool,read_csv,read_after_write_dependency,True,FileTool,read_csv,True,,E0,True
VBrun_scale_microbench_300_2026-02-11T064352Z_seed20260211,AgentSkip,VB-068,3,QueryTool,search,query_hits_reproducible,False,,,True,MISSING_EVENT,E1,False
VBrun_scale_microbench_300_2026-02-11T064352Z_seed20260211,AgentSkip,VB-068,4,CalcTool,sum,value_equals,True,CalcTool,sum,True,,E0,True
VBrun_scale_microbench_300_2026-02-11T064352Z_seed20260211,AgentSkip,VB-068,5,CalcTool,sum,value_equals,True,CalcTool,sum,True,,E0,True
VBrun_scale_microbench_300_2026-02-11T064352Z_seed20260211,AgentSkip,VB-068,6,QueryTool,search,query_hits_reproducible,False,,,True,MISSING_EVENT,E1,False
VBrun_scale_microbench_300_2026-02-11T064352Z_seed20260211,AgentSkip,VB-069,1,FileTool,write_csv,artifact_written_exists,True,FileTool,write_csv,True,,E0,True
VBrun_scale_microbench_300_2026-02-11T064352Z_seed20260211,AgentSkip,VB-069,2,FileTool,read_csv,read_after_write_dependency,True,FileTool,read_csv,True,,E0,True
VBrun_scale_microbench_300_2026-02-11T064352Z_seed20260211,AgentSkip,VB-069,3,QueryTool,search,query_hits_reproducible,False,,,True,MISSING_EVENT,E1,False
VBrun_scale_microbench_300_2026-02-11T064352Z_seed20260211,AgentSkip,VB-069,4,CalcTool,sum,value_equals,True,CalcTool,sum,True,,E0,True
VBrun_scale_microbench_300_2026-02-11T064352Z_seed20260211,AgentSkip,VB-069,5,CalcTool,sum,value_equals,True,CalcTool,sum,True,,E0,True
VBrun_scale_microbench_300_2026-02-11T064352Z_seed20260211,AgentSkip,VB-069,6,QueryTool,search,query_hits_reproducible,False,,,True,MISSING_EVENT,E1,False
VBrun_scale_microbench_300_2026-02-11T064352Z_seed20260211,AgentSkip,VB-069,7,CalcTool,sum,value_equals,True,CalcTool,sum,True,,E0,True
VBrun_scale_microbench_300_2026-02-11T064352Z_seed20260211,AgentSkip,VB-070,1,FileTool,write_csv,artifact_written_exists,True,FileTool,write_csv,True,,E0,True
VBrun_scale_microbench_300_2026-02-11T064352Z_seed20260211,AgentSkip,VB-070,2,FileTool,read_csv,read_after_write_dependency,True,FileTool,read_csv,True,,E0,True
VBrun_scale_microbench_300_2026-02-11T064352Z_seed20260211,AgentSkip,VB-070,3,QueryTool,search,query_hits_reproducible,False,,,True,MISSING_EVENT,E1,False
VBrun_scale_microbench_300_2026-02-11T064352Z_seed20260211,AgentSkip,VB-070,4,CalcTool,sum,value_equals,True,CalcTool,sum,True,,E0,True
VBrun_scale_microbench_300_2026-02-11T064352Z_seed20260211,AgentSkip,VB-070,5,CalcTool,sum,value_equals,True,CalcTool,sum,True,,E0,True
VBrun_scale_microbench_300_2026-02-11T064352Z_seed20260211,AgentSkip,VB-070,6,QueryTool,search,query_hits_reproducible,False,,,True,MISSING_EVENT,E1,False
VBrun_scale_microbench_300_2026-02-11T064352Z_seed20260211,AgentSkip,VB-070,7,CalcTool,sum,value_equals,True,CalcTool,sum,True,,E0,True
VBrun_scale_microbench_300_2026-02-11T064352Z_seed20260211,AgentSkip,VB-070,8,CalcTool,sum,value_equals,True,CalcTool,sum,True,,E0,True
VBrun_scale_microbench_300_2026-02-11T064352Z_seed20260211,AgentSkip,VB-071,1,FileTool,write_csv,artifact_written_exists,True,FileTool,write_csv,True,,E0,True
VBrun_scale_microbench_300_2026-02-11T064352Z_seed20260211,AgentSkip,VB-071,2,FileTool,read_csv,read_after_write_dependency,True,FileTool,read_csv,True,,E0,True
VBrun_scale_microbench_300_2026-02-11T064352Z_seed20260211,AgentSkip,VB-072,1,FileTool,write_csv,artifact_written_exists,True,FileTool,write_csv,True,,E0,True
VBrun_scale_microbench_300_2026-02-11T064352Z_seed20260211,AgentSkip,VB-072,2,FileTool,read_csv,read_after_write_dependency,True,FileTool,read_csv,True,,E0,True
VBrun_scale_microbench_300_2026-02-11T064352Z_seed20260211,AgentSkip,VB-072,3,QueryTool,search,query_hits_reproducible,False,,,True,MISSING_EVENT,E1,False
VBrun_scale_microbench_300_2026-02-11T064352Z_seed20260211,AgentSkip,VB-073,1,FileTool,write_csv,artifact_written_exists,True,FileTool,write_csv,True,,E0,True
VBrun_scale_microbench_300_2026-02-11T064352Z_seed20260211,AgentSkip,VB-073,2,FileTool,read_csv,read_after_write_dependency,True,FileTool,read_csv,True,,E0,True
VBrun_scale_microbench_300_2026-02-11T064352Z_seed20260211,AgentSkip,VB-073,3,QueryTool,search,query_hits_reproducible,False,,,True,MISSING_EVENT,E1,False
VBrun_scale_microbench_300_2026-02-11T064352Z_seed20260211,AgentSkip,VB-073,4,CalcTool,sum,value_equals,True,CalcTool,sum,True,,E0,True
VBrun_scale_microbench_300_2026-02-11T064352Z_seed20260211,AgentSkip,VB-074,1,FileTool,write_csv,artifact_written_exists,True,FileTool,write_csv,True,,E0,True
VBrun_scale_microbench_300_2026-02-11T064352Z_seed20260211,AgentSkip,VB-074,2,FileTool,read_csv,read_after_write_dependency,True,FileTool,read_csv,True,,E0,True
VBrun_scale_microbench_300_2026-02-11T064352Z_seed20260211,AgentSkip,VB-074,3,QueryTool,search,query_hits_reproducible,False,,,True,MISSING_EVENT,E1,False
VBrun_scale_microbench_300_2026-02-11T064352Z_seed20260211,AgentSkip,VB-074,4,CalcTool,sum,value_equals,True,CalcTool,sum,True,,E0,True
VBrun_scale_microbench_300_2026-02-11T064352Z_seed20260211,AgentSkip,VB-074,5,CalcTool,sum,value_equals,True,CalcTool,sum,True,,E0,True
VBrun_scale_microbench_300_2026-02-11T064352Z_seed20260211,AgentSkip,VB-075,1,FileTool,write_csv,artifact_written_exists,True,FileTool,write_csv,True,,E0,True
VBrun_scale_microbench_300_2026-02-11T064352Z_seed20260211,AgentSkip,VB-075,2,FileTool,read_csv,read_after_write_dependency,True,FileTool,read_csv,True,,E0,True
VBrun_scale_microbench_300_2026-02-11T064352Z_seed20260211,AgentSkip,VB-075,3,QueryTool,search,query_hits_reproducible,False,,,True,MISSING_EVENT,E1,False
VBrun_scale_microbench_300_2026-02-11T064352Z_seed20260211,AgentSkip,VB-075,4,CalcTool,sum,value_equals,True,CalcTool,sum,True,,E0,True
VBrun_scale_microbench_300_2026-02-11T064352Z_seed20260211,AgentSkip,VB-075,5,CalcTool,sum,value_equals,True,CalcTool,sum,True,,E0,True
VBrun_scale_microbench_300_2026-02-11T064352Z_seed20260211,AgentSkip,VB-075,6,QueryTool,search,query_hits_reproducible,False,,,True,MISSING_EVENT,E1,False
VBrun_scale_microbench_300_2026-02-11T064352Z_seed20260211,AgentSkip,VB-076,1,FileTool,write_csv,artifact_written_exists,True,FileTool,write_csv,True,,E0,True
VBrun_scale_microbench_300_2026-02-11T064352Z_seed20260211,AgentSkip,VB-076,2,FileTool,read_csv,read_after_write_dependency,True,FileTool,read_csv,True,,E0,True
VBrun_scale_microbench_300_2026-02-11T064352Z_seed20260211,AgentSkip,VB-076,3,QueryTool,search,query_hits_reproducible,False,,,True,MISSING_EVENT,E1,False
VBrun_scale_microbench_300_2026-02-11T064352Z_seed20260211,AgentSkip,VB-076,4,CalcTool,sum,value_equals,True,CalcTool,sum,True,,E0,True
VBrun_scale_microbench_300_2026-02-11T064352Z_seed20260211,AgentSkip,VB-076,5,CalcTool,sum,value_equals,True,CalcTool,sum,True,,E0,True
VBrun_scale_microbench_300_2026-02-11T064352Z_seed20260211,AgentSkip,VB-076,6,QueryTool,search,query_hits_reproducible,False,,,True,MISSING_EVENT,E1,False
VBrun_scale_microbench_300_2026-02-11T064352Z_seed20260211,AgentSkip,VB-076,7,CalcTool,sum,value_equals,True,CalcTool,sum,True,,E0,True
VBrun_scale_microbench_300_2026-02-11T064352Z_seed20260211,AgentSkip,VB-077,1,FileTool,write_csv,artifact_written_exists,True,FileTool,write_csv,True,,E0,True
VBrun_scale_microbench_300_2026-02-11T064352Z_seed20260211,AgentSkip,VB-077,2,FileTool,read_csv,read_after_write_dependency,True,FileTool,read_csv,True,,E0,True
VBrun_scale_microbench_300_2026-02-11T064352Z_seed20260211,AgentSkip,VB-077,3,QueryTool,search,query_hits_reproducible,False,,,True,MISSING_EVENT,E1,False
VBrun_scale_microbench_300_2026-02-11T064352Z_seed20260211,AgentSkip,VB-077,4,CalcTool,sum,value_equals,True,CalcTool,sum,True,,E0,True
VBrun_scale_microbench_300_2026-02-11T064352Z_seed20260211,AgentSkip,VB-077,5,CalcTool,sum,value_equals,True,CalcTool,sum,True,,E0,True
VBrun_scale_microbench_300_2026-02-11T064352Z_seed20260211,AgentSkip,VB-077,6,QueryTool,search,query_hits_reproducible,False,,,True,MISSING_EVENT,E1,False
VBrun_scale_microbench_300_2026-02-11T064352Z_seed20260211,AgentSkip,VB-077,7,CalcTool,sum,value_equals,True,CalcTool,sum,True,,E0,True
VBrun_scale_microbench_300_2026-02-11T064352Z_seed20260211,AgentSkip,VB-077,8,CalcTool,sum,value_equals,True,CalcTool,sum,True,,E0,True
VBrun_scale_microbench_300_2026-02-11T064352Z_seed20260211,AgentSkip,VB-078,1,FileTool,write_csv,artifact_written_exists,True,FileTool,write_csv,True,,E0,True
VBrun_scale_microbench_300_2026-02-11T064352Z_seed20260211,AgentSkip,VB-078,2,FileTool,read_csv,read_after_write_dependency,True,FileTool,read_csv,True,,E0,True
VBrun_scale_microbench_300_2026-02-11T064352Z_seed20260211,AgentSkip,VB-079,1,FileTool,write_csv,artifact_written_exists,True,FileTool,write_csv,True,,E0,True
VBrun_scale_microbench_300_2026-02-11T064352Z_seed20260211,AgentSkip,VB-079,2,FileTool,read_csv,read_after_write_dependency,True,FileTool,read_csv,True,,E0,True
VBrun_scale_microbench_300_2026-02-11T064352Z_seed20260211,AgentSkip,VB-079,3,QueryTool,search,query_hits_reproducible,False,,,True,MISSING_EVENT,E1,False
VBrun_scale_microbench_300_2026-02-11T064352Z_seed20260211,AgentSkip,VB-080,1,FileTool,write_csv,artifact_written_exists,True,FileTool,write_csv,True,,E0,True
VBrun_scale_microbench_300_2026-02-11T064352Z_seed20260211,AgentSkip,VB-080,2,FileTool,read_csv,read_after_write_dependency,True,FileTool,read_csv,True,,E0,True
VBrun_scale_microbench_300_2026-02-11T064352Z_seed20260211,AgentSkip,VB-080,3,QueryTool,search,query_hits_reproducible,False,,,True,MISSING_EVENT,E1,False
VBrun_scale_microbench_300_2026-02-11T064352Z_seed20260211,AgentSkip,VB-080,4,CalcTool,sum,value_equals,True,CalcTool,sum,True,,E0,True
VBrun_scale_microbench_300_2026-02-11T064352Z_seed20260211,AgentSkip,VB-081,1,FileTool,write_csv,artifact_written_exists,True,FileTool,write_csv,True,,E0,True
VBrun_scale_microbench_300_2026-02-11T064352Z_seed20260211,AgentSkip,VB-081,2,FileTool,read_csv,read_after_write_dependency,True,FileTool,read_csv,True,,E0,True
VBrun_scale_microbench_300_2026-02-11T064352Z_seed20260211,AgentSkip,VB-081,3,QueryTool,search,query_hits_reproducible,False,,,True,MISSING_EVENT,E1,False
VBrun_scale_microbench_300_2026-02-11T064352Z_seed20260211,AgentSkip,VB-081,4,CalcTool,sum,value_equals,True,CalcTool,sum,True,,E0,True
VBrun_scale_microbench_300_2026-02-11T064352Z_seed20260211,AgentSkip,VB-081,5,CalcTool,sum,value_equals,True,CalcTool,sum,True,,E0,True
VBrun_scale_microbench_300_2026-02-11T064352Z_seed20260211,AgentSkip,VB-082,1,FileTool,write_csv,artifact_written_exists,True,FileTool,write_csv,True,,E0,True
VBrun_scale_microbench_300_2026-02-11T064352Z_seed20260211,AgentSkip,VB-082,2,FileTool,read_csv,read_after_write_dependency,True,FileTool,read_csv,True,,E0,True
VBrun_scale_microbench_300_2026-02-11T064352Z_seed20260211,AgentSkip,VB-082,3,QueryTool,search,query_hits_reproducible,False,,,True,MISSING_EVENT,E1,False
VBrun_scale_microbench_300_2026-02-11T064352Z_seed20260211,AgentSkip,VB-082,4,CalcTool,sum,value_equals,True,CalcTool,sum,True,,E0,True
VBrun_scale_microbench_300_2026-02-11T064352Z_seed20260211,AgentSkip,VB-082,5,CalcTool,sum,value_equals,True,CalcTool,sum,True,,E0,True
VBrun_scale_microbench_300_2026-02-11T064352Z_seed20260211,AgentSkip,VB-082,6,QueryTool,search,query_hits_reproducible,False,,,True,MISSING_EVENT,E1,False
VBrun_scale_microbench_300_2026-02-11T064352Z_seed20260211,AgentSkip,VB-083,1,FileTool,write_csv,artifact_written_exists,True,FileTool,write_csv,True,,E0,True
VBrun_scale_microbench_300_2026-02-11T064352Z_seed20260211,AgentSkip,VB-083,2,FileTool,read_csv,read_after_write_dependency,True,FileTool,read_csv,True,,E0,True
VBrun_scale_microbench_300_2026-02-11T064352Z_seed20260211,AgentSkip,VB-083,3,QueryTool,search,query_hits_reproducible,False,,,True,MISSING_EVENT,E1,False
VBrun_scale_microbench_300_2026-02-11T064352Z_seed20260211,AgentSkip,VB-083,4,CalcTool,sum,value_equals,True,CalcTool,sum,True,,E0,True
VBrun_scale_microbench_300_2026-02-11T064352Z_seed20260211,AgentSkip,VB-083,5,CalcTool,sum,value_equals,True,CalcTool,sum,True,,E0,True
VBrun_scale_microbench_300_2026-02-11T064352Z_seed20260211,AgentSkip,VB-083,6,QueryTool,search,query_hits_reproducible,False,,,True,MISSING_EVENT,E1,False
VBrun_scale_microbench_300_2026-02-11T064352Z_seed20260211,AgentSkip,VB-083,7,CalcTool,sum,value_equals,True,CalcTool,sum,True,,E0,True
VBrun_scale_microbench_300_2026-02-11T064352Z_seed20260211,AgentSkip,VB-084,1,FileTool,write_csv,artifact_written_exists,True,FileTool,write_csv,True,,E0,True
VBrun_scale_microbench_300_2026-02-11T064352Z_seed20260211,AgentSkip,VB-084,2,FileTool,read_csv,read_after_write_dependency,True,FileTool,read_csv,True,,E0,True
VBrun_scale_microbench_300_2026-02-11T064352Z_seed20260211,AgentSkip,VB-084,3,QueryTool,search,query_hits_reproducible,False,,,True,MISSING_EVENT,E1,False
VBrun_scale_microbench_300_2026-02-11T064352Z_seed20260211,AgentSkip,VB-084,4,CalcTool,sum,value_equals,True,CalcTool,sum,True,,E0,True
VBrun_scale_microbench_300_2026-02-11T064352Z_seed20260211,AgentSkip,VB-084,5,CalcTool,sum,value_equals,True,CalcTool,sum,True,,E0,True
VBrun_scale_microbench_300_2026-02-11T064352Z_seed20260211,AgentSkip,VB-084,6,QueryTool,search,query_hits_reproducible,False,,,True,MISSING_EVENT,E1,False
VBrun_scale_microbench_300_2026-02-11T064352Z_seed20260211,AgentSkip,VB-084,7,CalcTool,sum,value_equals,True,CalcTool,sum,True,,E0,True
VBrun_scale_microbench_300_2026-02-11T064352Z_seed20260211,AgentSkip,VB-084,8,CalcTool,sum,value_equals,True,CalcTool,sum,True,,E0,True
VBrun_scale_microbench_300_2026-02-11T064352Z_seed20260211,AgentSkip,VB-085,1,FileTool,write_csv,artifact_written_exists,True,FileTool,write_csv,True,,E0,True
VBrun_scale_microbench_300_2026-02-11T064352Z_seed20260211,AgentSkip,VB-085,2,FileTool,read_csv,read_after_write_dependency,True,FileTool,read_csv,True,,E0,True
VBrun_scale_microbench_300_2026-02-11T064352Z_seed20260211,AgentSkip,VB-086,1,FileTool,write_csv,artifact_written_exists,True,FileTool,write_csv,True,,E0,True
VBrun_scale_microbench_300_2026-02-11T064352Z_seed20260211,AgentSkip,VB-086,2,FileTool,read_csv,read_after_write_dependency,True,FileTool,read_csv,True,,E0,True
VBrun_scale_microbench_300_2026-02-11T064352Z_seed20260211,AgentSkip,VB-086,3,QueryTool,search,query_hits_reproducible,False,,,True,MISSING_EVENT,E1,False
VBrun_scale_microbench_300_2026-02-11T064352Z_seed20260211,AgentSkip,VB-087,1,FileTool,write_csv,artifact_written_exists,True,FileTool,write_csv,True,,E0,True
VBrun_scale_microbench_300_2026-02-11T064352Z_seed20260211,AgentSkip,VB-087,2,FileTool,read_csv,read_after_write_dependency,True,FileTool,read_csv,True,,E0,True
VBrun_scale_microbench_300_2026-02-11T064352Z_seed20260211,AgentSkip,VB-087,3,QueryTool,search,query_hits_reproducible,False,,,True,MISSING_EVENT,E1,False
VBrun_scale_microbench_300_2026-02-11T064352Z_seed20260211,AgentSkip,VB-087,4,CalcTool,sum,value_equals,True,CalcTool,sum,True,,E0,True
VBrun_scale_microbench_300_2026-02-11T064352Z_seed20260211,AgentSkip,VB-088,1,FileTool,write_csv,artifact_written_exists,True,FileTool,write_csv,True,,E0,True
VBrun_scale_microbench_300_2026-02-11T064352Z_seed20260211,AgentSkip,VB-088,2,FileTool,read_csv,read_after_write_dependency,True,FileTool,read_csv,True,,E0,True
VBrun_scale_microbench_300_2026-02-11T064352Z_seed20260211,AgentSkip,VB-088,3,QueryTool,search,query_hits_reproducible,False,,,True,MISSING_EVENT,E1,False
VBrun_scale_microbench_300_2026-02-11T064352Z_seed20260211,AgentSkip,VB-088,4,CalcTool,sum,value_equals,True,CalcTool,sum,True,,E0,True
VBrun_scale_microbench_300_2026-02-11T064352Z_seed20260211,AgentSkip,VB-088,5,CalcTool,sum,value_equals,True,CalcTool,sum,True,,E0,True
VBrun_scale_microbench_300_2026-02-11T064352Z_seed20260211,AgentSkip,VB-089,1,FileTool,write_csv,artifact_written_exists,True,FileTool,write_csv,True,,E0,True
VBrun_scale_microbench_300_2026-02-11T064352Z_seed20260211,AgentSkip,VB-089,2,FileTool,read_csv,read_after_write_dependency,True,FileTool,read_csv,True,,E0,True
VBrun_scale_microbench_300_2026-02-11T064352Z_seed20260211,AgentSkip,VB-089,3,QueryTool,search,query_hits_reproducible,False,,,True,MISSING_EVENT,E1,False
VBrun_scale_microbench_300_2026-02-11T064352Z_seed20260211,AgentSkip,VB-089,4,CalcTool,sum,value_equals,True,CalcTool,sum,True,,E0,True
VBrun_scale_microbench_300_2026-02-11T064352Z_seed20260211,AgentSkip,VB-089,5,CalcTool,sum,value_equals,True,CalcTool,sum,True,,E0,True
VBrun_scale_microbench_300_2026-02-11T064352Z_seed20260211,AgentSkip,VB-089,6,QueryTool,search,query_hits_reproducible,False,,,True,MISSING_EVENT,E1,False
VBrun_scale_microbench_300_2026-02-11T064352Z_seed20260211,AgentSkip,VB-090,1,FileTool,write_csv,artifact_written_exists,True,FileTool,write_csv,True,,E0,True
VBrun_scale_microbench_300_2026-02-11T064352Z_seed20260211,AgentSkip,VB-090,2,FileTool,read_csv,read_after_write_dependency,True,FileTool,read_csv,True,,E0,True
VBrun_scale_microbench_300_2026-02-11T064352Z_seed20260211,AgentSkip,VB-090,3,QueryTool,search,query_hits_reproducible,False,,,True,MISSING_EVENT,E1,False
VBrun_scale_microbench_300_2026-02-11T064352Z_seed20260211,AgentSkip,VB-090,4,CalcTool,sum,value_equals,True,CalcTool,sum,True,,E0,True
VBrun_scale_microbench_300_2026-02-11T064352Z_seed20260211,AgentSkip,VB-090,5,CalcTool,sum,value_equals,True,CalcTool,sum,True,,E0,True
VBrun_scale_microbench_300_2026-02-11T064352Z_seed20260211,AgentSkip,VB-090,6,QueryTool,search,query_hits_reproducible,False,,,True,MISSING_EVENT,E1,False
VBrun_scale_microbench_300_2026-02-11T064352Z_seed20260211,AgentSkip,VB-090,7,CalcTool,sum,value_equals,True,CalcTool,sum,True,,E0,True
VBrun_scale_microbench_300_2026-02-11T064352Z_seed20260211,AgentSkip,VB-091,1,FileTool,write_csv,artifact_written_exists,True,FileTool,write_csv,True,,E0,True
VBrun_scale_microbench_300_2026-02-11T064352Z_seed20260211,AgentSkip,VB-091,2,FileTool,read_csv,read_after_write_dependency,True,FileTool,read_csv,True,,E0,True
VBrun_scale_microbench_300_2026-02-11T064352Z_seed20260211,AgentSkip,VB-091,3,QueryTool,search,query_hits_reproducible,False,,,True,MISSING_EVENT,E1,False
VBrun_scale_microbench_300_2026-02-11T064352Z_seed20260211,AgentSkip,VB-091,4,CalcTool,sum,value_equals,True,CalcTool,sum,True,,E0,True
VBrun_scale_microbench_300_2026-02-11T064352Z_seed20260211,AgentSkip,VB-091,5,CalcTool,sum,value_equals,True,CalcTool,sum,True,,E0,True
VBrun_scale_microbench_300_2026-02-11T064352Z_seed20260211,AgentSkip,VB-091,6,QueryTool,search,query_hits_reproducible,False,,,True,MISSING_EVENT,E1,False
VBrun_scale_microbench_300_2026-02-11T064352Z_seed20260211,AgentSkip,VB-091,7,CalcTool,sum,value_equals,True,CalcTool,sum,True,,E0,True
VBrun_scale_microbench_300_2026-02-11T064352Z_seed20260211,AgentSkip,VB-091,8,CalcTool,sum,value_equals,True,CalcTool,sum,True,,E0,True
VBrun_scale_microbench_300_2026-02-11T064352Z_seed20260211,AgentSkip,VB-092,1,FileTool,write_csv,artifact_written_exists,True,FileTool,write_csv,True,,E0,True
VBrun_scale_microbench_300_2026-02-11T064352Z_seed20260211,AgentSkip,VB-092,2,FileTool,read_csv,read_after_write_dependency,True,FileTool,read_csv,True,,E0,True
VBrun_scale_microbench_300_2026-02-11T064352Z_seed20260211,AgentSkip,VB-093,1,FileTool,write_csv,artifact_written_exists,True,FileTool,write_csv,True,,E0,True
VBrun_scale_microbench_300_2026-02-11T064352Z_seed20260211,AgentSkip,VB-093,2,FileTool,read_csv,read_after_write_dependency,True,FileTool,read_csv,True,,E0,True
VBrun_scale_microbench_300_2026-02-11T064352Z_seed20260211,AgentSkip,VB-093,3,QueryTool,search,query_hits_reproducible,False,,,True,MISSING_EVENT,E1,False
VBrun_scale_microbench_300_2026-02-11T064352Z_seed20260211,AgentSkip,VB-094,1,FileTool,write_csv,artifact_written_exists,True,FileTool,write_csv,True,,E0,True
VBrun_scale_microbench_300_2026-02-11T064352Z_seed20260211,AgentSkip,VB-094,2,FileTool,read_csv,read_after_write_dependency,True,FileTool,read_csv,True,,E0,True
VBrun_scale_microbench_300_2026-02-11T064352Z_seed20260211,AgentSkip,VB-094,3,QueryTool,search,query_hits_reproducible,False,,,True,MISSING_EVENT,E1,False
VBrun_scale_microbench_300_2026-02-11T064352Z_seed20260211,AgentSkip,VB-094,4,CalcTool,sum,value_equals,True,CalcTool,sum,True,,E0,True
VBrun_scale_microbench_300_2026-02-11T064352Z_seed20260211,AgentSkip,VB-095,1,FileTool,write_csv,artifact_written_exists,True,FileTool,write_csv,True,,E0,True
VBrun_scale_microbench_300_2026-02-11T064352Z_seed20260211,AgentSkip,VB-095,2,FileTool,read_csv,read_after_write_dependency,True,FileTool,read_csv,True,,E0,True
VBrun_scale_microbench_300_2026-02-11T064352Z_seed20260211,AgentSkip,VB-095,3,QueryTool,search,query_hits_reproducible,False,,,True,MISSING_EVENT,E1,False
VBrun_scale_microbench_300_2026-02-11T064352Z_seed20260211,AgentSkip,VB-095,4,CalcTool,sum,value_equals,True,CalcTool,sum,True,,E0,True
VBrun_scale_microbench_300_2026-02-11T064352Z_seed20260211,AgentSkip,VB-095,5,CalcTool,sum,value_equals,True,CalcTool,sum,True,,E0,True
VBrun_scale_microbench_300_2026-02-11T064352Z_seed20260211,AgentSkip,VB-096,1,FileTool,write_csv,artifact_written_exists,True,FileTool,write_csv,True,,E0,True
VBrun_scale_microbench_300_2026-02-11T064352Z_seed20260211,AgentSkip,VB-096,2,FileTool,read_csv,read_after_write_dependency,True,FileTool,read_csv,True,,E0,True
VBrun_scale_microbench_300_2026-02-11T064352Z_seed20260211,AgentSkip,VB-096,3,QueryTool,search,query_hits_reproducible,False,,,True,MISSING_EVENT,E1,False
VBrun_scale_microbench_300_2026-02-11T064352Z_seed20260211,AgentSkip,VB-096,4,CalcTool,sum,value_equals,True,CalcTool,sum,True,,E0,True
VBrun_scale_microbench_300_2026-02-11T064352Z_seed20260211,AgentSkip,VB-096,5,CalcTool,sum,value_equals,True,CalcTool,sum,True,,E0,True
VBrun_scale_microbench_300_2026-02-11T064352Z_seed20260211,AgentSkip,VB-096,6,QueryTool,search,query_hits_reproducible,False,,,True,MISSING_EVENT,E1,False
VBrun_scale_microbench_300_2026-02-11T064352Z_seed20260211,AgentSkip,VB-097,1,FileTool,write_csv,artifact_written_exists,True,FileTool,write_csv,True,,E0,True
VBrun_scale_microbench_300_2026-02-11T064352Z_seed20260211,AgentSkip,VB-097,2,FileTool,read_csv,read_after_write_dependency,True,FileTool,read_csv,True,,E0,True
VBrun_scale_microbench_300_2026-02-11T064352Z_seed20260211,AgentSkip,VB-097,3,QueryTool,search,query_hits_reproducible,False,,,True,MISSING_EVENT,E1,False
VBrun_scale_microbench_300_2026-02-11T064352Z_seed20260211,AgentSkip,VB-097,4,CalcTool,sum,value_equals,True,CalcTool,sum,True,,E0,True
VBrun_scale_microbench_300_2026-02-11T064352Z_seed20260211,AgentSkip,VB-097,5,CalcTool,sum,value_equals,True,CalcTool,sum,True,,E0,True
VBrun_scale_microbench_300_2026-02-11T064352Z_seed20260211,AgentSkip,VB-097,6,QueryTool,search,query_hits_reproducible,False,,,True,MISSING_EVENT,E1,False
VBrun_scale_microbench_300_2026-02-11T064352Z_seed20260211,AgentSkip,VB-097,7,CalcTool,sum,value_equals,True,CalcTool,sum,True,,E0,True
VBrun_scale_microbench_300_2026-02-11T064352Z_seed20260211,AgentSkip,VB-098,1,FileTool,write_csv,artifact_written_exists,True,FileTool,write_csv,True,,E0,True
VBrun_scale_microbench_300_2026-02-11T064352Z_seed20260211,AgentSkip,VB-098,2,FileTool,read_csv,read_after_write_dependency,True,FileTool,read_csv,True,,E0,True
VBrun_scale_microbench_300_2026-02-11T064352Z_seed20260211,AgentSkip,VB-098,3,QueryTool,search,query_hits_reproducible,False,,,True,MISSING_EVENT,E1,False
VBrun_scale_microbench_300_2026-02-11T064352Z_seed20260211,AgentSkip,VB-098,4,CalcTool,sum,value_equals,True,CalcTool,sum,True,,E0,True
VBrun_scale_microbench_300_2026-02-11T064352Z_seed20260211,AgentSkip,VB-098,5,CalcTool,sum,value_equals,True,CalcTool,sum,True,,E0,True
VBrun_scale_microbench_300_2026-02-11T064352Z_seed20260211,AgentSkip,VB-098,6,QueryTool,search,query_hits_reproducible,False,,,True,MISSING_EVENT,E1,False
VBrun_scale_microbench_300_2026-02-11T064352Z_seed20260211,AgentSkip,VB-098,7,CalcTool,sum,value_equals,True,CalcTool,sum,True,,E0,True
VBrun_scale_microbench_300_2026-02-11T064352Z_seed20260211,AgentSkip,VB-098,8,CalcTool,sum,value_equals,True,CalcTool,sum,True,,E0,True
VBrun_scale_microbench_300_2026-02-11T064352Z_seed20260211,AgentSkip,VB-099,1,FileTool,write_csv,artifact_written_exists,True,FileTool,write_csv,True,,E0,True
VBrun_scale_microbench_300_2026-02-11T064352Z_seed20260211,AgentSkip,VB-099,2,FileTool,read_csv,read_after_write_dependency,True,FileTool,read_csv,True,,E0,True
VBrun_scale_microbench_300_2026-02-11T064352Z_seed20260211,AgentSkip,VB-100,1,FileTool,write_csv,artifact_written_exists,True,FileTool,write_csv,True,,E0,True
VBrun_scale_microbench_300_2026-02-11T064352Z_seed20260211,AgentSkip,VB-100,2,FileTool,read_csv,read_after_write_dependency,True,FileTool,read_csv,True,,E0,True
VBrun_scale_microbench_300_2026-02-11T064352Z_seed20260211,AgentSkip,VB-100,3,QueryTool,search,query_hits_reproducible,False,,,True,MISSING_EVENT,E1,False
VBrun_scale_microbench_300_2026-02-11T064352Z_seed20260211,AgentSkip,VB-101,1,FileTool,write_csv,artifact_written_exists,True,FileTool,write_csv,True,,E0,True
VBrun_scale_microbench_300_2026-02-11T064352Z_seed20260211,AgentSkip,VB-101,2,FileTool,read_csv,read_after_write_dependency,True,FileTool,read_csv,True,,E0,True
VBrun_scale_microbench_300_2026-02-11T064352Z_seed20260211,AgentSkip,VB-101,3,QueryTool,search,query_hits_reproducible,False,,,True,MISSING_EVENT,E1,False
VBrun_scale_microbench_300_2026-02-11T064352Z_seed20260211,AgentSkip,VB-101,4,CalcTool,sum,value_equals,True,CalcTool,sum,True,,E0,True
VBrun_scale_microbench_300_2026-02-11T064352Z_seed20260211,AgentSkip,VB-102,1,FileTool,write_csv,artifact_written_exists,True,FileTool,write_csv,True,,E0,True
VBrun_scale_microbench_300_2026-02-11T064352Z_seed20260211,AgentSkip,VB-102,2,FileTool,read_csv,read_after_write_dependency,True,FileTool,read_csv,True,,E0,True
VBrun_scale_microbench_300_2026-02-11T064352Z_seed20260211,AgentSkip,VB-102,3,QueryTool,search,query_hits_reproducible,False,,,True,MISSING_EVENT,E1,False
VBrun_scale_microbench_300_2026-02-11T064352Z_seed20260211,AgentSkip,VB-102,4,CalcTool,sum,value_equals,True,CalcTool,sum,True,,E0,True
VBrun_scale_microbench_300_2026-02-11T064352Z_seed20260211,AgentSkip,VB-102,5,CalcTool,sum,value_equals,True,CalcTool,sum,True,,E0,True
VBrun_scale_microbench_300_2026-02-11T064352Z_seed20260211,AgentSkip,VB-103,1,FileTool,write_csv,artifact_written_exists,True,FileTool,write_csv,True,,E0,True
VBrun_scale_microbench_300_2026-02-11T064352Z_seed20260211,AgentSkip,VB-103,2,FileTool,read_csv,read_after_write_dependency,True,FileTool,read_csv,True,,E0,True
VBrun_scale_microbench_300_2026-02-11T064352Z_seed20260211,AgentSkip,VB-103,3,QueryTool,search,query_hits_reproducible,False,,,True,MISSING_EVENT,E1,False
VBrun_scale_microbench_300_2026-02-11T064352Z_seed20260211,AgentSkip,VB-103,4,CalcTool,sum,value_equals,True,CalcTool,sum,True,,E0,True
VBrun_scale_microbench_300_2026-02-11T064352Z_seed20260211,AgentSkip,VB-103,5,CalcTool,sum,value_equals,True,CalcTool,sum,True,,E0,True
VBrun_scale_microbench_300_2026-02-11T064352Z_seed20260211,AgentSkip,VB-103,6,QueryTool,search,query_hits_reproducible,False,,,True,MISSING_EVENT,E1,False
VBrun_scale_microbench_300_2026-02-11T064352Z_seed20260211,AgentSkip,VB-104,1,FileTool,write_csv,artifact_written_exists,True,FileTool,write_csv,True,,E0,True
VBrun_scale_microbench_300_2026-02-11T064352Z_seed20260211,AgentSkip,VB-104,2,FileTool,read_csv,read_after_write_dependency,True,FileTool,read_csv,True,,E0,True
VBrun_scale_microbench_300_2026-02-11T064352Z_seed20260211,AgentSkip,VB-104,3,QueryTool,search,query_hits_reproducible,False,,,True,MISSING_EVENT,E1,False
VBrun_scale_microbench_300_2026-02-11T064352Z_seed20260211,AgentSkip,VB-104,4,CalcTool,sum,value_equals,True,CalcTool,sum,True,,E0,True
VBrun_scale_microbench_300_2026-02-11T064352Z_seed20260211,AgentSkip,VB-104,5,CalcTool,sum,value_equals,True,CalcTool,sum,True,,E0,True
VBrun_scale_microbench_300_2026-02-11T064352Z_seed20260211,AgentSkip,VB-104,6,QueryTool,search,query_hits_reproducible,False,,,True,MISSING_EVENT,E1,False
VBrun_scale_microbench_300_2026-02-11T064352Z_seed20260211,AgentSkip,VB-104,7,CalcTool,sum,value_equals,True,CalcTool,sum,True,,E0,True
VBrun_scale_microbench_300_2026-02-11T064352Z_seed20260211,AgentSkip,VB-105,1,FileTool,write_csv,artifact_written_exists,True,FileTool,write_csv,True,,E0,True
VBrun_scale_microbench_300_2026-02-11T064352Z_seed20260211,AgentSkip,VB-105,2,FileTool,read_csv,read_after_write_dependency,True,FileTool,read_csv,True,,E0,True
VBrun_scale_microbench_300_2026-02-11T064352Z_seed20260211,AgentSkip,VB-105,3,QueryTool,search,query_hits_reproducible,False,,,True,MISSING_EVENT,E1,False
VBrun_scale_microbench_300_2026-02-11T064352Z_seed20260211,AgentSkip,VB-105,4,CalcTool,sum,value_equals,True,CalcTool,sum,True,,E0,True
VBrun_scale_microbench_300_2026-02-11T064352Z_seed20260211,AgentSkip,VB-105,5,CalcTool,sum,value_equals,True,CalcTool,sum,True,,E0,True
VBrun_scale_microbench_300_2026-02-11T064352Z_seed20260211,AgentSkip,VB-105,6,QueryTool,search,query_hits_reproducible,False,,,True,MISSING_EVENT,E1,False
VBrun_scale_microbench_300_2026-02-11T064352Z_seed20260211,AgentSkip,VB-105,7,CalcTool,sum,value_equals,True,CalcTool,sum,True,,E0,True
VBrun_scale_microbench_300_2026-02-11T064352Z_seed20260211,AgentSkip,VB-105,8,CalcTool,sum,value_equals,True,CalcTool,sum,True,,E0,True
VBrun_scale_microbench_300_2026-02-11T064352Z_seed20260211,AgentSkip,VB-106,1,FileTool,write_csv,artifact_written_exists,True,FileTool,write_csv,True,,E0,True
VBrun_scale_microbench_300_2026-02-11T064352Z_seed20260211,AgentSkip,VB-106,2,FileTool,read_csv,read_after_write_dependency,True,FileTool,read_csv,True,,E0,True
VBrun_scale_microbench_300_2026-02-11T064352Z_seed20260211,AgentSkip,VB-107,1,FileTool,write_csv,artifact_written_exists,True,FileTool,write_csv,True,,E0,True
VBrun_scale_microbench_300_2026-02-11T064352Z_seed20260211,AgentSkip,VB-107,2,FileTool,read_csv,read_after_write_dependency,True,FileTool,read_csv,True,,E0,True
VBrun_scale_microbench_300_2026-02-11T064352Z_seed20260211,AgentSkip,VB-107,3,QueryTool,search,query_hits_reproducible,False,,,True,MISSING_EVENT,E1,False
VBrun_scale_microbench_300_2026-02-11T064352Z_seed20260211,AgentSkip,VB-108,1,FileTool,write_csv,artifact_written_exists,True,FileTool,write_csv,True,,E0,True
VBrun_scale_microbench_300_2026-02-11T064352Z_seed20260211,AgentSkip,VB-108,2,FileTool,read_csv,read_after_write_dependency,True,FileTool,read_csv,True,,E0,True
VBrun_scale_microbench_300_2026-02-11T064352Z_seed20260211,AgentSkip,VB-108,3,QueryTool,search,query_hits_reproducible,False,,,True,MISSING_EVENT,E1,False
VBrun_scale_microbench_300_2026-02-11T064352Z_seed20260211,AgentSkip,VB-108,4,CalcTool,sum,value_equals,True,CalcTool,sum,True,,E0,True
VBrun_scale_microbench_300_2026-02-11T064352Z_seed20260211,AgentSkip,VB-109,1,FileTool,write_csv,artifact_written_exists,True,FileTool,write_csv,True,,E0,True
VBrun_scale_microbench_300_2026-02-11T064352Z_seed20260211,AgentSkip,VB-109,2,FileTool,read_csv,read_after_write_dependency,True,FileTool,read_csv,True,,E0,True
VBrun_scale_microbench_300_2026-02-11T064352Z_seed20260211,AgentSkip,VB-109,3,QueryTool,search,query_hits_reproducible,False,,,True,MISSING_EVENT,E1,False
VBrun_scale_microbench_300_2026-02-11T064352Z_seed20260211,AgentSkip,VB-109,4,CalcTool,sum,value_equals,True,CalcTool,sum,True,,E0,True
VBrun_scale_microbench_300_2026-02-11T064352Z_seed20260211,AgentSkip,VB-109,5,CalcTool,sum,value_equals,True,CalcTool,sum,True,,E0,True
VBrun_scale_microbench_300_2026-02-11T064352Z_seed20260211,AgentSkip,VB-110,1,FileTool,write_csv,artifact_written_exists,True,FileTool,write_csv,True,,E0,True
VBrun_scale_microbench_300_2026-02-11T064352Z_seed20260211,AgentSkip,VB-110,2,FileTool,read_csv,read_after_write_dependency,True,FileTool,read_csv,True,,E0,True
VBrun_scale_microbench_300_2026-02-11T064352Z_seed20260211,AgentSkip,VB-110,3,QueryTool,search,query_hits_reproducible,False,,,True,MISSING_EVENT,E1,False
VBrun_scale_microbench_300_2026-02-11T064352Z_seed20260211,AgentSkip,VB-110,4,CalcTool,sum,value_equals,True,CalcTool,sum,True,,E0,True
VBrun_scale_microbench_300_2026-02-11T064352Z_seed20260211,AgentSkip,VB-110,5,CalcTool,sum,value_equals,True,CalcTool,sum,True,,E0,True
VBrun_scale_microbench_300_2026-02-11T064352Z_seed20260211,AgentSkip,VB-110,6,QueryTool,search,query_hits_reproducible,False,,,True,MISSING_EVENT,E1,False
VBrun_scale_microbench_300_2026-02-11T064352Z_seed20260211,AgentSkip,VB-111,1,FileTool,write_csv,artifact_written_exists,True,FileTool,write_csv,True,,E0,True
VBrun_scale_microbench_300_2026-02-11T064352Z_seed20260211,AgentSkip,VB-111,2,FileTool,read_csv,read_after_write_dependency,True,FileTool,read_csv,True,,E0,True
VBrun_scale_microbench_300_2026-02-11T064352Z_seed20260211,AgentSkip,VB-111,3,QueryTool,search,query_hits_reproducible,False,,,True,MISSING_EVENT,E1,False
VBrun_scale_microbench_300_2026-02-11T064352Z_seed20260211,AgentSkip,VB-111,4,CalcTool,sum,value_equals,True,CalcTool,sum,True,,E0,True
VBrun_scale_microbench_300_2026-02-11T064352Z_seed20260211,AgentSkip,VB-111,5,CalcTool,sum,value_equals,True,CalcTool,sum,True,,E0,True
VBrun_scale_microbench_300_2026-02-11T064352Z_seed20260211,AgentSkip,VB-111,6,QueryTool,search,query_hits_reproducible,False,,,True,MISSING_EVENT,E1,False
VBrun_scale_microbench_300_2026-02-11T064352Z_seed20260211,AgentSkip,VB-111,7,CalcTool,sum,value_equals,True,CalcTool,sum,True,,E0,True
VBrun_scale_microbench_300_2026-02-11T064352Z_seed20260211,AgentSkip,VB-112,1,FileTool,write_csv,artifact_written_exists,True,FileTool,write_csv,True,,E0,True
VBrun_scale_microbench_300_2026-02-11T064352Z_seed20260211,AgentSkip,VB-112,2,FileTool,read_csv,read_after_write_dependency,True,FileTool,read_csv,True,,E0,True
VBrun_scale_microbench_300_2026-02-11T064352Z_seed20260211,AgentSkip,VB-112,3,QueryTool,search,query_hits_reproducible,False,,,True,MISSING_EVENT,E1,False
VBrun_scale_microbench_300_2026-02-11T064352Z_seed20260211,AgentSkip,VB-112,4,CalcTool,sum,value_equals,True,CalcTool,sum,True,,E0,True
VBrun_scale_microbench_300_2026-02-11T064352Z_seed20260211,AgentSkip,VB-112,5,CalcTool,sum,value_equals,True,CalcTool,sum,True,,E0,True
VBrun_scale_microbench_300_2026-02-11T064352Z_seed20260211,AgentSkip,VB-112,6,QueryTool,search,query_hits_reproducible,False,,,True,MISSING_EVENT,E1,False
VBrun_scale_microbench_300_2026-02-11T064352Z_seed20260211,AgentSkip,VB-112,7,CalcTool,sum,value_equals,True,CalcTool,sum,True,,E0,True
VBrun_scale_microbench_300_2026-02-11T064352Z_seed20260211,AgentSkip,VB-112,8,CalcTool,sum,value_equals,True,CalcTool,sum,True,,E0,True
VBrun_scale_microbench_300_2026-02-11T064352Z_seed20260211,AgentSkip,VB-113,1,FileTool,write_csv,artifact_written_exists,True,FileTool,write_csv,True,,E0,True
VBrun_scale_microbench_300_2026-02-11T064352Z_seed20260211,AgentSkip,VB-113,2,FileTool,read_csv,read_after_write_dependency,True,FileTool,read_csv,True,,E0,True
VBrun_scale_microbench_300_2026-02-11T064352Z_seed20260211,AgentSkip,VB-114,1,FileTool,write_csv,artifact_written_exists,True,FileTool,write_csv,True,,E0,True
VBrun_scale_microbench_300_2026-02-11T064352Z_seed20260211,AgentSkip,VB-114,2,FileTool,read_csv,read_after_write_dependency,True,FileTool,read_csv,True,,E0,True
VBrun_scale_microbench_300_2026-02-11T064352Z_seed20260211,AgentSkip,VB-114,3,QueryTool,search,query_hits_reproducible,False,,,True,MISSING_EVENT,E1,False
VBrun_scale_microbench_300_2026-02-11T064352Z_seed20260211,AgentSkip,VB-115,1,FileTool,write_csv,artifact_written_exists,True,FileTool,write_csv,True,,E0,True
VBrun_scale_microbench_300_2026-02-11T064352Z_seed20260211,AgentSkip,VB-115,2,FileTool,read_csv,read_after_write_dependency,True,FileTool,read_csv,True,,E0,True
VBrun_scale_microbench_300_2026-02-11T064352Z_seed20260211,AgentSkip,VB-115,3,QueryTool,search,query_hits_reproducible,False,,,True,MISSING_EVENT,E1,False
VBrun_scale_microbench_300_2026-02-11T064352Z_seed20260211,AgentSkip,VB-115,4,CalcTool,sum,value_equals,True,CalcTool,sum,True,,E0,True
VBrun_scale_microbench_300_2026-02-11T064352Z_seed20260211,AgentSkip,VB-116,1,FileTool,write_csv,artifact_written_exists,True,FileTool,write_csv,True,,E0,True
VBrun_scale_microbench_300_2026-02-11T064352Z_seed20260211,AgentSkip,VB-116,2,FileTool,read_csv,read_after_write_dependency,True,FileTool,read_csv,True,,E0,True
VBrun_scale_microbench_300_2026-02-11T064352Z_seed20260211,AgentSkip,VB-116,3,QueryTool,search,query_hits_reproducible,False,,,True,MISSING_EVENT,E1,False
VBrun_scale_microbench_300_2026-02-11T064352Z_seed20260211,AgentSkip,VB-116,4,CalcTool,sum,value_equals,True,CalcTool,sum,True,,E0,True
VBrun_scale_microbench_300_2026-02-11T064352Z_seed20260211,AgentSkip,VB-116,5,CalcTool,sum,value_equals,True,CalcTool,sum,True,,E0,True
VBrun_scale_microbench_300_2026-02-11T064352Z_seed20260211,AgentSkip,VB-117,1,FileTool,write_csv,artifact_written_exists,True,FileTool,write_csv,True,,E0,True
VBrun_scale_microbench_300_2026-02-11T064352Z_seed20260211,AgentSkip,VB-117,2,FileTool,read_csv,read_after_write_dependency,True,FileTool,read_csv,True,,E0,True
VBrun_scale_microbench_300_2026-02-11T064352Z_seed20260211,AgentSkip,VB-117,3,QueryTool,search,query_hits_reproducible,False,,,True,MISSING_EVENT,E1,False
VBrun_scale_microbench_300_2026-02-11T064352Z_seed20260211,AgentSkip,VB-117,4,CalcTool,sum,value_equals,True,CalcTool,sum,True,,E0,True
VBrun_scale_microbench_300_2026-02-11T064352Z_seed20260211,AgentSkip,VB-117,5,CalcTool,sum,value_equals,True,CalcTool,sum,True,,E0,True
VBrun_scale_microbench_300_2026-02-11T064352Z_seed20260211,AgentSkip,VB-117,6,QueryTool,search,query_hits_reproducible,False,,,True,MISSING_EVENT,E1,False
VBrun_scale_microbench_300_2026-02-11T064352Z_seed20260211,AgentSkip,VB-118,1,FileTool,write_csv,artifact_written_exists,True,FileTool,write_csv,True,,E0,True
VBrun_scale_microbench_300_2026-02-11T064352Z_seed20260211,AgentSkip,VB-118,2,FileTool,read_csv,read_after_write_dependency,True,FileTool,read_csv,True,,E0,True
VBrun_scale_microbench_300_2026-02-11T064352Z_seed20260211,AgentSkip,VB-118,3,QueryTool,search,query_hits_reproducible,False,,,True,MISSING_EVENT,E1,False
VBrun_scale_microbench_300_2026-02-11T064352Z_seed20260211,AgentSkip,VB-118,4,CalcTool,sum,value_equals,True,CalcTool,sum,True,,E0,True
VBrun_scale_microbench_300_2026-02-11T064352Z_seed20260211,AgentSkip,VB-118,5,CalcTool,sum,value_equals,True,CalcTool,sum,True,,E0,True
VBrun_scale_microbench_300_2026-02-11T064352Z_seed20260211,AgentSkip,VB-118,6,QueryTool,search,query_hits_reproducible,False,,,True,MISSING_EVENT,E1,False
VBrun_scale_microbench_300_2026-02-11T064352Z_seed20260211,AgentSkip,VB-118,7,CalcTool,sum,value_equals,True,CalcTool,sum,True,,E0,True
VBrun_scale_microbench_300_2026-02-11T064352Z_seed20260211,AgentSkip,VB-119,1,FileTool,write_csv,artifact_written_exists,True,FileTool,write_csv,True,,E0,True
VBrun_scale_microbench_300_2026-02-11T064352Z_seed20260211,AgentSkip,VB-119,2,FileTool,read_csv,read_after_write_dependency,True,FileTool,read_csv,True,,E0,True
VBrun_scale_microbench_300_2026-02-11T064352Z_seed20260211,AgentSkip,VB-119,3,QueryTool,search,query_hits_reproducible,False,,,True,MISSING_EVENT,E1,False
VBrun_scale_microbench_300_2026-02-11T064352Z_seed20260211,AgentSkip,VB-119,4,CalcTool,sum,value_equals,True,CalcTool,sum,True,,E0,True
VBrun_scale_microbench_300_2026-02-11T064352Z_seed20260211,AgentSkip,VB-119,5,CalcTool,sum,value_equals,True,CalcTool,sum,True,,E0,True
VBrun_scale_microbench_300_2026-02-11T064352Z_seed20260211,AgentSkip,VB-119,6,QueryTool,search,query_hits_reproducible,False,,,True,MISSING_EVENT,E1,False
VBrun_scale_microbench_300_2026-02-11T064352Z_seed20260211,AgentSkip,VB-119,7,CalcTool,sum,value_equals,True,CalcTool,sum,True,,E0,True
VBrun_scale_microbench_300_2026-02-11T064352Z_seed20260211,AgentSkip,VB-119,8,CalcTool,sum,value_equals,True,CalcTool,sum,True,,E0,True
VBrun_scale_microbench_300_2026-02-11T064352Z_seed20260211,AgentSkip,VB-120,1,FileTool,write_csv,artifact_written_exists,True,FileTool,write_csv,True,,E0,True
VBrun_scale_microbench_300_2026-02-11T064352Z_seed20260211,AgentSkip,VB-120,2,FileTool,read_csv,read_after_write_dependency,True,FileTool,read_csv,True,,E0,True
VBrun_scale_microbench_300_2026-02-11T064352Z_seed20260211,AgentSkip,VB-121,1,FileTool,write_csv,artifact_written_exists,True,FileTool,write_csv,True,,E0,True
VBrun_scale_microbench_300_2026-02-11T064352Z_seed20260211,AgentSkip,VB-121,2,FileTool,read_csv,read_after_write_dependency,True,FileTool,read_csv,True,,E0,True
VBrun_scale_microbench_300_2026-02-11T064352Z_seed20260211,AgentSkip,VB-121,3,QueryTool,search,query_hits_reproducible,False,,,True,MISSING_EVENT,E1,False
VBrun_scale_microbench_300_2026-02-11T064352Z_seed20260211,AgentSkip,VB-122,1,FileTool,write_csv,artifact_written_exists,True,FileTool,write_csv,True,,E0,True
VBrun_scale_microbench_300_2026-02-11T064352Z_seed20260211,AgentSkip,VB-122,2,FileTool,read_csv,read_after_write_dependency,True,FileTool,read_csv,True,,E0,True
VBrun_scale_microbench_300_2026-02-11T064352Z_seed20260211,AgentSkip,VB-122,3,QueryTool,search,query_hits_reproducible,False,,,True,MISSING_EVENT,E1,False
VBrun_scale_microbench_300_2026-02-11T064352Z_seed20260211,AgentSkip,VB-122,4,CalcTool,sum,value_equals,True,CalcTool,sum,True,,E0,True
VBrun_scale_microbench_300_2026-02-11T064352Z_seed20260211,AgentSkip,VB-123,1,FileTool,write_csv,artifact_written_exists,True,FileTool,write_csv,True,,E0,True
VBrun_scale_microbench_300_2026-02-11T064352Z_seed20260211,AgentSkip,VB-123,2,FileTool,read_csv,read_after_write_dependency,True,FileTool,read_csv,True,,E0,True
VBrun_scale_microbench_300_2026-02-11T064352Z_seed20260211,AgentSkip,VB-123,3,QueryTool,search,query_hits_reproducible,False,,,True,MISSING_EVENT,E1,False
VBrun_scale_microbench_300_2026-02-11T064352Z_seed20260211,AgentSkip,VB-123,4,CalcTool,sum,value_equals,True,CalcTool,sum,True,,E0,True
VBrun_scale_microbench_300_2026-02-11T064352Z_seed20260211,AgentSkip,VB-123,5,CalcTool,sum,value_equals,True,CalcTool,sum,True,,E0,True
VBrun_scale_microbench_300_2026-02-11T064352Z_seed20260211,AgentSkip,VB-124,1,FileTool,write_csv,artifact_written_exists,True,FileTool,write_csv,True,,E0,True
VBrun_scale_microbench_300_2026-02-11T064352Z_seed20260211,AgentSkip,VB-124,2,FileTool,read_csv,read_after_write_dependency,True,FileTool,read_csv,True,,E0,True
VBrun_scale_microbench_300_2026-02-11T064352Z_seed20260211,AgentSkip,VB-124,3,QueryTool,search,query_hits_reproducible,False,,,True,MISSING_EVENT,E1,False
VBrun_scale_microbench_300_2026-02-11T064352Z_seed20260211,AgentSkip,VB-124,4,CalcTool,sum,value_equals,True,CalcTool,sum,True,,E0,True
VBrun_scale_microbench_300_2026-02-11T064352Z_seed20260211,AgentSkip,VB-124,5,CalcTool,sum,value_equals,True,CalcTool,sum,True,,E0,True
VBrun_scale_microbench_300_2026-02-11T064352Z_seed20260211,AgentSkip,VB-124,6,QueryTool,search,query_hits_reproducible,False,,,True,MISSING_EVENT,E1,False
VBrun_scale_microbench_300_2026-02-11T064352Z_seed20260211,AgentSkip,VB-125,1,FileTool,write_csv,artifact_written_exists,True,FileTool,write_csv,True,,E0,True
VBrun_scale_microbench_300_2026-02-11T064352Z_seed20260211,AgentSkip,VB-125,2,FileTool,read_csv,read_after_write_dependency,True,FileTool,read_csv,True,,E0,True
VBrun_scale_microbench_300_2026-02-11T064352Z_seed20260211,AgentSkip,VB-125,3,QueryTool,search,query_hits_reproducible,False,,,True,MISSING_EVENT,E1,False
VBrun_scale_microbench_300_2026-02-11T064352Z_seed20260211,AgentSkip,VB-125,4,CalcTool,sum,value_equals,True,CalcTool,sum,True,,E0,True
VBrun_scale_microbench_300_2026-02-11T064352Z_seed20260211,AgentSkip,VB-125,5,CalcTool,sum,value_equals,True,CalcTool,sum,True,,E0,True
VBrun_scale_microbench_300_2026-02-11T064352Z_seed20260211,AgentSkip,VB-125,6,QueryTool,search,query_hits_reproducible,False,,,True,MISSING_EVENT,E1,False
VBrun_scale_microbench_300_2026-02-11T064352Z_seed20260211,AgentSkip,VB-125,7,CalcTool,sum,value_equals,True,CalcTool,sum,True,,E0,True
VBrun_scale_microbench_300_2026-02-11T064352Z_seed20260211,AgentSkip,VB-126,1,FileTool,write_csv,artifact_written_exists,True,FileTool,write_csv,True,,E0,True
VBrun_scale_microbench_300_2026-02-11T064352Z_seed20260211,AgentSkip,VB-126,2,FileTool,read_csv,read_after_write_dependency,True,FileTool,read_csv,True,,E0,True
VBrun_scale_microbench_300_2026-02-11T064352Z_seed20260211,AgentSkip,VB-126,3,QueryTool,search,query_hits_reproducible,False,,,True,MISSING_EVENT,E1,False
VBrun_scale_microbench_300_2026-02-11T064352Z_seed20260211,AgentSkip,VB-126,4,CalcTool,sum,value_equals,True,CalcTool,sum,True,,E0,True
VBrun_scale_microbench_300_2026-02-11T064352Z_seed20260211,AgentSkip,VB-126,5,CalcTool,sum,value_equals,True,CalcTool,sum,True,,E0,True
VBrun_scale_microbench_300_2026-02-11T064352Z_seed20260211,AgentSkip,VB-126,6,QueryTool,search,query_hits_reproducible,False,,,True,MISSING_EVENT,E1,False
VBrun_scale_microbench_300_2026-02-11T064352Z_seed20260211,AgentSkip,VB-126,7,CalcTool,sum,value_equals,True,CalcTool,sum,True,,E0,True
VBrun_scale_microbench_300_2026-02-11T064352Z_seed20260211,AgentSkip,VB-126,8,CalcTool,sum,value_equals,True,CalcTool,sum,True,,E0,True
VBrun_scale_microbench_300_2026-02-11T064352Z_seed20260211,AgentSkip,VB-127,1,FileTool,write_csv,artifact_written_exists,True,FileTool,write_csv,True,,E0,True
VBrun_scale_microbench_300_2026-02-11T064352Z_seed20260211,AgentSkip,VB-127,2,FileTool,read_csv,read_after_write_dependency,True,FileTool,read_csv,True,,E0,True
VBrun_scale_microbench_300_2026-02-11T064352Z_seed20260211,AgentSkip,VB-128,1,FileTool,write_csv,artifact_written_exists,True,FileTool,write_csv,True,,E0,True
VBrun_scale_microbench_300_2026-02-11T064352Z_seed20260211,AgentSkip,VB-128,2,FileTool,read_csv,read_after_write_dependency,True,FileTool,read_csv,True,,E0,True
VBrun_scale_microbench_300_2026-02-11T064352Z_seed20260211,AgentSkip,VB-128,3,QueryTool,search,query_hits_reproducible,False,,,True,MISSING_EVENT,E1,False
VBrun_scale_microbench_300_2026-02-11T064352Z_seed20260211,AgentSkip,VB-129,1,FileTool,write_csv,artifact_written_exists,True,FileTool,write_csv,True,,E0,True
VBrun_scale_microbench_300_2026-02-11T064352Z_seed20260211,AgentSkip,VB-129,2,FileTool,read_csv,read_after_write_dependency,True,FileTool,read_csv,True,,E0,True
VBrun_scale_microbench_300_2026-02-11T064352Z_seed20260211,AgentSkip,VB-129,3,QueryTool,search,query_hits_reproducible,False,,,True,MISSING_EVENT,E1,False
VBrun_scale_microbench_300_2026-02-11T064352Z_seed20260211,AgentSkip,VB-129,4,CalcTool,sum,value_equals,True,CalcTool,sum,True,,E0,True
VBrun_scale_microbench_300_2026-02-11T064352Z_seed20260211,AgentSkip,VB-130,1,FileTool,write_csv,artifact_written_exists,True,FileTool,write_csv,True,,E0,True
VBrun_scale_microbench_300_2026-02-11T064352Z_seed20260211,AgentSkip,VB-130,2,FileTool,read_csv,read_after_write_dependency,True,FileTool,read_csv,True,,E0,True
VBrun_scale_microbench_300_2026-02-11T064352Z_seed20260211,AgentSkip,VB-130,3,QueryTool,search,query_hits_reproducible,False,,,True,MISSING_EVENT,E1,False
VBrun_scale_microbench_300_2026-02-11T064352Z_seed20260211,AgentSkip,VB-130,4,CalcTool,sum,value_equals,True,CalcTool,sum,True,,E0,True
VBrun_scale_microbench_300_2026-02-11T064352Z_seed20260211,AgentSkip,VB-130,5,CalcTool,sum,value_equals,True,CalcTool,sum,True,,E0,True
VBrun_scale_microbench_300_2026-02-11T064352Z_seed20260211,AgentSkip,VB-131,1,FileTool,write_csv,artifact_written_exists,True,FileTool,write_csv,True,,E0,True
VBrun_scale_microbench_300_2026-02-11T064352Z_seed20260211,AgentSkip,VB-131,2,FileTool,read_csv,read_after_write_dependency,True,FileTool,read_csv,True,,E0,True
VBrun_scale_microbench_300_2026-02-11T064352Z_seed20260211,AgentSkip,VB-131,3,QueryTool,search,query_hits_reproducible,False,,,True,MISSING_EVENT,E1,False
VBrun_scale_microbench_300_2026-02-11T064352Z_seed20260211,AgentSkip,VB-131,4,CalcTool,sum,value_equals,True,CalcTool,sum,True,,E0,True
VBrun_scale_microbench_300_2026-02-11T064352Z_seed20260211,AgentSkip,VB-131,5,CalcTool,sum,value_equals,True,CalcTool,sum,True,,E0,True
VBrun_scale_microbench_300_2026-02-11T064352Z_seed20260211,AgentSkip,VB-131,6,QueryTool,search,query_hits_reproducible,False,,,True,MISSING_EVENT,E1,False
VBrun_scale_microbench_300_2026-02-11T064352Z_seed20260211,AgentSkip,VB-132,1,FileTool,write_csv,artifact_written_exists,True,FileTool,write_csv,True,,E0,True
VBrun_scale_microbench_300_2026-02-11T064352Z_seed20260211,AgentSkip,VB-132,2,FileTool,read_csv,read_after_write_dependency,True,FileTool,read_csv,True,,E0,True
VBrun_scale_microbench_300_2026-02-11T064352Z_seed20260211,AgentSkip,VB-132,3,QueryTool,search,query_hits_reproducible,False,,,True,MISSING_EVENT,E1,False
VBrun_scale_microbench_300_2026-02-11T064352Z_seed20260211,AgentSkip,VB-132,4,CalcTool,sum,value_equals,True,CalcTool,sum,True,,E0,True
VBrun_scale_microbench_300_2026-02-11T064352Z_seed20260211,AgentSkip,VB-132,5,CalcTool,sum,value_equals,True,CalcTool,sum,True,,E0,True
VBrun_scale_microbench_300_2026-02-11T064352Z_seed20260211,AgentSkip,VB-132,6,QueryTool,search,query_hits_reproducible,False,,,True,MISSING_EVENT,E1,False
VBrun_scale_microbench_300_2026-02-11T064352Z_seed20260211,AgentSkip,VB-132,7,CalcTool,sum,value_equals,True,CalcTool,sum,True,,E0,True
VBrun_scale_microbench_300_2026-02-11T064352Z_seed20260211,AgentSkip,VB-133,1,FileTool,write_csv,artifact_written_exists,True,FileTool,write_csv,True,,E0,True
VBrun_scale_microbench_300_2026-02-11T064352Z_seed20260211,AgentSkip,VB-133,2,FileTool,read_csv,read_after_write_dependency,True,FileTool,read_csv,True,,E0,True
VBrun_scale_microbench_300_2026-02-11T064352Z_seed20260211,AgentSkip,VB-133,3,QueryTool,search,query_hits_reproducible,False,,,True,MISSING_EVENT,E1,False
VBrun_scale_microbench_300_2026-02-11T064352Z_seed20260211,AgentSkip,VB-133,4,CalcTool,sum,value_equals,True,CalcTool,sum,True,,E0,True
VBrun_scale_microbench_300_2026-02-11T064352Z_seed20260211,AgentSkip,VB-133,5,CalcTool,sum,value_equals,True,CalcTool,sum,True,,E0,True
VBrun_scale_microbench_300_2026-02-11T064352Z_seed20260211,AgentSkip,VB-133,6,QueryTool,search,query_hits_reproducible,False,,,True,MISSING_EVENT,E1,False
VBrun_scale_microbench_300_2026-02-11T064352Z_seed20260211,AgentSkip,VB-133,7,CalcTool,sum,value_equals,True,CalcTool,sum,True,,E0,True
VBrun_scale_microbench_300_2026-02-11T064352Z_seed20260211,AgentSkip,VB-133,8,CalcTool,sum,value_equals,True,CalcTool,sum,True,,E0,True
VBrun_scale_microbench_300_2026-02-11T064352Z_seed20260211,AgentSkip,VB-134,1,FileTool,write_csv,artifact_written_exists,True,FileTool,write_csv,True,,E0,True
VBrun_scale_microbench_300_2026-02-11T064352Z_seed20260211,AgentSkip,VB-134,2,FileTool,read_csv,read_after_write_dependency,True,FileTool,read_csv,True,,E0,True
VBrun_scale_microbench_300_2026-02-11T064352Z_seed20260211,AgentSkip,VB-135,1,FileTool,write_csv,artifact_written_exists,True,FileTool,write_csv,True,,E0,True
VBrun_scale_microbench_300_2026-02-11T064352Z_seed20260211,AgentSkip,VB-135,2,FileTool,read_csv,read_after_write_dependency,True,FileTool,read_csv,True,,E0,True
VBrun_scale_microbench_300_2026-02-11T064352Z_seed20260211,AgentSkip,VB-135,3,QueryTool,search,query_hits_reproducible,False,,,True,MISSING_EVENT,E1,False
VBrun_scale_microbench_300_2026-02-11T064352Z_seed20260211,AgentSkip,VB-136,1,FileTool,write_csv,artifact_written_exists,True,FileTool,write_csv,True,,E0,True
VBrun_scale_microbench_300_2026-02-11T064352Z_seed20260211,AgentSkip,VB-136,2,FileTool,read_csv,read_after_write_dependency,True,FileTool,read_csv,True,,E0,True
VBrun_scale_microbench_300_2026-02-11T064352Z_seed20260211,AgentSkip,VB-136,3,QueryTool,search,query_hits_reproducible,False,,,True,MISSING_EVENT,E1,False
VBrun_scale_microbench_300_2026-02-11T064352Z_seed20260211,AgentSkip,VB-136,4,CalcTool,sum,value_equals,True,CalcTool,sum,True,,E0,True
VBrun_scale_microbench_300_2026-02-11T064352Z_seed20260211,AgentSkip,VB-137,1,FileTool,write_csv,artifact_written_exists,True,FileTool,write_csv,True,,E0,True
VBrun_scale_microbench_300_2026-02-11T064352Z_seed20260211,AgentSkip,VB-137,2,FileTool,read_csv,read_after_write_dependency,True,FileTool,read_csv,True,,E0,True
VBrun_scale_microbench_300_2026-02-11T064352Z_seed20260211,AgentSkip,VB-137,3,QueryTool,search,query_hits_reproducible,False,,,True,MISSING_EVENT,E1,False
VBrun_scale_microbench_300_2026-02-11T064352Z_seed20260211,AgentSkip,VB-137,4,CalcTool,sum,value_equals,True,CalcTool,sum,True,,E0,True
VBrun_scale_microbench_300_2026-02-11T064352Z_seed20260211,AgentSkip,VB-137,5,CalcTool,sum,value_equals,True,CalcTool,sum,True,,E0,True
VBrun_scale_microbench_300_2026-02-11T064352Z_seed20260211,AgentSkip,VB-138,1,FileTool,write_csv,artifact_written_exists,True,FileTool,write_csv,True,,E0,True
VBrun_scale_microbench_300_2026-02-11T064352Z_seed20260211,AgentSkip,VB-138,2,FileTool,read_csv,read_after_write_dependency,True,FileTool,read_csv,True,,E0,True
VBrun_scale_microbench_300_2026-02-11T064352Z_seed20260211,AgentSkip,VB-138,3,QueryTool,search,query_hits_reproducible,False,,,True,MISSING_EVENT,E1,False
VBrun_scale_microbench_300_2026-02-11T064352Z_seed20260211,AgentSkip,VB-138,4,CalcTool,sum,value_equals,True,CalcTool,sum,True,,E0,True
VBrun_scale_microbench_300_2026-02-11T064352Z_seed20260211,AgentSkip,VB-138,5,CalcTool,sum,value_equals,True,CalcTool,sum,True,,E0,True
VBrun_scale_microbench_300_2026-02-11T064352Z_seed20260211,AgentSkip,VB-138,6,QueryTool,search,query_hits_reproducible,False,,,True,MISSING_EVENT,E1,False
VBrun_scale_microbench_300_2026-02-11T064352Z_seed20260211,AgentSkip,VB-139,1,FileTool,write_csv,artifact_written_exists,True,FileTool,write_csv,True,,E0,True
VBrun_scale_microbench_300_2026-02-11T064352Z_seed20260211,AgentSkip,VB-139,2,FileTool,read_csv,read_after_write_dependency,True,FileTool,read_csv,True,,E0,True
VBrun_scale_microbench_300_2026-02-11T064352Z_seed20260211,AgentSkip,VB-139,3,QueryTool,search,query_hits_reproducible,False,,,True,MISSING_EVENT,E1,False
VBrun_scale_microbench_300_2026-02-11T064352Z_seed20260211,AgentSkip,VB-139,4,CalcTool,sum,value_equals,True,CalcTool,sum,True,,E0,True
VBrun_scale_microbench_300_2026-02-11T064352Z_seed20260211,AgentSkip,VB-139,5,CalcTool,sum,value_equals,True,CalcTool,sum,True,,E0,True
VBrun_scale_microbench_300_2026-02-11T064352Z_seed20260211,AgentSkip,VB-139,6,QueryTool,search,query_hits_reproducible,False,,,True,MISSING_EVENT,E1,False
VBrun_scale_microbench_300_2026-02-11T064352Z_seed20260211,AgentSkip,VB-139,7,CalcTool,sum,value_equals,True,CalcTool,sum,True,,E0,True
VBrun_scale_microbench_300_2026-02-11T064352Z_seed20260211,AgentSkip,VB-140,1,FileTool,write_csv,artifact_written_exists,True,FileTool,write_csv,True,,E0,True
VBrun_scale_microbench_300_2026-02-11T064352Z_seed20260211,AgentSkip,VB-140,2,FileTool,read_csv,read_after_write_dependency,True,FileTool,read_csv,True,,E0,True
VBrun_scale_microbench_300_2026-02-11T064352Z_seed20260211,AgentSkip,VB-140,3,QueryTool,search,query_hits_reproducible,False,,,True,MISSING_EVENT,E1,False
VBrun_scale_microbench_300_2026-02-11T064352Z_seed20260211,AgentSkip,VB-140,4,CalcTool,sum,value_equals,True,CalcTool,sum,True,,E0,True
VBrun_scale_microbench_300_2026-02-11T064352Z_seed20260211,AgentSkip,VB-140,5,CalcTool,sum,value_equals,True,CalcTool,sum,True,,E0,True
VBrun_scale_microbench_300_2026-02-11T064352Z_seed20260211,AgentSkip,VB-140,6,QueryTool,search,query_hits_reproducible,False,,,True,MISSING_EVENT,E1,False
VBrun_scale_microbench_300_2026-02-11T064352Z_seed20260211,AgentSkip,VB-140,7,CalcTool,sum,value_equals,True,CalcTool,sum,True,,E0,True
VBrun_scale_microbench_300_2026-02-11T064352Z_seed20260211,AgentSkip,VB-140,8,CalcTool,sum,value_equals,True,CalcTool,sum,True,,E0,True
VBrun_scale_microbench_300_2026-02-11T064352Z_seed20260211,AgentSkip,VB-141,1,FileTool,write_csv,artifact_written_exists,True,FileTool,write_csv,True,,E0,True
VBrun_scale_microbench_300_2026-02-11T064352Z_seed20260211,AgentSkip,VB-141,2,FileTool,read_csv,read_after_write_dependency,True,FileTool,read_csv,True,,E0,True
VBrun_scale_microbench_300_2026-02-11T064352Z_seed20260211,AgentSkip,VB-142,1,FileTool,write_csv,artifact_written_exists,True,FileTool,write_csv,True,,E0,True
VBrun_scale_microbench_300_2026-02-11T064352Z_seed20260211,AgentSkip,VB-142,2,FileTool,read_csv,read_after_write_dependency,True,FileTool,read_csv,True,,E0,True
VBrun_scale_microbench_300_2026-02-11T064352Z_seed20260211,AgentSkip,VB-142,3,QueryTool,search,query_hits_reproducible,False,,,True,MISSING_EVENT,E1,False
VBrun_scale_microbench_300_2026-02-11T064352Z_seed20260211,AgentSkip,VB-143,1,FileTool,write_csv,artifact_written_exists,True,FileTool,write_csv,True,,E0,True
VBrun_scale_microbench_300_2026-02-11T064352Z_seed20260211,AgentSkip,VB-143,2,FileTool,read_csv,read_after_write_dependency,True,FileTool,read_csv,True,,E0,True
VBrun_scale_microbench_300_2026-02-11T064352Z_seed20260211,AgentSkip,VB-143,3,QueryTool,search,query_hits_reproducible,False,,,True,MISSING_EVENT,E1,False
VBrun_scale_microbench_300_2026-02-11T064352Z_seed20260211,AgentSkip,VB-143,4,CalcTool,sum,value_equals,True,CalcTool,sum,True,,E0,True
VBrun_scale_microbench_300_2026-02-11T064352Z_seed20260211,AgentSkip,VB-144,1,FileTool,write_csv,artifact_written_exists,True,FileTool,write_csv,True,,E0,True
VBrun_scale_microbench_300_2026-02-11T064352Z_seed20260211,AgentSkip,VB-144,2,FileTool,read_csv,read_after_write_dependency,True,FileTool,read_csv,True,,E0,True
VBrun_scale_microbench_300_2026-02-11T064352Z_seed20260211,AgentSkip,VB-144,3,QueryTool,search,query_hits_reproducible,False,,,True,MISSING_EVENT,E1,False
VBrun_scale_microbench_300_2026-02-11T064352Z_seed20260211,AgentSkip,VB-144,4,CalcTool,sum,value_equals,True,CalcTool,sum,True,,E0,True
VBrun_scale_microbench_300_2026-02-11T064352Z_seed20260211,AgentSkip,VB-144,5,CalcTool,sum,value_equals,True,CalcTool,sum,True,,E0,True
VBrun_scale_microbench_300_2026-02-11T064352Z_seed20260211,AgentSkip,VB-145,1,FileTool,write_csv,artifact_written_exists,True,FileTool,write_csv,True,,E0,True
VBrun_scale_microbench_300_2026-02-11T064352Z_seed20260211,AgentSkip,VB-145,2,FileTool,read_csv,read_after_write_dependency,True,FileTool,read_csv,True,,E0,True
VBrun_scale_microbench_300_2026-02-11T064352Z_seed20260211,AgentSkip,VB-145,3,QueryTool,search,query_hits_reproducible,False,,,True,MISSING_EVENT,E1,False
VBrun_scale_microbench_300_2026-02-11T064352Z_seed20260211,AgentSkip,VB-145,4,CalcTool,sum,value_equals,True,CalcTool,sum,True,,E0,True
VBrun_scale_microbench_300_2026-02-11T064352Z_seed20260211,AgentSkip,VB-145,5,CalcTool,sum,value_equals,True,CalcTool,sum,True,,E0,True
VBrun_scale_microbench_300_2026-02-11T064352Z_seed20260211,AgentSkip,VB-145,6,QueryTool,search,query_hits_reproducible,False,,,True,MISSING_EVENT,E1,False
VBrun_scale_microbench_300_2026-02-11T064352Z_seed20260211,AgentSkip,VB-146,1,FileTool,write_csv,artifact_written_exists,True,FileTool,write_csv,True,,E0,True
VBrun_scale_microbench_300_2026-02-11T064352Z_seed20260211,AgentSkip,VB-146,2,FileTool,read_csv,read_after_write_dependency,True,FileTool,read_csv,True,,E0,True
VBrun_scale_microbench_300_2026-02-11T064352Z_seed20260211,AgentSkip,VB-146,3,QueryTool,search,query_hits_reproducible,False,,,True,MISSING_EVENT,E1,False
VBrun_scale_microbench_300_2026-02-11T064352Z_seed20260211,AgentSkip,VB-146,4,CalcTool,sum,value_equals,True,CalcTool,sum,True,,E0,True
VBrun_scale_microbench_300_2026-02-11T064352Z_seed20260211,AgentSkip,VB-146,5,CalcTool,sum,value_equals,True,CalcTool,sum,True,,E0,True
VBrun_scale_microbench_300_2026-02-11T064352Z_seed20260211,AgentSkip,VB-146,6,QueryTool,search,query_hits_reproducible,False,,,True,MISSING_EVENT,E1,False
VBrun_scale_microbench_300_2026-02-11T064352Z_seed20260211,AgentSkip,VB-146,7,CalcTool,sum,value_equals,True,CalcTool,sum,True,,E0,True
VBrun_scale_microbench_300_2026-02-11T064352Z_seed20260211,AgentSkip,VB-147,1,FileTool,write_csv,artifact_written_exists,True,FileTool,write_csv,True,,E0,True
VBrun_scale_microbench_300_2026-02-11T064352Z_seed20260211,AgentSkip,VB-147,2,FileTool,read_csv,read_after_write_dependency,True,FileTool,read_csv,True,,E0,True
VBrun_scale_microbench_300_2026-02-11T064352Z_seed20260211,AgentSkip,VB-147,3,QueryTool,search,query_hits_reproducible,False,,,True,MISSING_EVENT,E1,False
VBrun_scale_microbench_300_2026-02-11T064352Z_seed20260211,AgentSkip,VB-147,4,CalcTool,sum,value_equals,True,CalcTool,sum,True,,E0,True
VBrun_scale_microbench_300_2026-02-11T064352Z_seed20260211,AgentSkip,VB-147,5,CalcTool,sum,value_equals,True,CalcTool,sum,True,,E0,True
VBrun_scale_microbench_300_2026-02-11T064352Z_seed20260211,AgentSkip,VB-147,6,QueryTool,search,query_hits_reproducible,False,,,True,MISSING_EVENT,E1,False
VBrun_scale_microbench_300_2026-02-11T064352Z_seed20260211,AgentSkip,VB-147,7,CalcTool,sum,value_equals,True,CalcTool,sum,True,,E0,True
VBrun_scale_microbench_300_2026-02-11T064352Z_seed20260211,AgentSkip,VB-147,8,CalcTool,sum,value_equals,True,CalcTool,sum,True,,E0,True
VBrun_scale_microbench_300_2026-02-11T064352Z_seed20260211,AgentSkip,VB-148,1,FileTool,write_csv,artifact_written_exists,True,FileTool,write_csv,True,,E0,True
VBrun_scale_microbench_300_2026-02-11T064352Z_seed20260211,AgentSkip,VB-148,2,FileTool,read_csv,read_after_write_dependency,True,FileTool,read_csv,True,,E0,True
VBrun_scale_microbench_300_2026-02-11T064352Z_seed20260211,AgentSkip,VB-149,1,FileTool,write_csv,artifact_written_exists,True,FileTool,write_csv,True,,E0,True
VBrun_scale_microbench_300_2026-02-11T064352Z_seed20260211,AgentSkip,VB-149,2,FileTool,read_csv,read_after_write_dependency,True,FileTool,read_csv,True,,E0,True
VBrun_scale_microbench_300_2026-02-11T064352Z_seed20260211,AgentSkip,VB-149,3,QueryTool,search,query_hits_reproducible,False,,,True,MISSING_EVENT,E1,False
VBrun_scale_microbench_300_2026-02-11T064352Z_seed20260211,AgentSkip,VB-150,1,FileTool,write_csv,artifact_written_exists,True,FileTool,write_csv,True,,E0,True
VBrun_scale_microbench_300_2026-02-11T064352Z_seed20260211,AgentSkip,VB-150,2,FileTool,read_csv,read_after_write_dependency,True,FileTool,read_csv,True,,E0,True
VBrun_scale_microbench_300_2026-02-11T064352Z_seed20260211,AgentSkip,VB-150,3,QueryTool,search,query_hits_reproducible,False,,,True,MISSING_EVENT,E1,False
VBrun_scale_microbench_300_2026-02-11T064352Z_seed20260211,AgentSkip,VB-150,4,CalcTool,sum,value_equals,True,CalcTool,sum,True,,E0,True
VBrun_scale_microbench_300_2026-02-11T064352Z_seed20260211,AgentSkip,VB-151,1,FileTool,write_csv,artifact_written_exists,True,FileTool,write_csv,True,,E0,True
VBrun_scale_microbench_300_2026-02-11T064352Z_seed20260211,AgentSkip,VB-151,2,FileTool,read_csv,read_after_write_dependency,True,FileTool,read_csv,True,,E0,True
VBrun_scale_microbench_300_2026-02-11T064352Z_seed20260211,AgentSkip,VB-151,3,QueryTool,search,query_hits_reproducible,False,,,True,MISSING_EVENT,E1,False
VBrun_scale_microbench_300_2026-02-11T064352Z_seed20260211,AgentSkip,VB-151,4,CalcTool,sum,value_equals,True,CalcTool,sum,True,,E0,True
VBrun_scale_microbench_300_2026-02-11T064352Z_seed20260211,AgentSkip,VB-151,5,CalcTool,sum,value_equals,True,CalcTool,sum,True,,E0,True
VBrun_scale_microbench_300_2026-02-11T064352Z_seed20260211,AgentSkip,VB-152,1,FileTool,write_csv,artifact_written_exists,True,FileTool,write_csv,True,,E0,True
VBrun_scale_microbench_300_2026-02-11T064352Z_seed20260211,AgentSkip,VB-152,2,FileTool,read_csv,read_after_write_dependency,True,FileTool,read_csv,True,,E0,True
VBrun_scale_microbench_300_2026-02-11T064352Z_seed20260211,AgentSkip,VB-152,3,QueryTool,search,query_hits_reproducible,False,,,True,MISSING_EVENT,E1,False
VBrun_scale_microbench_300_2026-02-11T064352Z_seed20260211,AgentSkip,VB-152,4,CalcTool,sum,value_equals,True,CalcTool,sum,True,,E0,True
VBrun_scale_microbench_300_2026-02-11T064352Z_seed20260211,AgentSkip,VB-152,5,CalcTool,sum,value_equals,True,CalcTool,sum,True,,E0,True
VBrun_scale_microbench_300_2026-02-11T064352Z_seed20260211,AgentSkip,VB-152,6,QueryTool,search,query_hits_reproducible,False,,,True,MISSING_EVENT,E1,False
VBrun_scale_microbench_300_2026-02-11T064352Z_seed20260211,AgentSkip,VB-153,1,FileTool,write_csv,artifact_written_exists,True,FileTool,write_csv,True,,E0,True
VBrun_scale_microbench_300_2026-02-11T064352Z_seed20260211,AgentSkip,VB-153,2,FileTool,read_csv,read_after_write_dependency,True,FileTool,read_csv,True,,E0,True
VBrun_scale_microbench_300_2026-02-11T064352Z_seed20260211,AgentSkip,VB-153,3,QueryTool,search,query_hits_reproducible,False,,,True,MISSING_EVENT,E1,False
VBrun_scale_microbench_300_2026-02-11T064352Z_seed20260211,AgentSkip,VB-153,4,CalcTool,sum,value_equals,True,CalcTool,sum,True,,E0,True
VBrun_scale_microbench_300_2026-02-11T064352Z_seed20260211,AgentSkip,VB-153,5,CalcTool,sum,value_equals,True,CalcTool,sum,True,,E0,True
VBrun_scale_microbench_300_2026-02-11T064352Z_seed20260211,AgentSkip,VB-153,6,QueryTool,search,query_hits_reproducible,False,,,True,MISSING_EVENT,E1,False
VBrun_scale_microbench_300_2026-02-11T064352Z_seed20260211,AgentSkip,VB-153,7,CalcTool,sum,value_equals,True,CalcTool,sum,True,,E0,True
VBrun_scale_microbench_300_2026-02-11T064352Z_seed20260211,AgentSkip,VB-154,1,FileTool,write_csv,artifact_written_exists,True,FileTool,write_csv,True,,E0,True
VBrun_scale_microbench_300_2026-02-11T064352Z_seed20260211,AgentSkip,VB-154,2,FileTool,read_csv,read_after_write_dependency,True,FileTool,read_csv,True,,E0,True
VBrun_scale_microbench_300_2026-02-11T064352Z_seed20260211,AgentSkip,VB-154,3,QueryTool,search,query_hits_reproducible,False,,,True,MISSING_EVENT,E1,False
VBrun_scale_microbench_300_2026-02-11T064352Z_seed20260211,AgentSkip,VB-154,4,CalcTool,sum,value_equals,True,CalcTool,sum,True,,E0,True
VBrun_scale_microbench_300_2026-02-11T064352Z_seed20260211,AgentSkip,VB-154,5,CalcTool,sum,value_equals,True,CalcTool,sum,True,,E0,True
VBrun_scale_microbench_300_2026-02-11T064352Z_seed20260211,AgentSkip,VB-154,6,QueryTool,search,query_hits_reproducible,False,,,True,MISSING_EVENT,E1,False
VBrun_scale_microbench_300_2026-02-11T064352Z_seed20260211,AgentSkip,VB-154,7,CalcTool,sum,value_equals,True,CalcTool,sum,True,,E0,True
VBrun_scale_microbench_300_2026-02-11T064352Z_seed20260211,AgentSkip,VB-154,8,CalcTool,sum,value_equals,True,CalcTool,sum,True,,E0,True
VBrun_scale_microbench_300_2026-02-11T064352Z_seed20260211,AgentSkip,VB-155,1,FileTool,write_csv,artifact_written_exists,True,FileTool,write_csv,True,,E0,True
VBrun_scale_microbench_300_2026-02-11T064352Z_seed20260211,AgentSkip,VB-155,2,FileTool,read_csv,read_after_write_dependency,True,FileTool,read_csv,True,,E0,True
VBrun_scale_microbench_300_2026-02-11T064352Z_seed20260211,AgentSkip,VB-156,1,FileTool,write_csv,artifact_written_exists,True,FileTool,write_csv,True,,E0,True
VBrun_scale_microbench_300_2026-02-11T064352Z_seed20260211,AgentSkip,VB-156,2,FileTool,read_csv,read_after_write_dependency,True,FileTool,read_csv,True,,E0,True
VBrun_scale_microbench_300_2026-02-11T064352Z_seed20260211,AgentSkip,VB-156,3,QueryTool,search,query_hits_reproducible,False,,,True,MISSING_EVENT,E1,False
VBrun_scale_microbench_300_2026-02-11T064352Z_seed20260211,AgentSkip,VB-157,1,FileTool,write_csv,artifact_written_exists,True,FileTool,write_csv,True,,E0,True
VBrun_scale_microbench_300_2026-02-11T064352Z_seed20260211,AgentSkip,VB-157,2,FileTool,read_csv,read_after_write_dependency,True,FileTool,read_csv,True,,E0,True
VBrun_scale_microbench_300_2026-02-11T064352Z_seed20260211,AgentSkip,VB-157,3,QueryTool,search,query_hits_reproducible,False,,,True,MISSING_EVENT,E1,False
VBrun_scale_microbench_300_2026-02-11T064352Z_seed20260211,AgentSkip,VB-157,4,CalcTool,sum,value_equals,True,CalcTool,sum,True,,E0,True
VBrun_scale_microbench_300_2026-02-11T064352Z_seed20260211,AgentSkip,VB-158,1,FileTool,write_csv,artifact_written_exists,True,FileTool,write_csv,True,,E0,True
VBrun_scale_microbench_300_2026-02-11T064352Z_seed20260211,AgentSkip,VB-158,2,FileTool,read_csv,read_after_write_dependency,True,FileTool,read_csv,True,,E0,True
VBrun_scale_microbench_300_2026-02-11T064352Z_seed20260211,AgentSkip,VB-158,3,QueryTool,search,query_hits_reproducible,False,,,True,MISSING_EVENT,E1,False
VBrun_scale_microbench_300_2026-02-11T064352Z_seed20260211,AgentSkip,VB-158,4,CalcTool,sum,value_equals,True,CalcTool,sum,True,,E0,True
VBrun_scale_microbench_300_2026-02-11T064352Z_seed20260211,AgentSkip,VB-158,5,CalcTool,sum,value_equals,True,CalcTool,sum,True,,E0,True
VBrun_scale_microbench_300_2026-02-11T064352Z_seed20260211,AgentSkip,VB-159,1,FileTool,write_csv,artifact_written_exists,True,FileTool,write_csv,True,,E0,True
VBrun_scale_microbench_300_2026-02-11T064352Z_seed20260211,AgentSkip,VB-159,2,FileTool,read_csv,read_after_write_dependency,True,FileTool,read_csv,True,,E0,True
VBrun_scale_microbench_300_2026-02-11T064352Z_seed20260211,AgentSkip,VB-159,3,QueryTool,search,query_hits_reproducible,False,,,True,MISSING_EVENT,E1,False
VBrun_scale_microbench_300_2026-02-11T064352Z_seed20260211,AgentSkip,VB-159,4,CalcTool,sum,value_equals,True,CalcTool,sum,True,,E0,True
VBrun_scale_microbench_300_2026-02-11T064352Z_seed20260211,AgentSkip,VB-159,5,CalcTool,sum,value_equals,True,CalcTool,sum,True,,E0,True
VBrun_scale_microbench_300_2026-02-11T064352Z_seed20260211,AgentSkip,VB-159,6,QueryTool,search,query_hits_reproducible,False,,,True,MISSING_EVENT,E1,False
VBrun_scale_microbench_300_2026-02-11T064352Z_seed20260211,AgentSkip,VB-160,1,FileTool,write_csv,artifact_written_exists,True,FileTool,write_csv,True,,E0,True
VBrun_scale_microbench_300_2026-02-11T064352Z_seed20260211,AgentSkip,VB-160,2,FileTool,read_csv,read_after_write_dependency,True,FileTool,read_csv,True,,E0,True
VBrun_scale_microbench_300_2026-02-11T064352Z_seed20260211,AgentSkip,VB-160,3,QueryTool,search,query_hits_reproducible,False,,,True,MISSING_EVENT,E1,False
VBrun_scale_microbench_300_2026-02-11T064352Z_seed20260211,AgentSkip,VB-160,4,CalcTool,sum,value_equals,True,CalcTool,sum,True,,E0,True
VBrun_scale_microbench_300_2026-02-11T064352Z_seed20260211,AgentSkip,VB-160,5,CalcTool,sum,value_equals,True,CalcTool,sum,True,,E0,True
VBrun_scale_microbench_300_2026-02-11T064352Z_seed20260211,AgentSkip,VB-160,6,QueryTool,search,query_hits_reproducible,False,,,True,MISSING_EVENT,E1,False
VBrun_scale_microbench_300_2026-02-11T064352Z_seed20260211,AgentSkip,VB-160,7,CalcTool,sum,value_equals,True,CalcTool,sum,True,,E0,True
VBrun_scale_microbench_300_2026-02-11T064352Z_seed20260211,AgentSkip,VB-161,1,FileTool,write_csv,artifact_written_exists,True,FileTool,write_csv,True,,E0,True
VBrun_scale_microbench_300_2026-02-11T064352Z_seed20260211,AgentSkip,VB-161,2,FileTool,read_csv,read_after_write_dependency,True,FileTool,read_csv,True,,E0,True
VBrun_scale_microbench_300_2026-02-11T064352Z_seed20260211,AgentSkip,VB-161,3,QueryTool,search,query_hits_reproducible,False,,,True,MISSING_EVENT,E1,False
VBrun_scale_microbench_300_2026-02-11T064352Z_seed20260211,AgentSkip,VB-161,4,CalcTool,sum,value_equals,True,CalcTool,sum,True,,E0,True
VBrun_scale_microbench_300_2026-02-11T064352Z_seed20260211,AgentSkip,VB-161,5,CalcTool,sum,value_equals,True,CalcTool,sum,True,,E0,True
VBrun_scale_microbench_300_2026-02-11T064352Z_seed20260211,AgentSkip,VB-161,6,QueryTool,search,query_hits_reproducible,False,,,True,MISSING_EVENT,E1,False
VBrun_scale_microbench_300_2026-02-11T064352Z_seed20260211,AgentSkip,VB-161,7,CalcTool,sum,value_equals,True,CalcTool,sum,True,,E0,True
VBrun_scale_microbench_300_2026-02-11T064352Z_seed20260211,AgentSkip,VB-161,8,CalcTool,sum,value_equals,True,CalcTool,sum,True,,E0,True
VBrun_scale_microbench_300_2026-02-11T064352Z_seed20260211,AgentSkip,VB-162,1,FileTool,write_csv,artifact_written_exists,True,FileTool,write_csv,True,,E0,True
VBrun_scale_microbench_300_2026-02-11T064352Z_seed20260211,AgentSkip,VB-162,2,FileTool,read_csv,read_after_write_dependency,True,FileTool,read_csv,True,,E0,True
VBrun_scale_microbench_300_2026-02-11T064352Z_seed20260211,AgentSkip,VB-163,1,FileTool,write_csv,artifact_written_exists,True,FileTool,write_csv,True,,E0,True
VBrun_scale_microbench_300_2026-02-11T064352Z_seed20260211,AgentSkip,VB-163,2,FileTool,read_csv,read_after_write_dependency,True,FileTool,read_csv,True,,E0,True
VBrun_scale_microbench_300_2026-02-11T064352Z_seed20260211,AgentSkip,VB-163,3,QueryTool,search,query_hits_reproducible,False,,,True,MISSING_EVENT,E1,False
VBrun_scale_microbench_300_2026-02-11T064352Z_seed20260211,AgentSkip,VB-164,1,FileTool,write_csv,artifact_written_exists,True,FileTool,write_csv,True,,E0,True
VBrun_scale_microbench_300_2026-02-11T064352Z_seed20260211,AgentSkip,VB-164,2,FileTool,read_csv,read_after_write_dependency,True,FileTool,read_csv,True,,E0,True
VBrun_scale_microbench_300_2026-02-11T064352Z_seed20260211,AgentSkip,VB-164,3,QueryTool,search,query_hits_reproducible,False,,,True,MISSING_EVENT,E1,False
VBrun_scale_microbench_300_2026-02-11T064352Z_seed20260211,AgentSkip,VB-164,4,CalcTool,sum,value_equals,True,CalcTool,sum,True,,E0,True
VBrun_scale_microbench_300_2026-02-11T064352Z_seed20260211,AgentSkip,VB-165,1,FileTool,write_csv,artifact_written_exists,True,FileTool,write_csv,True,,E0,True
VBrun_scale_microbench_300_2026-02-11T064352Z_seed20260211,AgentSkip,VB-165,2,FileTool,read_csv,read_after_write_dependency,True,FileTool,read_csv,True,,E0,True
VBrun_scale_microbench_300_2026-02-11T064352Z_seed20260211,AgentSkip,VB-165,3,QueryTool,search,query_hits_reproducible,False,,,True,MISSING_EVENT,E1,False
VBrun_scale_microbench_300_2026-02-11T064352Z_seed20260211,AgentSkip,VB-165,4,CalcTool,sum,value_equals,True,CalcTool,sum,True,,E0,True
VBrun_scale_microbench_300_2026-02-11T064352Z_seed20260211,AgentSkip,VB-165,5,CalcTool,sum,value_equals,True,CalcTool,sum,True,,E0,True
VBrun_scale_microbench_300_2026-02-11T064352Z_seed20260211,AgentSkip,VB-166,1,FileTool,write_csv,artifact_written_exists,True,FileTool,write_csv,True,,E0,True
VBrun_scale_microbench_300_2026-02-11T064352Z_seed20260211,AgentSkip,VB-166,2,FileTool,read_csv,read_after_write_dependency,True,FileTool,read_csv,True,,E0,True
VBrun_scale_microbench_300_2026-02-11T064352Z_seed20260211,AgentSkip,VB-166,3,QueryTool,search,query_hits_reproducible,False,,,True,MISSING_EVENT,E1,False
VBrun_scale_microbench_300_2026-02-11T064352Z_seed20260211,AgentSkip,VB-166,4,CalcTool,sum,value_equals,True,CalcTool,sum,True,,E0,True
VBrun_scale_microbench_300_2026-02-11T064352Z_seed20260211,AgentSkip,VB-166,5,CalcTool,sum,value_equals,True,CalcTool,sum,True,,E0,True
VBrun_scale_microbench_300_2026-02-11T064352Z_seed20260211,AgentSkip,VB-166,6,QueryTool,search,query_hits_reproducible,False,,,True,MISSING_EVENT,E1,False
VBrun_scale_microbench_300_2026-02-11T064352Z_seed20260211,AgentSkip,VB-167,1,FileTool,write_csv,artifact_written_exists,True,FileTool,write_csv,True,,E0,True
VBrun_scale_microbench_300_2026-02-11T064352Z_seed20260211,AgentSkip,VB-167,2,FileTool,read_csv,read_after_write_dependency,True,FileTool,read_csv,True,,E0,True
VBrun_scale_microbench_300_2026-02-11T064352Z_seed20260211,AgentSkip,VB-167,3,QueryTool,search,query_hits_reproducible,False,,,True,MISSING_EVENT,E1,False
VBrun_scale_microbench_300_2026-02-11T064352Z_seed20260211,AgentSkip,VB-167,4,CalcTool,sum,value_equals,True,CalcTool,sum,True,,E0,True
VBrun_scale_microbench_300_2026-02-11T064352Z_seed20260211,AgentSkip,VB-167,5,CalcTool,sum,value_equals,True,CalcTool,sum,True,,E0,True
VBrun_scale_microbench_300_2026-02-11T064352Z_seed20260211,AgentSkip,VB-167,6,QueryTool,search,query_hits_reproducible,False,,,True,MISSING_EVENT,E1,False
VBrun_scale_microbench_300_2026-02-11T064352Z_seed20260211,AgentSkip,VB-167,7,CalcTool,sum,value_equals,True,CalcTool,sum,True,,E0,True
VBrun_scale_microbench_300_2026-02-11T064352Z_seed20260211,AgentSkip,VB-168,1,FileTool,write_csv,artifact_written_exists,True,FileTool,write_csv,True,,E0,True
VBrun_scale_microbench_300_2026-02-11T064352Z_seed20260211,AgentSkip,VB-168,2,FileTool,read_csv,read_after_write_dependency,True,FileTool,read_csv,True,,E0,True
VBrun_scale_microbench_300_2026-02-11T064352Z_seed20260211,AgentSkip,VB-168,3,QueryTool,search,query_hits_reproducible,False,,,True,MISSING_EVENT,E1,False
VBrun_scale_microbench_300_2026-02-11T064352Z_seed20260211,AgentSkip,VB-168,4,CalcTool,sum,value_equals,True,CalcTool,sum,True,,E0,True
VBrun_scale_microbench_300_2026-02-11T064352Z_seed20260211,AgentSkip,VB-168,5,CalcTool,sum,value_equals,True,CalcTool,sum,True,,E0,True
VBrun_scale_microbench_300_2026-02-11T064352Z_seed20260211,AgentSkip,VB-168,6,QueryTool,search,query_hits_reproducible,False,,,True,MISSING_EVENT,E1,False
VBrun_scale_microbench_300_2026-02-11T064352Z_seed20260211,AgentSkip,VB-168,7,CalcTool,sum,value_equals,True,CalcTool,sum,True,,E0,True
VBrun_scale_microbench_300_2026-02-11T064352Z_seed20260211,AgentSkip,VB-168,8,CalcTool,sum,value_equals,True,CalcTool,sum,True,,E0,True
VBrun_scale_microbench_300_2026-02-11T064352Z_seed20260211,AgentSkip,VB-169,1,FileTool,write_csv,artifact_written_exists,True,FileTool,write_csv,True,,E0,True
VBrun_scale_microbench_300_2026-02-11T064352Z_seed20260211,AgentSkip,VB-169,2,FileTool,read_csv,read_after_write_dependency,True,FileTool,read_csv,True,,E0,True
VBrun_scale_microbench_300_2026-02-11T064352Z_seed20260211,AgentSkip,VB-170,1,FileTool,write_csv,artifact_written_exists,True,FileTool,write_csv,True,,E0,True
VBrun_scale_microbench_300_2026-02-11T064352Z_seed20260211,AgentSkip,VB-170,2,FileTool,read_csv,read_after_write_dependency,True,FileTool,read_csv,True,,E0,True
VBrun_scale_microbench_300_2026-02-11T064352Z_seed20260211,AgentSkip,VB-170,3,QueryTool,search,query_hits_reproducible,False,,,True,MISSING_EVENT,E1,False
VBrun_scale_microbench_300_2026-02-11T064352Z_seed20260211,AgentSkip,VB-171,1,FileTool,write_csv,artifact_written_exists,True,FileTool,write_csv,True,,E0,True
VBrun_scale_microbench_300_2026-02-11T064352Z_seed20260211,AgentSkip,VB-171,2,FileTool,read_csv,read_after_write_dependency,True,FileTool,read_csv,True,,E0,True
VBrun_scale_microbench_300_2026-02-11T064352Z_seed20260211,AgentSkip,VB-171,3,QueryTool,search,query_hits_reproducible,False,,,True,MISSING_EVENT,E1,False
VBrun_scale_microbench_300_2026-02-11T064352Z_seed20260211,AgentSkip,VB-171,4,CalcTool,sum,value_equals,True,CalcTool,sum,True,,E0,True
VBrun_scale_microbench_300_2026-02-11T064352Z_seed20260211,AgentSkip,VB-172,1,FileTool,write_csv,artifact_written_exists,True,FileTool,write_csv,True,,E0,True
VBrun_scale_microbench_300_2026-02-11T064352Z_seed20260211,AgentSkip,VB-172,2,FileTool,read_csv,read_after_write_dependency,True,FileTool,read_csv,True,,E0,True
VBrun_scale_microbench_300_2026-02-11T064352Z_seed20260211,AgentSkip,VB-172,3,QueryTool,search,query_hits_reproducible,False,,,True,MISSING_EVENT,E1,False
VBrun_scale_microbench_300_2026-02-11T064352Z_seed20260211,AgentSkip,VB-172,4,CalcTool,sum,value_equals,True,CalcTool,sum,True,,E0,True
VBrun_scale_microbench_300_2026-02-11T064352Z_seed20260211,AgentSkip,VB-172,5,CalcTool,sum,value_equals,True,CalcTool,sum,True,,E0,True
VBrun_scale_microbench_300_2026-02-11T064352Z_seed20260211,AgentSkip,VB-173,1,FileTool,write_csv,artifact_written_exists,True,FileTool,write_csv,True,,E0,True
VBrun_scale_microbench_300_2026-02-11T064352Z_seed20260211,AgentSkip,VB-173,2,FileTool,read_csv,read_after_write_dependency,True,FileTool,read_csv,True,,E0,True
VBrun_scale_microbench_300_2026-02-11T064352Z_seed20260211,AgentSkip,VB-173,3,QueryTool,search,query_hits_reproducible,False,,,True,MISSING_EVENT,E1,False
VBrun_scale_microbench_300_2026-02-11T064352Z_seed20260211,AgentSkip,VB-173,4,CalcTool,sum,value_equals,True,CalcTool,sum,True,,E0,True
VBrun_scale_microbench_300_2026-02-11T064352Z_seed20260211,AgentSkip,VB-173,5,CalcTool,sum,value_equals,True,CalcTool,sum,True,,E0,True
VBrun_scale_microbench_300_2026-02-11T064352Z_seed20260211,AgentSkip,VB-173,6,QueryTool,search,query_hits_reproducible,False,,,True,MISSING_EVENT,E1,False
VBrun_scale_microbench_300_2026-02-11T064352Z_seed20260211,AgentSkip,VB-174,1,FileTool,write_csv,artifact_written_exists,True,FileTool,write_csv,True,,E0,True
VBrun_scale_microbench_300_2026-02-11T064352Z_seed20260211,AgentSkip,VB-174,2,FileTool,read_csv,read_after_write_dependency,True,FileTool,read_csv,True,,E0,True
VBrun_scale_microbench_300_2026-02-11T064352Z_seed20260211,AgentSkip,VB-174,3,QueryTool,search,query_hits_reproducible,False,,,True,MISSING_EVENT,E1,False
VBrun_scale_microbench_300_2026-02-11T064352Z_seed20260211,AgentSkip,VB-174,4,CalcTool,sum,value_equals,True,CalcTool,sum,True,,E0,True
VBrun_scale_microbench_300_2026-02-11T064352Z_seed20260211,AgentSkip,VB-174,5,CalcTool,sum,value_equals,True,CalcTool,sum,True,,E0,True
VBrun_scale_microbench_300_2026-02-11T064352Z_seed20260211,AgentSkip,VB-174,6,QueryTool,search,query_hits_reproducible,False,,,True,MISSING_EVENT,E1,False
VBrun_scale_microbench_300_2026-02-11T064352Z_seed20260211,AgentSkip,VB-174,7,CalcTool,sum,value_equals,True,CalcTool,sum,True,,E0,True
VBrun_scale_microbench_300_2026-02-11T064352Z_seed20260211,AgentSkip,VB-175,1,FileTool,write_csv,artifact_written_exists,True,FileTool,write_csv,True,,E0,True
VBrun_scale_microbench_300_2026-02-11T064352Z_seed20260211,AgentSkip,VB-175,2,FileTool,read_csv,read_after_write_dependency,True,FileTool,read_csv,True,,E0,True
VBrun_scale_microbench_300_2026-02-11T064352Z_seed20260211,AgentSkip,VB-175,3,QueryTool,search,query_hits_reproducible,False,,,True,MISSING_EVENT,E1,False
VBrun_scale_microbench_300_2026-02-11T064352Z_seed20260211,AgentSkip,VB-175,4,CalcTool,sum,value_equals,True,CalcTool,sum,True,,E0,True
VBrun_scale_microbench_300_2026-02-11T064352Z_seed20260211,AgentSkip,VB-175,5,CalcTool,sum,value_equals,True,CalcTool,sum,True,,E0,True
VBrun_scale_microbench_300_2026-02-11T064352Z_seed20260211,AgentSkip,VB-175,6,QueryTool,search,query_hits_reproducible,False,,,True,MISSING_EVENT,E1,False
VBrun_scale_microbench_300_2026-02-11T064352Z_seed20260211,AgentSkip,VB-175,7,CalcTool,sum,value_equals,True,CalcTool,sum,True,,E0,True
VBrun_scale_microbench_300_2026-02-11T064352Z_seed20260211,AgentSkip,VB-175,8,CalcTool,sum,value_equals,True,CalcTool,sum,True,,E0,True
VBrun_scale_microbench_300_2026-02-11T064352Z_seed20260211,AgentSkip,VB-176,1,FileTool,write_csv,artifact_written_exists,True,FileTool,write_csv,True,,E0,True
VBrun_scale_microbench_300_2026-02-11T064352Z_seed20260211,AgentSkip,VB-176,2,FileTool,read_csv,read_after_write_dependency,True,FileTool,read_csv,True,,E0,True
VBrun_scale_microbench_300_2026-02-11T064352Z_seed20260211,AgentSkip,VB-177,1,FileTool,write_csv,artifact_written_exists,True,FileTool,write_csv,True,,E0,True
VBrun_scale_microbench_300_2026-02-11T064352Z_seed20260211,AgentSkip,VB-177,2,FileTool,read_csv,read_after_write_dependency,True,FileTool,read_csv,True,,E0,True
VBrun_scale_microbench_300_2026-02-11T064352Z_seed20260211,AgentSkip,VB-177,3,QueryTool,search,query_hits_reproducible,False,,,True,MISSING_EVENT,E1,False
VBrun_scale_microbench_300_2026-02-11T064352Z_seed20260211,AgentSkip,VB-178,1,FileTool,write_csv,artifact_written_exists,True,FileTool,write_csv,True,,E0,True
VBrun_scale_microbench_300_2026-02-11T064352Z_seed20260211,AgentSkip,VB-178,2,FileTool,read_csv,read_after_write_dependency,True,FileTool,read_csv,True,,E0,True
VBrun_scale_microbench_300_2026-02-11T064352Z_seed20260211,AgentSkip,VB-178,3,QueryTool,search,query_hits_reproducible,False,,,True,MISSING_EVENT,E1,False
VBrun_scale_microbench_300_2026-02-11T064352Z_seed20260211,AgentSkip,VB-178,4,CalcTool,sum,value_equals,True,CalcTool,sum,True,,E0,True
VBrun_scale_microbench_300_2026-02-11T064352Z_seed20260211,AgentSkip,VB-179,1,FileTool,write_csv,artifact_written_exists,True,FileTool,write_csv,True,,E0,True
VBrun_scale_microbench_300_2026-02-11T064352Z_seed20260211,AgentSkip,VB-179,2,FileTool,read_csv,read_after_write_dependency,True,FileTool,read_csv,True,,E0,True
VBrun_scale_microbench_300_2026-02-11T064352Z_seed20260211,AgentSkip,VB-179,3,QueryTool,search,query_hits_reproducible,False,,,True,MISSING_EVENT,E1,False
VBrun_scale_microbench_300_2026-02-11T064352Z_seed20260211,AgentSkip,VB-179,4,CalcTool,sum,value_equals,True,CalcTool,sum,True,,E0,True
VBrun_scale_microbench_300_2026-02-11T064352Z_seed20260211,AgentSkip,VB-179,5,CalcTool,sum,value_equals,True,CalcTool,sum,True,,E0,True
VBrun_scale_microbench_300_2026-02-11T064352Z_seed20260211,AgentSkip,VB-180,1,FileTool,write_csv,artifact_written_exists,True,FileTool,write_csv,True,,E0,True
VBrun_scale_microbench_300_2026-02-11T064352Z_seed20260211,AgentSkip,VB-180,2,FileTool,read_csv,read_after_write_dependency,True,FileTool,read_csv,True,,E0,True
VBrun_scale_microbench_300_2026-02-11T064352Z_seed20260211,AgentSkip,VB-180,3,QueryTool,search,query_hits_reproducible,False,,,True,MISSING_EVENT,E1,False
VBrun_scale_microbench_300_2026-02-11T064352Z_seed20260211,AgentSkip,VB-180,4,CalcTool,sum,value_equals,True,CalcTool,sum,True,,E0,True
VBrun_scale_microbench_300_2026-02-11T064352Z_seed20260211,AgentSkip,VB-180,5,CalcTool,sum,value_equals,True,CalcTool,sum,True,,E0,True
VBrun_scale_microbench_300_2026-02-11T064352Z_seed20260211,AgentSkip,VB-180,6,QueryTool,search,query_hits_reproducible,False,,,True,MISSING_EVENT,E1,False
VBrun_scale_microbench_300_2026-02-11T064352Z_seed20260211,AgentSkip,VB-181,1,FileTool,write_csv,artifact_written_exists,True,FileTool,write_csv,True,,E0,True
VBrun_scale_microbench_300_2026-02-11T064352Z_seed20260211,AgentSkip,VB-181,2,FileTool,read_csv,read_after_write_dependency,True,FileTool,read_csv,True,,E0,True
VBrun_scale_microbench_300_2026-02-11T064352Z_seed20260211,AgentSkip,VB-181,3,QueryTool,search,query_hits_reproducible,False,,,True,MISSING_EVENT,E1,False
VBrun_scale_microbench_300_2026-02-11T064352Z_seed20260211,AgentSkip,VB-181,4,CalcTool,sum,value_equals,True,CalcTool,sum,True,,E0,True
VBrun_scale_microbench_300_2026-02-11T064352Z_seed20260211,AgentSkip,VB-181,5,CalcTool,sum,value_equals,True,CalcTool,sum,True,,E0,True
VBrun_scale_microbench_300_2026-02-11T064352Z_seed20260211,AgentSkip,VB-181,6,QueryTool,search,query_hits_reproducible,False,,,True,MISSING_EVENT,E1,False
VBrun_scale_microbench_300_2026-02-11T064352Z_seed20260211,AgentSkip,VB-181,7,CalcTool,sum,value_equals,True,CalcTool,sum,True,,E0,True
VBrun_scale_microbench_300_2026-02-11T064352Z_seed20260211,AgentSkip,VB-182,1,FileTool,write_csv,artifact_written_exists,True,FileTool,write_csv,True,,E0,True
VBrun_scale_microbench_300_2026-02-11T064352Z_seed20260211,AgentSkip,VB-182,2,FileTool,read_csv,read_after_write_dependency,True,FileTool,read_csv,True,,E0,True
VBrun_scale_microbench_300_2026-02-11T064352Z_seed20260211,AgentSkip,VB-182,3,QueryTool,search,query_hits_reproducible,False,,,True,MISSING_EVENT,E1,False
VBrun_scale_microbench_300_2026-02-11T064352Z_seed20260211,AgentSkip,VB-182,4,CalcTool,sum,value_equals,True,CalcTool,sum,True,,E0,True
VBrun_scale_microbench_300_2026-02-11T064352Z_seed20260211,AgentSkip,VB-182,5,CalcTool,sum,value_equals,True,CalcTool,sum,True,,E0,True
VBrun_scale_microbench_300_2026-02-11T064352Z_seed20260211,AgentSkip,VB-182,6,QueryTool,search,query_hits_reproducible,False,,,True,MISSING_EVENT,E1,False
VBrun_scale_microbench_300_2026-02-11T064352Z_seed20260211,AgentSkip,VB-182,7,CalcTool,sum,value_equals,True,CalcTool,sum,True,,E0,True
VBrun_scale_microbench_300_2026-02-11T064352Z_seed20260211,AgentSkip,VB-182,8,CalcTool,sum,value_equals,True,CalcTool,sum,True,,E0,True
VBrun_scale_microbench_300_2026-02-11T064352Z_seed20260211,AgentSkip,VB-183,1,FileTool,write_csv,artifact_written_exists,True,FileTool,write_csv,True,,E0,True
VBrun_scale_microbench_300_2026-02-11T064352Z_seed20260211,AgentSkip,VB-183,2,FileTool,read_csv,read_after_write_dependency,True,FileTool,read_csv,True,,E0,True
VBrun_scale_microbench_300_2026-02-11T064352Z_seed20260211,AgentSkip,VB-184,1,FileTool,write_csv,artifact_written_exists,True,FileTool,write_csv,True,,E0,True
VBrun_scale_microbench_300_2026-02-11T064352Z_seed20260211,AgentSkip,VB-184,2,FileTool,read_csv,read_after_write_dependency,True,FileTool,read_csv,True,,E0,True
VBrun_scale_microbench_300_2026-02-11T064352Z_seed20260211,AgentSkip,VB-184,3,QueryTool,search,query_hits_reproducible,False,,,True,MISSING_EVENT,E1,False
VBrun_scale_microbench_300_2026-02-11T064352Z_seed20260211,AgentSkip,VB-185,1,FileTool,write_csv,artifact_written_exists,True,FileTool,write_csv,True,,E0,True
VBrun_scale_microbench_300_2026-02-11T064352Z_seed20260211,AgentSkip,VB-185,2,FileTool,read_csv,read_after_write_dependency,True,FileTool,read_csv,True,,E0,True
VBrun_scale_microbench_300_2026-02-11T064352Z_seed20260211,AgentSkip,VB-185,3,QueryTool,search,query_hits_reproducible,False,,,True,MISSING_EVENT,E1,False
VBrun_scale_microbench_300_2026-02-11T064352Z_seed20260211,AgentSkip,VB-185,4,CalcTool,sum,value_equals,True,CalcTool,sum,True,,E0,True
VBrun_scale_microbench_300_2026-02-11T064352Z_seed20260211,AgentSkip,VB-186,1,FileTool,write_csv,artifact_written_exists,True,FileTool,write_csv,True,,E0,True
VBrun_scale_microbench_300_2026-02-11T064352Z_seed20260211,AgentSkip,VB-186,2,FileTool,read_csv,read_after_write_dependency,True,FileTool,read_csv,True,,E0,True
VBrun_scale_microbench_300_2026-02-11T064352Z_seed20260211,AgentSkip,VB-186,3,QueryTool,search,query_hits_reproducible,False,,,True,MISSING_EVENT,E1,False
VBrun_scale_microbench_300_2026-02-11T064352Z_seed20260211,AgentSkip,VB-186,4,CalcTool,sum,value_equals,True,CalcTool,sum,True,,E0,True
VBrun_scale_microbench_300_2026-02-11T064352Z_seed20260211,AgentSkip,VB-186,5,CalcTool,sum,value_equals,True,CalcTool,sum,True,,E0,True
VBrun_scale_microbench_300_2026-02-11T064352Z_seed20260211,AgentSkip,VB-187,1,FileTool,write_csv,artifact_written_exists,True,FileTool,write_csv,True,,E0,True
VBrun_scale_microbench_300_2026-02-11T064352Z_seed20260211,AgentSkip,VB-187,2,FileTool,read_csv,read_after_write_dependency,True,FileTool,read_csv,True,,E0,True
VBrun_scale_microbench_300_2026-02-11T064352Z_seed20260211,AgentSkip,VB-187,3,QueryTool,search,query_hits_reproducible,False,,,True,MISSING_EVENT,E1,False
VBrun_scale_microbench_300_2026-02-11T064352Z_seed20260211,AgentSkip,VB-187,4,CalcTool,sum,value_equals,True,CalcTool,sum,True,,E0,True
VBrun_scale_microbench_300_2026-02-11T064352Z_seed20260211,AgentSkip,VB-187,5,CalcTool,sum,value_equals,True,CalcTool,sum,True,,E0,True
VBrun_scale_microbench_300_2026-02-11T064352Z_seed20260211,AgentSkip,VB-187,6,QueryTool,search,query_hits_reproducible,False,,,True,MISSING_EVENT,E1,False
VBrun_scale_microbench_300_2026-02-11T064352Z_seed20260211,AgentSkip,VB-188,1,FileTool,write_csv,artifact_written_exists,True,FileTool,write_csv,True,,E0,True
VBrun_scale_microbench_300_2026-02-11T064352Z_seed20260211,AgentSkip,VB-188,2,FileTool,read_csv,read_after_write_dependency,True,FileTool,read_csv,True,,E0,True
VBrun_scale_microbench_300_2026-02-11T064352Z_seed20260211,AgentSkip,VB-188,3,QueryTool,search,query_hits_reproducible,False,,,True,MISSING_EVENT,E1,False
VBrun_scale_microbench_300_2026-02-11T064352Z_seed20260211,AgentSkip,VB-188,4,CalcTool,sum,value_equals,True,CalcTool,sum,True,,E0,True
VBrun_scale_microbench_300_2026-02-11T064352Z_seed20260211,AgentSkip,VB-188,5,CalcTool,sum,value_equals,True,CalcTool,sum,True,,E0,True
VBrun_scale_microbench_300_2026-02-11T064352Z_seed20260211,AgentSkip,VB-188,6,QueryTool,search,query_hits_reproducible,False,,,True,MISSING_EVENT,E1,False
VBrun_scale_microbench_300_2026-02-11T064352Z_seed20260211,AgentSkip,VB-188,7,CalcTool,sum,value_equals,True,CalcTool,sum,True,,E0,True
VBrun_scale_microbench_300_2026-02-11T064352Z_seed20260211,AgentSkip,VB-189,1,FileTool,write_csv,artifact_written_exists,True,FileTool,write_csv,True,,E0,True
VBrun_scale_microbench_300_2026-02-11T064352Z_seed20260211,AgentSkip,VB-189,2,FileTool,read_csv,read_after_write_dependency,True,FileTool,read_csv,True,,E0,True
VBrun_scale_microbench_300_2026-02-11T064352Z_seed20260211,AgentSkip,VB-189,3,QueryTool,search,query_hits_reproducible,False,,,True,MISSING_EVENT,E1,False
VBrun_scale_microbench_300_2026-02-11T064352Z_seed20260211,AgentSkip,VB-189,4,CalcTool,sum,value_equals,True,CalcTool,sum,True,,E0,True
VBrun_scale_microbench_300_2026-02-11T064352Z_seed20260211,AgentSkip,VB-189,5,CalcTool,sum,value_equals,True,CalcTool,sum,True,,E0,True
VBrun_scale_microbench_300_2026-02-11T064352Z_seed20260211,AgentSkip,VB-189,6,QueryTool,search,query_hits_reproducible,False,,,True,MISSING_EVENT,E1,False
VBrun_scale_microbench_300_2026-02-11T064352Z_seed20260211,AgentSkip,VB-189,7,CalcTool,sum,value_equals,True,CalcTool,sum,True,,E0,True
VBrun_scale_microbench_300_2026-02-11T064352Z_seed20260211,AgentSkip,VB-189,8,CalcTool,sum,value_equals,True,CalcTool,sum,True,,E0,True
VBrun_scale_microbench_300_2026-02-11T064352Z_seed20260211,AgentSkip,VB-190,1,FileTool,write_csv,artifact_written_exists,True,FileTool,write_csv,True,,E0,True
VBrun_scale_microbench_300_2026-02-11T064352Z_seed20260211,AgentSkip,VB-190,2,FileTool,read_csv,read_after_write_dependency,True,FileTool,read_csv,True,,E0,True
VBrun_scale_microbench_300_2026-02-11T064352Z_seed20260211,AgentSkip,VB-191,1,FileTool,write_csv,artifact_written_exists,True,FileTool,write_csv,True,,E0,True
VBrun_scale_microbench_300_2026-02-11T064352Z_seed20260211,AgentSkip,VB-191,2,FileTool,read_csv,read_after_write_dependency,True,FileTool,read_csv,True,,E0,True
VBrun_scale_microbench_300_2026-02-11T064352Z_seed20260211,AgentSkip,VB-191,3,QueryTool,search,query_hits_reproducible,False,,,True,MISSING_EVENT,E1,False
VBrun_scale_microbench_300_2026-02-11T064352Z_seed20260211,AgentSkip,VB-192,1,FileTool,write_csv,artifact_written_exists,True,FileTool,write_csv,True,,E0,True
VBrun_scale_microbench_300_2026-02-11T064352Z_seed20260211,AgentSkip,VB-192,2,FileTool,read_csv,read_after_write_dependency,True,FileTool,read_csv,True,,E0,True
VBrun_scale_microbench_300_2026-02-11T064352Z_seed20260211,AgentSkip,VB-192,3,QueryTool,search,query_hits_reproducible,False,,,True,MISSING_EVENT,E1,False
VBrun_scale_microbench_300_2026-02-11T064352Z_seed20260211,AgentSkip,VB-192,4,CalcTool,sum,value_equals,True,CalcTool,sum,True,,E0,True
VBrun_scale_microbench_300_2026-02-11T064352Z_seed20260211,AgentSkip,VB-193,1,FileTool,write_csv,artifact_written_exists,True,FileTool,write_csv,True,,E0,True
VBrun_scale_microbench_300_2026-02-11T064352Z_seed20260211,AgentSkip,VB-193,2,FileTool,read_csv,read_after_write_dependency,True,FileTool,read_csv,True,,E0,True
VBrun_scale_microbench_300_2026-02-11T064352Z_seed20260211,AgentSkip,VB-193,3,QueryTool,search,query_hits_reproducible,False,,,True,MISSING_EVENT,E1,False
VBrun_scale_microbench_300_2026-02-11T064352Z_seed20260211,AgentSkip,VB-193,4,CalcTool,sum,value_equals,True,CalcTool,sum,True,,E0,True
VBrun_scale_microbench_300_2026-02-11T064352Z_seed20260211,AgentSkip,VB-193,5,CalcTool,sum,value_equals,True,CalcTool,sum,True,,E0,True
VBrun_scale_microbench_300_2026-02-11T064352Z_seed20260211,AgentSkip,VB-194,1,FileTool,write_csv,artifact_written_exists,True,FileTool,write_csv,True,,E0,True
VBrun_scale_microbench_300_2026-02-11T064352Z_seed20260211,AgentSkip,VB-194,2,FileTool,read_csv,read_after_write_dependency,True,FileTool,read_csv,True,,E0,True
VBrun_scale_microbench_300_2026-02-11T064352Z_seed20260211,AgentSkip,VB-194,3,QueryTool,search,query_hits_reproducible,False,,,True,MISSING_EVENT,E1,False
VBrun_scale_microbench_300_2026-02-11T064352Z_seed20260211,AgentSkip,VB-194,4,CalcTool,sum,value_equals,True,CalcTool,sum,True,,E0,True
VBrun_scale_microbench_300_2026-02-11T064352Z_seed20260211,AgentSkip,VB-194,5,CalcTool,sum,value_equals,True,CalcTool,sum,True,,E0,True
VBrun_scale_microbench_300_2026-02-11T064352Z_seed20260211,AgentSkip,VB-194,6,QueryTool,search,query_hits_reproducible,False,,,True,MISSING_EVENT,E1,False
VBrun_scale_microbench_300_2026-02-11T064352Z_seed20260211,AgentSkip,VB-195,1,FileTool,write_csv,artifact_written_exists,True,FileTool,write_csv,True,,E0,True
VBrun_scale_microbench_300_2026-02-11T064352Z_seed20260211,AgentSkip,VB-195,2,FileTool,read_csv,read_after_write_dependency,True,FileTool,read_csv,True,,E0,True
VBrun_scale_microbench_300_2026-02-11T064352Z_seed20260211,AgentSkip,VB-195,3,QueryTool,search,query_hits_reproducible,False,,,True,MISSING_EVENT,E1,False
VBrun_scale_microbench_300_2026-02-11T064352Z_seed20260211,AgentSkip,VB-195,4,CalcTool,sum,value_equals,True,CalcTool,sum,True,,E0,True
VBrun_scale_microbench_300_2026-02-11T064352Z_seed20260211,AgentSkip,VB-195,5,CalcTool,sum,value_equals,True,CalcTool,sum,True,,E0,True
VBrun_scale_microbench_300_2026-02-11T064352Z_seed20260211,AgentSkip,VB-195,6,QueryTool,search,query_hits_reproducible,False,,,True,MISSING_EVENT,E1,False
VBrun_scale_microbench_300_2026-02-11T064352Z_seed20260211,AgentSkip,VB-195,7,CalcTool,sum,value_equals,True,CalcTool,sum,True,,E0,True
VBrun_scale_microbench_300_2026-02-11T064352Z_seed20260211,AgentSkip,VB-196,1,FileTool,write_csv,artifact_written_exists,True,FileTool,write_csv,True,,E0,True
VBrun_scale_microbench_300_2026-02-11T064352Z_seed20260211,AgentSkip,VB-196,2,FileTool,read_csv,read_after_write_dependency,True,FileTool,read_csv,True,,E0,True
VBrun_scale_microbench_300_2026-02-11T064352Z_seed20260211,AgentSkip,VB-196,3,QueryTool,search,query_hits_reproducible,False,,,True,MISSING_EVENT,E1,False
VBrun_scale_microbench_300_2026-02-11T064352Z_seed20260211,AgentSkip,VB-196,4,CalcTool,sum,value_equals,True,CalcTool,sum,True,,E0,True
VBrun_scale_microbench_300_2026-02-11T064352Z_seed20260211,AgentSkip,VB-196,5,CalcTool,sum,value_equals,True,CalcTool,sum,True,,E0,True
VBrun_scale_microbench_300_2026-02-11T064352Z_seed20260211,AgentSkip,VB-196,6,QueryTool,search,query_hits_reproducible,False,,,True,MISSING_EVENT,E1,False
VBrun_scale_microbench_300_2026-02-11T064352Z_seed20260211,AgentSkip,VB-196,7,CalcTool,sum,value_equals,True,CalcTool,sum,True,,E0,True
VBrun_scale_microbench_300_2026-02-11T064352Z_seed20260211,AgentSkip,VB-196,8,CalcTool,sum,value_equals,True,CalcTool,sum,True,,E0,True
VBrun_scale_microbench_300_2026-02-11T064352Z_seed20260211,AgentSkip,VB-197,1,FileTool,write_csv,artifact_written_exists,True,FileTool,write_csv,True,,E0,True
VBrun_scale_microbench_300_2026-02-11T064352Z_seed20260211,AgentSkip,VB-197,2,FileTool,read_csv,read_after_write_dependency,True,FileTool,read_csv,True,,E0,True
VBrun_scale_microbench_300_2026-02-11T064352Z_seed20260211,AgentSkip,VB-198,1,FileTool,write_csv,artifact_written_exists,True,FileTool,write_csv,True,,E0,True
VBrun_scale_microbench_300_2026-02-11T064352Z_seed20260211,AgentSkip,VB-198,2,FileTool,read_csv,read_after_write_dependency,True,FileTool,read_csv,True,,E0,True
VBrun_scale_microbench_300_2026-02-11T064352Z_seed20260211,AgentSkip,VB-198,3,QueryTool,search,query_hits_reproducible,False,,,True,MISSING_EVENT,E1,False
VBrun_scale_microbench_300_2026-02-11T064352Z_seed20260211,AgentSkip,VB-199,1,FileTool,write_csv,artifact_written_exists,True,FileTool,write_csv,True,,E0,True
VBrun_scale_microbench_300_2026-02-11T064352Z_seed20260211,AgentSkip,VB-199,2,FileTool,read_csv,read_after_write_dependency,True,FileTool,read_csv,True,,E0,True
VBrun_scale_microbench_300_2026-02-11T064352Z_seed20260211,AgentSkip,VB-199,3,QueryTool,search,query_hits_reproducible,False,,,True,MISSING_EVENT,E1,False
VBrun_scale_microbench_300_2026-02-11T064352Z_seed20260211,AgentSkip,VB-199,4,CalcTool,sum,value_equals,True,CalcTool,sum,True,,E0,True
VBrun_scale_microbench_300_2026-02-11T064352Z_seed20260211,AgentSkip,VB-200,1,FileTool,write_csv,artifact_written_exists,True,FileTool,write_csv,True,,E0,True
VBrun_scale_microbench_300_2026-02-11T064352Z_seed20260211,AgentSkip,VB-200,2,FileTool,read_csv,read_after_write_dependency,True,FileTool,read_csv,True,,E0,True
VBrun_scale_microbench_300_2026-02-11T064352Z_seed20260211,AgentSkip,VB-200,3,QueryTool,search,query_hits_reproducible,False,,,True,MISSING_EVENT,E1,False
VBrun_scale_microbench_300_2026-02-11T064352Z_seed20260211,AgentSkip,VB-200,4,CalcTool,sum,value_equals,True,CalcTool,sum,True,,E0,True
VBrun_scale_microbench_300_2026-02-11T064352Z_seed20260211,AgentSkip,VB-200,5,CalcTool,sum,value_equals,True,CalcTool,sum,True,,E0,True
VBrun_scale_microbench_300_2026-02-11T064352Z_seed20260211,AgentSkip,VB-201,1,FileTool,write_csv,artifact_written_exists,True,FileTool,write_csv,True,,E0,True
VBrun_scale_microbench_300_2026-02-11T064352Z_seed20260211,AgentSkip,VB-201,2,FileTool,read_csv,read_after_write_dependency,True,FileTool,read_csv,True,,E0,True
VBrun_scale_microbench_300_2026-02-11T064352Z_seed20260211,AgentSkip,VB-201,3,QueryTool,search,query_hits_reproducible,False,,,True,MISSING_EVENT,E1,False
VBrun_scale_microbench_300_2026-02-11T064352Z_seed20260211,AgentSkip,VB-201,4,CalcTool,sum,value_equals,True,CalcTool,sum,True,,E0,True
VBrun_scale_microbench_300_2026-02-11T064352Z_seed20260211,AgentSkip,VB-201,5,CalcTool,sum,value_equals,True,CalcTool,sum,True,,E0,True
VBrun_scale_microbench_300_2026-02-11T064352Z_seed20260211,AgentSkip,VB-201,6,QueryTool,search,query_hits_reproducible,False,,,True,MISSING_EVENT,E1,False
VBrun_scale_microbench_300_2026-02-11T064352Z_seed20260211,AgentSkip,VB-202,1,FileTool,write_csv,artifact_written_exists,True,FileTool,write_csv,True,,E0,True
VBrun_scale_microbench_300_2026-02-11T064352Z_seed20260211,AgentSkip,VB-202,2,FileTool,read_csv,read_after_write_dependency,True,FileTool,read_csv,True,,E0,True
VBrun_scale_microbench_300_2026-02-11T064352Z_seed20260211,AgentSkip,VB-202,3,QueryTool,search,query_hits_reproducible,False,,,True,MISSING_EVENT,E1,False
VBrun_scale_microbench_300_2026-02-11T064352Z_seed20260211,AgentSkip,VB-202,4,CalcTool,sum,value_equals,True,CalcTool,sum,True,,E0,True
VBrun_scale_microbench_300_2026-02-11T064352Z_seed20260211,AgentSkip,VB-202,5,CalcTool,sum,value_equals,True,CalcTool,sum,True,,E0,True
VBrun_scale_microbench_300_2026-02-11T064352Z_seed20260211,AgentSkip,VB-202,6,QueryTool,search,query_hits_reproducible,False,,,True,MISSING_EVENT,E1,False
VBrun_scale_microbench_300_2026-02-11T064352Z_seed20260211,AgentSkip,VB-202,7,CalcTool,sum,value_equals,True,CalcTool,sum,True,,E0,True
VBrun_scale_microbench_300_2026-02-11T064352Z_seed20260211,AgentSkip,VB-203,1,FileTool,write_csv,artifact_written_exists,True,FileTool,write_csv,True,,E0,True
VBrun_scale_microbench_300_2026-02-11T064352Z_seed20260211,AgentSkip,VB-203,2,FileTool,read_csv,read_after_write_dependency,True,FileTool,read_csv,True,,E0,True
VBrun_scale_microbench_300_2026-02-11T064352Z_seed20260211,AgentSkip,VB-203,3,QueryTool,search,query_hits_reproducible,False,,,True,MISSING_EVENT,E1,False
VBrun_scale_microbench_300_2026-02-11T064352Z_seed20260211,AgentSkip,VB-203,4,CalcTool,sum,value_equals,True,CalcTool,sum,True,,E0,True
VBrun_scale_microbench_300_2026-02-11T064352Z_seed20260211,AgentSkip,VB-203,5,CalcTool,sum,value_equals,True,CalcTool,sum,True,,E0,True
VBrun_scale_microbench_300_2026-02-11T064352Z_seed20260211,AgentSkip,VB-203,6,QueryTool,search,query_hits_reproducible,False,,,True,MISSING_EVENT,E1,False
VBrun_scale_microbench_300_2026-02-11T064352Z_seed20260211,AgentSkip,VB-203,7,CalcTool,sum,value_equals,True,CalcTool,sum,True,,E0,True
VBrun_scale_microbench_300_2026-02-11T064352Z_seed20260211,AgentSkip,VB-203,8,CalcTool,sum,value_equals,True,CalcTool,sum,True,,E0,True
VBrun_scale_microbench_300_2026-02-11T064352Z_seed20260211,AgentSkip,VB-204,1,FileTool,write_csv,artifact_written_exists,True,FileTool,write_csv,True,,E0,True
VBrun_scale_microbench_300_2026-02-11T064352Z_seed20260211,AgentSkip,VB-204,2,FileTool,read_csv,read_after_write_dependency,True,FileTool,read_csv,True,,E0,True
VBrun_scale_microbench_300_2026-02-11T064352Z_seed20260211,AgentSkip,VB-205,1,FileTool,write_csv,artifact_written_exists,True,FileTool,write_csv,True,,E0,True
VBrun_scale_microbench_300_2026-02-11T064352Z_seed20260211,AgentSkip,VB-205,2,FileTool,read_csv,read_after_write_dependency,True,FileTool,read_csv,True,,E0,True
VBrun_scale_microbench_300_2026-02-11T064352Z_seed20260211,AgentSkip,VB-205,3,QueryTool,search,query_hits_reproducible,False,,,True,MISSING_EVENT,E1,False
VBrun_scale_microbench_300_2026-02-11T064352Z_seed20260211,AgentSkip,VB-206,1,FileTool,write_csv,artifact_written_exists,True,FileTool,write_csv,True,,E0,True
VBrun_scale_microbench_300_2026-02-11T064352Z_seed20260211,AgentSkip,VB-206,2,FileTool,read_csv,read_after_write_dependency,True,FileTool,read_csv,True,,E0,True
VBrun_scale_microbench_300_2026-02-11T064352Z_seed20260211,AgentSkip,VB-206,3,QueryTool,search,query_hits_reproducible,False,,,True,MISSING_EVENT,E1,False
VBrun_scale_microbench_300_2026-02-11T064352Z_seed20260211,AgentSkip,VB-206,4,CalcTool,sum,value_equals,True,CalcTool,sum,True,,E0,True
VBrun_scale_microbench_300_2026-02-11T064352Z_seed20260211,AgentSkip,VB-207,1,FileTool,write_csv,artifact_written_exists,True,FileTool,write_csv,True,,E0,True
VBrun_scale_microbench_300_2026-02-11T064352Z_seed20260211,AgentSkip,VB-207,2,FileTool,read_csv,read_after_write_dependency,True,FileTool,read_csv,True,,E0,True
VBrun_scale_microbench_300_2026-02-11T064352Z_seed20260211,AgentSkip,VB-207,3,QueryTool,search,query_hits_reproducible,False,,,True,MISSING_EVENT,E1,False
VBrun_scale_microbench_300_2026-02-11T064352Z_seed20260211,AgentSkip,VB-207,4,CalcTool,sum,value_equals,True,CalcTool,sum,True,,E0,True
VBrun_scale_microbench_300_2026-02-11T064352Z_seed20260211,AgentSkip,VB-207,5,CalcTool,sum,value_equals,True,CalcTool,sum,True,,E0,True
VBrun_scale_microbench_300_2026-02-11T064352Z_seed20260211,AgentSkip,VB-208,1,FileTool,write_csv,artifact_written_exists,True,FileTool,write_csv,True,,E0,True
VBrun_scale_microbench_300_2026-02-11T064352Z_seed20260211,AgentSkip,VB-208,2,FileTool,read_csv,read_after_write_dependency,True,FileTool,read_csv,True,,E0,True
VBrun_scale_microbench_300_2026-02-11T064352Z_seed20260211,AgentSkip,VB-208,3,QueryTool,search,query_hits_reproducible,False,,,True,MISSING_EVENT,E1,False
VBrun_scale_microbench_300_2026-02-11T064352Z_seed20260211,AgentSkip,VB-208,4,CalcTool,sum,value_equals,True,CalcTool,sum,True,,E0,True
VBrun_scale_microbench_300_2026-02-11T064352Z_seed20260211,AgentSkip,VB-208,5,CalcTool,sum,value_equals,True,CalcTool,sum,True,,E0,True
VBrun_scale_microbench_300_2026-02-11T064352Z_seed20260211,AgentSkip,VB-208,6,QueryTool,search,query_hits_reproducible,False,,,True,MISSING_EVENT,E1,False
VBrun_scale_microbench_300_2026-02-11T064352Z_seed20260211,AgentSkip,VB-209,1,FileTool,write_csv,artifact_written_exists,True,FileTool,write_csv,True,,E0,True
VBrun_scale_microbench_300_2026-02-11T064352Z_seed20260211,AgentSkip,VB-209,2,FileTool,read_csv,read_after_write_dependency,True,FileTool,read_csv,True,,E0,True
VBrun_scale_microbench_300_2026-02-11T064352Z_seed20260211,AgentSkip,VB-209,3,QueryTool,search,query_hits_reproducible,False,,,True,MISSING_EVENT,E1,False
VBrun_scale_microbench_300_2026-02-11T064352Z_seed20260211,AgentSkip,VB-209,4,CalcTool,sum,value_equals,True,CalcTool,sum,True,,E0,True
VBrun_scale_microbench_300_2026-02-11T064352Z_seed20260211,AgentSkip,VB-209,5,CalcTool,sum,value_equals,True,CalcTool,sum,True,,E0,True
VBrun_scale_microbench_300_2026-02-11T064352Z_seed20260211,AgentSkip,VB-209,6,QueryTool,search,query_hits_reproducible,False,,,True,MISSING_EVENT,E1,False
VBrun_scale_microbench_300_2026-02-11T064352Z_seed20260211,AgentSkip,VB-209,7,CalcTool,sum,value_equals,True,CalcTool,sum,True,,E0,True
VBrun_scale_microbench_300_2026-02-11T064352Z_seed20260211,AgentSkip,VB-210,1,FileTool,write_csv,artifact_written_exists,True,FileTool,write_csv,True,,E0,True
VBrun_scale_microbench_300_2026-02-11T064352Z_seed20260211,AgentSkip,VB-210,2,FileTool,read_csv,read_after_write_dependency,True,FileTool,read_csv,True,,E0,True
VBrun_scale_microbench_300_2026-02-11T064352Z_seed20260211,AgentSkip,VB-210,3,QueryTool,search,query_hits_reproducible,False,,,True,MISSING_EVENT,E1,False
VBrun_scale_microbench_300_2026-02-11T064352Z_seed20260211,AgentSkip,VB-210,4,CalcTool,sum,value_equals,True,CalcTool,sum,True,,E0,True
VBrun_scale_microbench_300_2026-02-11T064352Z_seed20260211,AgentSkip,VB-210,5,CalcTool,sum,value_equals,True,CalcTool,sum,True,,E0,True
VBrun_scale_microbench_300_2026-02-11T064352Z_seed20260211,AgentSkip,VB-210,6,QueryTool,search,query_hits_reproducible,False,,,True,MISSING_EVENT,E1,False
VBrun_scale_microbench_300_2026-02-11T064352Z_seed20260211,AgentSkip,VB-210,7,CalcTool,sum,value_equals,True,CalcTool,sum,True,,E0,True
VBrun_scale_microbench_300_2026-02-11T064352Z_seed20260211,AgentSkip,VB-210,8,CalcTool,sum,value_equals,True,CalcTool,sum,True,,E0,True
VBrun_scale_microbench_300_2026-02-11T064352Z_seed20260211,AgentSkip,VB-211,1,FileTool,write_csv,artifact_written_exists,True,FileTool,write_csv,True,,E0,True
VBrun_scale_microbench_300_2026-02-11T064352Z_seed20260211,AgentSkip,VB-211,2,FileTool,read_csv,read_after_write_dependency,True,FileTool,read_csv,True,,E0,True
VBrun_scale_microbench_300_2026-02-11T064352Z_seed20260211,AgentSkip,VB-212,1,FileTool,write_csv,artifact_written_exists,True,FileTool,write_csv,True,,E0,True
VBrun_scale_microbench_300_2026-02-11T064352Z_seed20260211,AgentSkip,VB-212,2,FileTool,read_csv,read_after_write_dependency,True,FileTool,read_csv,True,,E0,True
VBrun_scale_microbench_300_2026-02-11T064352Z_seed20260211,AgentSkip,VB-212,3,QueryTool,search,query_hits_reproducible,False,,,True,MISSING_EVENT,E1,False
VBrun_scale_microbench_300_2026-02-11T064352Z_seed20260211,AgentSkip,VB-213,1,FileTool,write_csv,artifact_written_exists,True,FileTool,write_csv,True,,E0,True
VBrun_scale_microbench_300_2026-02-11T064352Z_seed20260211,AgentSkip,VB-213,2,FileTool,read_csv,read_after_write_dependency,True,FileTool,read_csv,True,,E0,True
VBrun_scale_microbench_300_2026-02-11T064352Z_seed20260211,AgentSkip,VB-213,3,QueryTool,search,query_hits_reproducible,False,,,True,MISSING_EVENT,E1,False
VBrun_scale_microbench_300_2026-02-11T064352Z_seed20260211,AgentSkip,VB-213,4,CalcTool,sum,value_equals,True,CalcTool,sum,True,,E0,True
VBrun_scale_microbench_300_2026-02-11T064352Z_seed20260211,AgentSkip,VB-214,1,FileTool,write_csv,artifact_written_exists,True,FileTool,write_csv,True,,E0,True
VBrun_scale_microbench_300_2026-02-11T064352Z_seed20260211,AgentSkip,VB-214,2,FileTool,read_csv,read_after_write_dependency,True,FileTool,read_csv,True,,E0,True
VBrun_scale_microbench_300_2026-02-11T064352Z_seed20260211,AgentSkip,VB-214,3,QueryTool,search,query_hits_reproducible,False,,,True,MISSING_EVENT,E1,False
VBrun_scale_microbench_300_2026-02-11T064352Z_seed20260211,AgentSkip,VB-214,4,CalcTool,sum,value_equals,True,CalcTool,sum,True,,E0,True
VBrun_scale_microbench_300_2026-02-11T064352Z_seed20260211,AgentSkip,VB-214,5,CalcTool,sum,value_equals,True,CalcTool,sum,True,,E0,True
VBrun_scale_microbench_300_2026-02-11T064352Z_seed20260211,AgentSkip,VB-215,1,FileTool,write_csv,artifact_written_exists,True,FileTool,write_csv,True,,E0,True
VBrun_scale_microbench_300_2026-02-11T064352Z_seed20260211,AgentSkip,VB-215,2,FileTool,read_csv,read_after_write_dependency,True,FileTool,read_csv,True,,E0,True
VBrun_scale_microbench_300_2026-02-11T064352Z_seed20260211,AgentSkip,VB-215,3,QueryTool,search,query_hits_reproducible,False,,,True,MISSING_EVENT,E1,False
VBrun_scale_microbench_300_2026-02-11T064352Z_seed20260211,AgentSkip,VB-215,4,CalcTool,sum,value_equals,True,CalcTool,sum,True,,E0,True
VBrun_scale_microbench_300_2026-02-11T064352Z_seed20260211,AgentSkip,VB-215,5,CalcTool,sum,value_equals,True,CalcTool,sum,True,,E0,True
VBrun_scale_microbench_300_2026-02-11T064352Z_seed20260211,AgentSkip,VB-215,6,QueryTool,search,query_hits_reproducible,False,,,True,MISSING_EVENT,E1,False
VBrun_scale_microbench_300_2026-02-11T064352Z_seed20260211,AgentSkip,VB-216,1,FileTool,write_csv,artifact_written_exists,True,FileTool,write_csv,True,,E0,True
VBrun_scale_microbench_300_2026-02-11T064352Z_seed20260211,AgentSkip,VB-216,2,FileTool,read_csv,read_after_write_dependency,True,FileTool,read_csv,True,,E0,True
VBrun_scale_microbench_300_2026-02-11T064352Z_seed20260211,AgentSkip,VB-216,3,QueryTool,search,query_hits_reproducible,False,,,True,MISSING_EVENT,E1,False
VBrun_scale_microbench_300_2026-02-11T064352Z_seed20260211,AgentSkip,VB-216,4,CalcTool,sum,value_equals,True,CalcTool,sum,True,,E0,True
VBrun_scale_microbench_300_2026-02-11T064352Z_seed20260211,AgentSkip,VB-216,5,CalcTool,sum,value_equals,True,CalcTool,sum,True,,E0,True
VBrun_scale_microbench_300_2026-02-11T064352Z_seed20260211,AgentSkip,VB-216,6,QueryTool,search,query_hits_reproducible,False,,,True,MISSING_EVENT,E1,False
VBrun_scale_microbench_300_2026-02-11T064352Z_seed20260211,AgentSkip,VB-216,7,CalcTool,sum,value_equals,True,CalcTool,sum,True,,E0,True
VBrun_scale_microbench_300_2026-02-11T064352Z_seed20260211,AgentSkip,VB-217,1,FileTool,write_csv,artifact_written_exists,True,FileTool,write_csv,True,,E0,True
VBrun_scale_microbench_300_2026-02-11T064352Z_seed20260211,AgentSkip,VB-217,2,FileTool,read_csv,read_after_write_dependency,True,FileTool,read_csv,True,,E0,True
VBrun_scale_microbench_300_2026-02-11T064352Z_seed20260211,AgentSkip,VB-217,3,QueryTool,search,query_hits_reproducible,False,,,True,MISSING_EVENT,E1,False
VBrun_scale_microbench_300_2026-02-11T064352Z_seed20260211,AgentSkip,VB-217,4,CalcTool,sum,value_equals,True,CalcTool,sum,True,,E0,True
VBrun_scale_microbench_300_2026-02-11T064352Z_seed20260211,AgentSkip,VB-217,5,CalcTool,sum,value_equals,True,CalcTool,sum,True,,E0,True
VBrun_scale_microbench_300_2026-02-11T064352Z_seed20260211,AgentSkip,VB-217,6,QueryTool,search,query_hits_reproducible,False,,,True,MISSING_EVENT,E1,False
VBrun_scale_microbench_300_2026-02-11T064352Z_seed20260211,AgentSkip,VB-217,7,CalcTool,sum,value_equals,True,CalcTool,sum,True,,E0,True
VBrun_scale_microbench_300_2026-02-11T064352Z_seed20260211,AgentSkip,VB-217,8,CalcTool,sum,value_equals,True,CalcTool,sum,True,,E0,True
VBrun_scale_microbench_300_2026-02-11T064352Z_seed20260211,AgentSkip,VB-218,1,FileTool,write_csv,artifact_written_exists,True,FileTool,write_csv,True,,E0,True
VBrun_scale_microbench_300_2026-02-11T064352Z_seed20260211,AgentSkip,VB-218,2,FileTool,read_csv,read_after_write_dependency,True,FileTool,read_csv,True,,E0,True
VBrun_scale_microbench_300_2026-02-11T064352Z_seed20260211,AgentSkip,VB-219,1,FileTool,write_csv,artifact_written_exists,True,FileTool,write_csv,True,,E0,True
VBrun_scale_microbench_300_2026-02-11T064352Z_seed20260211,AgentSkip,VB-219,2,FileTool,read_csv,read_after_write_dependency,True,FileTool,read_csv,True,,E0,True
VBrun_scale_microbench_300_2026-02-11T064352Z_seed20260211,AgentSkip,VB-219,3,QueryTool,search,query_hits_reproducible,False,,,True,MISSING_EVENT,E1,False
VBrun_scale_microbench_300_2026-02-11T064352Z_seed20260211,AgentSkip,VB-220,1,FileTool,write_csv,artifact_written_exists,True,FileTool,write_csv,True,,E0,True
VBrun_scale_microbench_300_2026-02-11T064352Z_seed20260211,AgentSkip,VB-220,2,FileTool,read_csv,read_after_write_dependency,True,FileTool,read_csv,True,,E0,True
VBrun_scale_microbench_300_2026-02-11T064352Z_seed20260211,AgentSkip,VB-220,3,QueryTool,search,query_hits_reproducible,False,,,True,MISSING_EVENT,E1,False
VBrun_scale_microbench_300_2026-02-11T064352Z_seed20260211,AgentSkip,VB-220,4,CalcTool,sum,value_equals,True,CalcTool,sum,True,,E0,True
VBrun_scale_microbench_300_2026-02-11T064352Z_seed20260211,AgentSkip,VB-221,1,FileTool,write_csv,artifact_written_exists,True,FileTool,write_csv,True,,E0,True
VBrun_scale_microbench_300_2026-02-11T064352Z_seed20260211,AgentSkip,VB-221,2,FileTool,read_csv,read_after_write_dependency,True,FileTool,read_csv,True,,E0,True
VBrun_scale_microbench_300_2026-02-11T064352Z_seed20260211,AgentSkip,VB-221,3,QueryTool,search,query_hits_reproducible,False,,,True,MISSING_EVENT,E1,False
VBrun_scale_microbench_300_2026-02-11T064352Z_seed20260211,AgentSkip,VB-221,4,CalcTool,sum,value_equals,True,CalcTool,sum,True,,E0,True
VBrun_scale_microbench_300_2026-02-11T064352Z_seed20260211,AgentSkip,VB-221,5,CalcTool,sum,value_equals,True,CalcTool,sum,True,,E0,True
VBrun_scale_microbench_300_2026-02-11T064352Z_seed20260211,AgentSkip,VB-222,1,FileTool,write_csv,artifact_written_exists,True,FileTool,write_csv,True,,E0,True
VBrun_scale_microbench_300_2026-02-11T064352Z_seed20260211,AgentSkip,VB-222,2,FileTool,read_csv,read_after_write_dependency,True,FileTool,read_csv,True,,E0,True
VBrun_scale_microbench_300_2026-02-11T064352Z_seed20260211,AgentSkip,VB-222,3,QueryTool,search,query_hits_reproducible,False,,,True,MISSING_EVENT,E1,False
VBrun_scale_microbench_300_2026-02-11T064352Z_seed20260211,AgentSkip,VB-222,4,CalcTool,sum,value_equals,True,CalcTool,sum,True,,E0,True
VBrun_scale_microbench_300_2026-02-11T064352Z_seed20260211,AgentSkip,VB-222,5,CalcTool,sum,value_equals,True,CalcTool,sum,True,,E0,True
VBrun_scale_microbench_300_2026-02-11T064352Z_seed20260211,AgentSkip,VB-222,6,QueryTool,search,query_hits_reproducible,False,,,True,MISSING_EVENT,E1,False
VBrun_scale_microbench_300_2026-02-11T064352Z_seed20260211,AgentSkip,VB-223,1,FileTool,write_csv,artifact_written_exists,True,FileTool,write_csv,True,,E0,True
VBrun_scale_microbench_300_2026-02-11T064352Z_seed20260211,AgentSkip,VB-223,2,FileTool,read_csv,read_after_write_dependency,True,FileTool,read_csv,True,,E0,True
VBrun_scale_microbench_300_2026-02-11T064352Z_seed20260211,AgentSkip,VB-223,3,QueryTool,search,query_hits_reproducible,False,,,True,MISSING_EVENT,E1,False
VBrun_scale_microbench_300_2026-02-11T064352Z_seed20260211,AgentSkip,VB-223,4,CalcTool,sum,value_equals,True,CalcTool,sum,True,,E0,True
VBrun_scale_microbench_300_2026-02-11T064352Z_seed20260211,AgentSkip,VB-223,5,CalcTool,sum,value_equals,True,CalcTool,sum,True,,E0,True
VBrun_scale_microbench_300_2026-02-11T064352Z_seed20260211,AgentSkip,VB-223,6,QueryTool,search,query_hits_reproducible,False,,,True,MISSING_EVENT,E1,False
VBrun_scale_microbench_300_2026-02-11T064352Z_seed20260211,AgentSkip,VB-223,7,CalcTool,sum,value_equals,True,CalcTool,sum,True,,E0,True
VBrun_scale_microbench_300_2026-02-11T064352Z_seed20260211,AgentSkip,VB-224,1,FileTool,write_csv,artifact_written_exists,True,FileTool,write_csv,True,,E0,True
VBrun_scale_microbench_300_2026-02-11T064352Z_seed20260211,AgentSkip,VB-224,2,FileTool,read_csv,read_after_write_dependency,True,FileTool,read_csv,True,,E0,True
VBrun_scale_microbench_300_2026-02-11T064352Z_seed20260211,AgentSkip,VB-224,3,QueryTool,search,query_hits_reproducible,False,,,True,MISSING_EVENT,E1,False
VBrun_scale_microbench_300_2026-02-11T064352Z_seed20260211,AgentSkip,VB-224,4,CalcTool,sum,value_equals,True,CalcTool,sum,True,,E0,True
VBrun_scale_microbench_300_2026-02-11T064352Z_seed20260211,AgentSkip,VB-224,5,CalcTool,sum,value_equals,True,CalcTool,sum,True,,E0,True
VBrun_scale_microbench_300_2026-02-11T064352Z_seed20260211,AgentSkip,VB-224,6,QueryTool,search,query_hits_reproducible,False,,,True,MISSING_EVENT,E1,False
VBrun_scale_microbench_300_2026-02-11T064352Z_seed20260211,AgentSkip,VB-224,7,CalcTool,sum,value_equals,True,CalcTool,sum,True,,E0,True
VBrun_scale_microbench_300_2026-02-11T064352Z_seed20260211,AgentSkip,VB-224,8,CalcTool,sum,value_equals,True,CalcTool,sum,True,,E0,True
VBrun_scale_microbench_300_2026-02-11T064352Z_seed20260211,AgentSkip,VB-225,1,FileTool,write_csv,artifact_written_exists,True,FileTool,write_csv,True,,E0,True
VBrun_scale_microbench_300_2026-02-11T064352Z_seed20260211,AgentSkip,VB-225,2,FileTool,read_csv,read_after_write_dependency,True,FileTool,read_csv,True,,E0,True
VBrun_scale_microbench_300_2026-02-11T064352Z_seed20260211,AgentSkip,VB-226,1,FileTool,write_csv,artifact_written_exists,True,FileTool,write_csv,True,,E0,True
VBrun_scale_microbench_300_2026-02-11T064352Z_seed20260211,AgentSkip,VB-226,2,FileTool,read_csv,read_after_write_dependency,True,FileTool,read_csv,True,,E0,True
VBrun_scale_microbench_300_2026-02-11T064352Z_seed20260211,AgentSkip,VB-226,3,QueryTool,search,query_hits_reproducible,False,,,True,MISSING_EVENT,E1,False
VBrun_scale_microbench_300_2026-02-11T064352Z_seed20260211,AgentSkip,VB-227,1,FileTool,write_csv,artifact_written_exists,True,FileTool,write_csv,True,,E0,True
VBrun_scale_microbench_300_2026-02-11T064352Z_seed20260211,AgentSkip,VB-227,2,FileTool,read_csv,read_after_write_dependency,True,FileTool,read_csv,True,,E0,True
VBrun_scale_microbench_300_2026-02-11T064352Z_seed20260211,AgentSkip,VB-227,3,QueryTool,search,query_hits_reproducible,False,,,True,MISSING_EVENT,E1,False
VBrun_scale_microbench_300_2026-02-11T064352Z_seed20260211,AgentSkip,VB-227,4,CalcTool,sum,value_equals,True,CalcTool,sum,True,,E0,True
VBrun_scale_microbench_300_2026-02-11T064352Z_seed20260211,AgentSkip,VB-228,1,FileTool,write_csv,artifact_written_exists,True,FileTool,write_csv,True,,E0,True
VBrun_scale_microbench_300_2026-02-11T064352Z_seed20260211,AgentSkip,VB-228,2,FileTool,read_csv,read_after_write_dependency,True,FileTool,read_csv,True,,E0,True
VBrun_scale_microbench_300_2026-02-11T064352Z_seed20260211,AgentSkip,VB-228,3,QueryTool,search,query_hits_reproducible,False,,,True,MISSING_EVENT,E1,False
VBrun_scale_microbench_300_2026-02-11T064352Z_seed20260211,AgentSkip,VB-228,4,CalcTool,sum,value_equals,True,CalcTool,sum,True,,E0,True
VBrun_scale_microbench_300_2026-02-11T064352Z_seed20260211,AgentSkip,VB-228,5,CalcTool,sum,value_equals,True,CalcTool,sum,True,,E0,True
VBrun_scale_microbench_300_2026-02-11T064352Z_seed20260211,AgentSkip,VB-229,1,FileTool,write_csv,artifact_written_exists,True,FileTool,write_csv,True,,E0,True
VBrun_scale_microbench_300_2026-02-11T064352Z_seed20260211,AgentSkip,VB-229,2,FileTool,read_csv,read_after_write_dependency,True,FileTool,read_csv,True,,E0,True
VBrun_scale_microbench_300_2026-02-11T064352Z_seed20260211,AgentSkip,VB-229,3,QueryTool,search,query_hits_reproducible,False,,,True,MISSING_EVENT,E1,False
VBrun_scale_microbench_300_2026-02-11T064352Z_seed20260211,AgentSkip,VB-229,4,CalcTool,sum,value_equals,True,CalcTool,sum,True,,E0,True
VBrun_scale_microbench_300_2026-02-11T064352Z_seed20260211,AgentSkip,VB-229,5,CalcTool,sum,value_equals,True,CalcTool,sum,True,,E0,True
VBrun_scale_microbench_300_2026-02-11T064352Z_seed20260211,AgentSkip,VB-229,6,QueryTool,search,query_hits_reproducible,False,,,True,MISSING_EVENT,E1,False
VBrun_scale_microbench_300_2026-02-11T064352Z_seed20260211,AgentSkip,VB-230,1,FileTool,write_csv,artifact_written_exists,True,FileTool,write_csv,True,,E0,True
VBrun_scale_microbench_300_2026-02-11T064352Z_seed20260211,AgentSkip,VB-230,2,FileTool,read_csv,read_after_write_dependency,True,FileTool,read_csv,True,,E0,True
VBrun_scale_microbench_300_2026-02-11T064352Z_seed20260211,AgentSkip,VB-230,3,QueryTool,search,query_hits_reproducible,False,,,True,MISSING_EVENT,E1,False
VBrun_scale_microbench_300_2026-02-11T064352Z_seed20260211,AgentSkip,VB-230,4,CalcTool,sum,value_equals,True,CalcTool,sum,True,,E0,True
VBrun_scale_microbench_300_2026-02-11T064352Z_seed20260211,AgentSkip,VB-230,5,CalcTool,sum,value_equals,True,CalcTool,sum,True,,E0,True
VBrun_scale_microbench_300_2026-02-11T064352Z_seed20260211,AgentSkip,VB-230,6,QueryTool,search,query_hits_reproducible,False,,,True,MISSING_EVENT,E1,False
VBrun_scale_microbench_300_2026-02-11T064352Z_seed20260211,AgentSkip,VB-230,7,CalcTool,sum,value_equals,True,CalcTool,sum,True,,E0,True
VBrun_scale_microbench_300_2026-02-11T064352Z_seed20260211,AgentSkip,VB-231,1,FileTool,write_csv,artifact_written_exists,True,FileTool,write_csv,True,,E0,True
VBrun_scale_microbench_300_2026-02-11T064352Z_seed20260211,AgentSkip,VB-231,2,FileTool,read_csv,read_after_write_dependency,True,FileTool,read_csv,True,,E0,True
VBrun_scale_microbench_300_2026-02-11T064352Z_seed20260211,AgentSkip,VB-231,3,QueryTool,search,query_hits_reproducible,False,,,True,MISSING_EVENT,E1,False
VBrun_scale_microbench_300_2026-02-11T064352Z_seed20260211,AgentSkip,VB-231,4,CalcTool,sum,value_equals,True,CalcTool,sum,True,,E0,True
VBrun_scale_microbench_300_2026-02-11T064352Z_seed20260211,AgentSkip,VB-231,5,CalcTool,sum,value_equals,True,CalcTool,sum,True,,E0,True
VBrun_scale_microbench_300_2026-02-11T064352Z_seed20260211,AgentSkip,VB-231,6,QueryTool,search,query_hits_reproducible,False,,,True,MISSING_EVENT,E1,False
VBrun_scale_microbench_300_2026-02-11T064352Z_seed20260211,AgentSkip,VB-231,7,CalcTool,sum,value_equals,True,CalcTool,sum,True,,E0,True
VBrun_scale_microbench_300_2026-02-11T064352Z_seed20260211,AgentSkip,VB-231,8,CalcTool,sum,value_equals,True,CalcTool,sum,True,,E0,True
VBrun_scale_microbench_300_2026-02-11T064352Z_seed20260211,AgentSkip,VB-232,1,FileTool,write_csv,artifact_written_exists,True,FileTool,write_csv,True,,E0,True
VBrun_scale_microbench_300_2026-02-11T064352Z_seed20260211,AgentSkip,VB-232,2,FileTool,read_csv,read_after_write_dependency,True,FileTool,read_csv,True,,E0,True
VBrun_scale_microbench_300_2026-02-11T064352Z_seed20260211,AgentSkip,VB-233,1,FileTool,write_csv,artifact_written_exists,True,FileTool,write_csv,True,,E0,True
VBrun_scale_microbench_300_2026-02-11T064352Z_seed20260211,AgentSkip,VB-233,2,FileTool,read_csv,read_after_write_dependency,True,FileTool,read_csv,True,,E0,True
VBrun_scale_microbench_300_2026-02-11T064352Z_seed20260211,AgentSkip,VB-233,3,QueryTool,search,query_hits_reproducible,False,,,True,MISSING_EVENT,E1,False
VBrun_scale_microbench_300_2026-02-11T064352Z_seed20260211,AgentSkip,VB-234,1,FileTool,write_csv,artifact_written_exists,True,FileTool,write_csv,True,,E0,True
VBrun_scale_microbench_300_2026-02-11T064352Z_seed20260211,AgentSkip,VB-234,2,FileTool,read_csv,read_after_write_dependency,True,FileTool,read_csv,True,,E0,True
VBrun_scale_microbench_300_2026-02-11T064352Z_seed20260211,AgentSkip,VB-234,3,QueryTool,search,query_hits_reproducible,False,,,True,MISSING_EVENT,E1,False
VBrun_scale_microbench_300_2026-02-11T064352Z_seed20260211,AgentSkip,VB-234,4,CalcTool,sum,value_equals,True,CalcTool,sum,True,,E0,True
VBrun_scale_microbench_300_2026-02-11T064352Z_seed20260211,AgentSkip,VB-235,1,FileTool,write_csv,artifact_written_exists,True,FileTool,write_csv,True,,E0,True
VBrun_scale_microbench_300_2026-02-11T064352Z_seed20260211,AgentSkip,VB-235,2,FileTool,read_csv,read_after_write_dependency,True,FileTool,read_csv,True,,E0,True
VBrun_scale_microbench_300_2026-02-11T064352Z_seed20260211,AgentSkip,VB-235,3,QueryTool,search,query_hits_reproducible,False,,,True,MISSING_EVENT,E1,False
VBrun_scale_microbench_300_2026-02-11T064352Z_seed20260211,AgentSkip,VB-235,4,CalcTool,sum,value_equals,True,CalcTool,sum,True,,E0,True
VBrun_scale_microbench_300_2026-02-11T064352Z_seed20260211,AgentSkip,VB-235,5,CalcTool,sum,value_equals,True,CalcTool,sum,True,,E0,True
VBrun_scale_microbench_300_2026-02-11T064352Z_seed20260211,AgentSkip,VB-236,1,FileTool,write_csv,artifact_written_exists,True,FileTool,write_csv,True,,E0,True
VBrun_scale_microbench_300_2026-02-11T064352Z_seed20260211,AgentSkip,VB-236,2,FileTool,read_csv,read_after_write_dependency,True,FileTool,read_csv,True,,E0,True
VBrun_scale_microbench_300_2026-02-11T064352Z_seed20260211,AgentSkip,VB-236,3,QueryTool,search,query_hits_reproducible,False,,,True,MISSING_EVENT,E1,False
VBrun_scale_microbench_300_2026-02-11T064352Z_seed20260211,AgentSkip,VB-236,4,CalcTool,sum,value_equals,True,CalcTool,sum,True,,E0,True
VBrun_scale_microbench_300_2026-02-11T064352Z_seed20260211,AgentSkip,VB-236,5,CalcTool,sum,value_equals,True,CalcTool,sum,True,,E0,True
VBrun_scale_microbench_300_2026-02-11T064352Z_seed20260211,AgentSkip,VB-236,6,QueryTool,search,query_hits_reproducible,False,,,True,MISSING_EVENT,E1,False
VBrun_scale_microbench_300_2026-02-11T064352Z_seed20260211,AgentSkip,VB-237,1,FileTool,write_csv,artifact_written_exists,True,FileTool,write_csv,True,,E0,True
VBrun_scale_microbench_300_2026-02-11T064352Z_seed20260211,AgentSkip,VB-237,2,FileTool,read_csv,read_after_write_dependency,True,FileTool,read_csv,True,,E0,True
VBrun_scale_microbench_300_2026-02-11T064352Z_seed20260211,AgentSkip,VB-237,3,QueryTool,search,query_hits_reproducible,False,,,True,MISSING_EVENT,E1,False
VBrun_scale_microbench_300_2026-02-11T064352Z_seed20260211,AgentSkip,VB-237,4,CalcTool,sum,value_equals,True,CalcTool,sum,True,,E0,True
VBrun_scale_microbench_300_2026-02-11T064352Z_seed20260211,AgentSkip,VB-237,5,CalcTool,sum,value_equals,True,CalcTool,sum,True,,E0,True
VBrun_scale_microbench_300_2026-02-11T064352Z_seed20260211,AgentSkip,VB-237,6,QueryTool,search,query_hits_reproducible,False,,,True,MISSING_EVENT,E1,False
VBrun_scale_microbench_300_2026-02-11T064352Z_seed20260211,AgentSkip,VB-237,7,CalcTool,sum,value_equals,True,CalcTool,sum,True,,E0,True
VBrun_scale_microbench_300_2026-02-11T064352Z_seed20260211,AgentSkip,VB-238,1,FileTool,write_csv,artifact_written_exists,True,FileTool,write_csv,True,,E0,True
VBrun_scale_microbench_300_2026-02-11T064352Z_seed20260211,AgentSkip,VB-238,2,FileTool,read_csv,read_after_write_dependency,True,FileTool,read_csv,True,,E0,True
VBrun_scale_microbench_300_2026-02-11T064352Z_seed20260211,AgentSkip,VB-238,3,QueryTool,search,query_hits_reproducible,False,,,True,MISSING_EVENT,E1,False
VBrun_scale_microbench_300_2026-02-11T064352Z_seed20260211,AgentSkip,VB-238,4,CalcTool,sum,value_equals,True,CalcTool,sum,True,,E0,True
VBrun_scale_microbench_300_2026-02-11T064352Z_seed20260211,AgentSkip,VB-238,5,CalcTool,sum,value_equals,True,CalcTool,sum,True,,E0,True
VBrun_scale_microbench_300_2026-02-11T064352Z_seed20260211,AgentSkip,VB-238,6,QueryTool,search,query_hits_reproducible,False,,,True,MISSING_EVENT,E1,False
VBrun_scale_microbench_300_2026-02-11T064352Z_seed20260211,AgentSkip,VB-238,7,CalcTool,sum,value_equals,True,CalcTool,sum,True,,E0,True
VBrun_scale_microbench_300_2026-02-11T064352Z_seed20260211,AgentSkip,VB-238,8,CalcTool,sum,value_equals,True,CalcTool,sum,True,,E0,True
VBrun_scale_microbench_300_2026-02-11T064352Z_seed20260211,AgentSkip,VB-239,1,FileTool,write_csv,artifact_written_exists,True,FileTool,write_csv,True,,E0,True
VBrun_scale_microbench_300_2026-02-11T064352Z_seed20260211,AgentSkip,VB-239,2,FileTool,read_csv,read_after_write_dependency,True,FileTool,read_csv,True,,E0,True
VBrun_scale_microbench_300_2026-02-11T064352Z_seed20260211,AgentSkip,VB-240,1,FileTool,write_csv,artifact_written_exists,True,FileTool,write_csv,True,,E0,True
VBrun_scale_microbench_300_2026-02-11T064352Z_seed20260211,AgentSkip,VB-240,2,FileTool,read_csv,read_after_write_dependency,True,FileTool,read_csv,True,,E0,True
VBrun_scale_microbench_300_2026-02-11T064352Z_seed20260211,AgentSkip,VB-240,3,QueryTool,search,query_hits_reproducible,False,,,True,MISSING_EVENT,E1,False
VBrun_scale_microbench_300_2026-02-11T064352Z_seed20260211,AgentSkip,VB-241,1,FileTool,write_csv,artifact_written_exists,True,FileTool,write_csv,True,,E0,True
VBrun_scale_microbench_300_2026-02-11T064352Z_seed20260211,AgentSkip,VB-241,2,FileTool,read_csv,read_after_write_dependency,True,FileTool,read_csv,True,,E0,True
VBrun_scale_microbench_300_2026-02-11T064352Z_seed20260211,AgentSkip,VB-241,3,QueryTool,search,query_hits_reproducible,False,,,True,MISSING_EVENT,E1,False
VBrun_scale_microbench_300_2026-02-11T064352Z_seed20260211,AgentSkip,VB-241,4,CalcTool,sum,value_equals,True,CalcTool,sum,True,,E0,True
VBrun_scale_microbench_300_2026-02-11T064352Z_seed20260211,AgentSkip,VB-242,1,FileTool,write_csv,artifact_written_exists,True,FileTool,write_csv,True,,E0,True
VBrun_scale_microbench_300_2026-02-11T064352Z_seed20260211,AgentSkip,VB-242,2,FileTool,read_csv,read_after_write_dependency,True,FileTool,read_csv,True,,E0,True
VBrun_scale_microbench_300_2026-02-11T064352Z_seed20260211,AgentSkip,VB-242,3,QueryTool,search,query_hits_reproducible,False,,,True,MISSING_EVENT,E1,False
VBrun_scale_microbench_300_2026-02-11T064352Z_seed20260211,AgentSkip,VB-242,4,CalcTool,sum,value_equals,True,CalcTool,sum,True,,E0,True
VBrun_scale_microbench_300_2026-02-11T064352Z_seed20260211,AgentSkip,VB-242,5,CalcTool,sum,value_equals,True,CalcTool,sum,True,,E0,True
VBrun_scale_microbench_300_2026-02-11T064352Z_seed20260211,AgentSkip,VB-243,1,FileTool,write_csv,artifact_written_exists,True,FileTool,write_csv,True,,E0,True
VBrun_scale_microbench_300_2026-02-11T064352Z_seed20260211,AgentSkip,VB-243,2,FileTool,read_csv,read_after_write_dependency,True,FileTool,read_csv,True,,E0,True
VBrun_scale_microbench_300_2026-02-11T064352Z_seed20260211,AgentSkip,VB-243,3,QueryTool,search,query_hits_reproducible,False,,,True,MISSING_EVENT,E1,False
VBrun_scale_microbench_300_2026-02-11T064352Z_seed20260211,AgentSkip,VB-243,4,CalcTool,sum,value_equals,True,CalcTool,sum,True,,E0,True
VBrun_scale_microbench_300_2026-02-11T064352Z_seed20260211,AgentSkip,VB-243,5,CalcTool,sum,value_equals,True,CalcTool,sum,True,,E0,True
VBrun_scale_microbench_300_2026-02-11T064352Z_seed20260211,AgentSkip,VB-243,6,QueryTool,search,query_hits_reproducible,False,,,True,MISSING_EVENT,E1,False
VBrun_scale_microbench_300_2026-02-11T064352Z_seed20260211,AgentSkip,VB-244,1,FileTool,write_csv,artifact_written_exists,True,FileTool,write_csv,True,,E0,True
VBrun_scale_microbench_300_2026-02-11T064352Z_seed20260211,AgentSkip,VB-244,2,FileTool,read_csv,read_after_write_dependency,True,FileTool,read_csv,True,,E0,True
VBrun_scale_microbench_300_2026-02-11T064352Z_seed20260211,AgentSkip,VB-244,3,QueryTool,search,query_hits_reproducible,False,,,True,MISSING_EVENT,E1,False
VBrun_scale_microbench_300_2026-02-11T064352Z_seed20260211,AgentSkip,VB-244,4,CalcTool,sum,value_equals,True,CalcTool,sum,True,,E0,True
VBrun_scale_microbench_300_2026-02-11T064352Z_seed20260211,AgentSkip,VB-244,5,CalcTool,sum,value_equals,True,CalcTool,sum,True,,E0,True
VBrun_scale_microbench_300_2026-02-11T064352Z_seed20260211,AgentSkip,VB-244,6,QueryTool,search,query_hits_reproducible,False,,,True,MISSING_EVENT,E1,False
VBrun_scale_microbench_300_2026-02-11T064352Z_seed20260211,AgentSkip,VB-244,7,CalcTool,sum,value_equals,True,CalcTool,sum,True,,E0,True
VBrun_scale_microbench_300_2026-02-11T064352Z_seed20260211,AgentSkip,VB-245,1,FileTool,write_csv,artifact_written_exists,True,FileTool,write_csv,True,,E0,True
VBrun_scale_microbench_300_2026-02-11T064352Z_seed20260211,AgentSkip,VB-245,2,FileTool,read_csv,read_after_write_dependency,True,FileTool,read_csv,True,,E0,True
VBrun_scale_microbench_300_2026-02-11T064352Z_seed20260211,AgentSkip,VB-245,3,QueryTool,search,query_hits_reproducible,False,,,True,MISSING_EVENT,E1,False
VBrun_scale_microbench_300_2026-02-11T064352Z_seed20260211,AgentSkip,VB-245,4,CalcTool,sum,value_equals,True,CalcTool,sum,True,,E0,True
VBrun_scale_microbench_300_2026-02-11T064352Z_seed20260211,AgentSkip,VB-245,5,CalcTool,sum,value_equals,True,CalcTool,sum,True,,E0,True
VBrun_scale_microbench_300_2026-02-11T064352Z_seed20260211,AgentSkip,VB-245,6,QueryTool,search,query_hits_reproducible,False,,,True,MISSING_EVENT,E1,False
VBrun_scale_microbench_300_2026-02-11T064352Z_seed20260211,AgentSkip,VB-245,7,CalcTool,sum,value_equals,True,CalcTool,sum,True,,E0,True
VBrun_scale_microbench_300_2026-02-11T064352Z_seed20260211,AgentSkip,VB-245,8,CalcTool,sum,value_equals,True,CalcTool,sum,True,,E0,True
VBrun_scale_microbench_300_2026-02-11T064352Z_seed20260211,AgentSkip,VB-246,1,FileTool,write_csv,artifact_written_exists,True,FileTool,write_csv,True,,E0,True
VBrun_scale_microbench_300_2026-02-11T064352Z_seed20260211,AgentSkip,VB-246,2,FileTool,read_csv,read_after_write_dependency,True,FileTool,read_csv,True,,E0,True
VBrun_scale_microbench_300_2026-02-11T064352Z_seed20260211,AgentSkip,VB-247,1,FileTool,write_csv,artifact_written_exists,True,FileTool,write_csv,True,,E0,True
VBrun_scale_microbench_300_2026-02-11T064352Z_seed20260211,AgentSkip,VB-247,2,FileTool,read_csv,read_after_write_dependency,True,FileTool,read_csv,True,,E0,True
VBrun_scale_microbench_300_2026-02-11T064352Z_seed20260211,AgentSkip,VB-247,3,QueryTool,search,query_hits_reproducible,False,,,True,MISSING_EVENT,E1,False
VBrun_scale_microbench_300_2026-02-11T064352Z_seed20260211,AgentSkip,VB-248,1,FileTool,write_csv,artifact_written_exists,True,FileTool,write_csv,True,,E0,True
VBrun_scale_microbench_300_2026-02-11T064352Z_seed20260211,AgentSkip,VB-248,2,FileTool,read_csv,read_after_write_dependency,True,FileTool,read_csv,True,,E0,True
VBrun_scale_microbench_300_2026-02-11T064352Z_seed20260211,AgentSkip,VB-248,3,QueryTool,search,query_hits_reproducible,False,,,True,MISSING_EVENT,E1,False
VBrun_scale_microbench_300_2026-02-11T064352Z_seed20260211,AgentSkip,VB-248,4,CalcTool,sum,value_equals,True,CalcTool,sum,True,,E0,True
VBrun_scale_microbench_300_2026-02-11T064352Z_seed20260211,AgentSkip,VB-249,1,FileTool,write_csv,artifact_written_exists,True,FileTool,write_csv,True,,E0,True
VBrun_scale_microbench_300_2026-02-11T064352Z_seed20260211,AgentSkip,VB-249,2,FileTool,read_csv,read_after_write_dependency,True,FileTool,read_csv,True,,E0,True
VBrun_scale_microbench_300_2026-02-11T064352Z_seed20260211,AgentSkip,VB-249,3,QueryTool,search,query_hits_reproducible,False,,,True,MISSING_EVENT,E1,False
VBrun_scale_microbench_300_2026-02-11T064352Z_seed20260211,AgentSkip,VB-249,4,CalcTool,sum,value_equals,True,CalcTool,sum,True,,E0,True
VBrun_scale_microbench_300_2026-02-11T064352Z_seed20260211,AgentSkip,VB-249,5,CalcTool,sum,value_equals,True,CalcTool,sum,True,,E0,True
VBrun_scale_microbench_300_2026-02-11T064352Z_seed20260211,AgentSkip,VB-250,1,FileTool,write_csv,artifact_written_exists,True,FileTool,write_csv,True,,E0,True
VBrun_scale_microbench_300_2026-02-11T064352Z_seed20260211,AgentSkip,VB-250,2,FileTool,read_csv,read_after_write_dependency,True,FileTool,read_csv,True,,E0,True
VBrun_scale_microbench_300_2026-02-11T064352Z_seed20260211,AgentSkip,VB-250,3,QueryTool,search,query_hits_reproducible,False,,,True,MISSING_EVENT,E1,False
VBrun_scale_microbench_300_2026-02-11T064352Z_seed20260211,AgentSkip,VB-250,4,CalcTool,sum,value_equals,True,CalcTool,sum,True,,E0,True
VBrun_scale_microbench_300_2026-02-11T064352Z_seed20260211,AgentSkip,VB-250,5,CalcTool,sum,value_equals,True,CalcTool,sum,True,,E0,True
VBrun_scale_microbench_300_2026-02-11T064352Z_seed20260211,AgentSkip,VB-250,6,QueryTool,search,query_hits_reproducible,False,,,True,MISSING_EVENT,E1,False
VBrun_scale_microbench_300_2026-02-11T064352Z_seed20260211,AgentSkip,VB-251,1,FileTool,write_csv,artifact_written_exists,True,FileTool,write_csv,True,,E0,True
VBrun_scale_microbench_300_2026-02-11T064352Z_seed20260211,AgentSkip,VB-251,2,FileTool,read_csv,read_after_write_dependency,True,FileTool,read_csv,True,,E0,True
VBrun_scale_microbench_300_2026-02-11T064352Z_seed20260211,AgentSkip,VB-251,3,QueryTool,search,query_hits_reproducible,False,,,True,MISSING_EVENT,E1,False
VBrun_scale_microbench_300_2026-02-11T064352Z_seed20260211,AgentSkip,VB-251,4,CalcTool,sum,value_equals,True,CalcTool,sum,True,,E0,True
VBrun_scale_microbench_300_2026-02-11T064352Z_seed20260211,AgentSkip,VB-251,5,CalcTool,sum,value_equals,True,CalcTool,sum,True,,E0,True
VBrun_scale_microbench_300_2026-02-11T064352Z_seed20260211,AgentSkip,VB-251,6,QueryTool,search,query_hits_reproducible,False,,,True,MISSING_EVENT,E1,False
VBrun_scale_microbench_300_2026-02-11T064352Z_seed20260211,AgentSkip,VB-251,7,CalcTool,sum,value_equals,True,CalcTool,sum,True,,E0,True
VBrun_scale_microbench_300_2026-02-11T064352Z_seed20260211,AgentSkip,VB-252,1,FileTool,write_csv,artifact_written_exists,True,FileTool,write_csv,True,,E0,True
VBrun_scale_microbench_300_2026-02-11T064352Z_seed20260211,AgentSkip,VB-252,2,FileTool,read_csv,read_after_write_dependency,True,FileTool,read_csv,True,,E0,True
VBrun_scale_microbench_300_2026-02-11T064352Z_seed20260211,AgentSkip,VB-252,3,QueryTool,search,query_hits_reproducible,False,,,True,MISSING_EVENT,E1,False
VBrun_scale_microbench_300_2026-02-11T064352Z_seed20260211,AgentSkip,VB-252,4,CalcTool,sum,value_equals,True,CalcTool,sum,True,,E0,True
VBrun_scale_microbench_300_2026-02-11T064352Z_seed20260211,AgentSkip,VB-252,5,CalcTool,sum,value_equals,True,CalcTool,sum,True,,E0,True
VBrun_scale_microbench_300_2026-02-11T064352Z_seed20260211,AgentSkip,VB-252,6,QueryTool,search,query_hits_reproducible,False,,,True,MISSING_EVENT,E1,False
VBrun_scale_microbench_300_2026-02-11T064352Z_seed20260211,AgentSkip,VB-252,7,CalcTool,sum,value_equals,True,CalcTool,sum,True,,E0,True
VBrun_scale_microbench_300_2026-02-11T064352Z_seed20260211,AgentSkip,VB-252,8,CalcTool,sum,value_equals,True,CalcTool,sum,True,,E0,True
VBrun_scale_microbench_300_2026-02-11T064352Z_seed20260211,AgentSkip,VB-253,1,FileTool,write_csv,artifact_written_exists,True,FileTool,write_csv,True,,E0,True
VBrun_scale_microbench_300_2026-02-11T064352Z_seed20260211,AgentSkip,VB-253,2,FileTool,read_csv,read_after_write_dependency,True,FileTool,read_csv,True,,E0,True
VBrun_scale_microbench_300_2026-02-11T064352Z_seed20260211,AgentSkip,VB-254,1,FileTool,write_csv,artifact_written_exists,True,FileTool,write_csv,True,,E0,True
VBrun_scale_microbench_300_2026-02-11T064352Z_seed20260211,AgentSkip,VB-254,2,FileTool,read_csv,read_after_write_dependency,True,FileTool,read_csv,True,,E0,True
VBrun_scale_microbench_300_2026-02-11T064352Z_seed20260211,AgentSkip,VB-254,3,QueryTool,search,query_hits_reproducible,False,,,True,MISSING_EVENT,E1,False
VBrun_scale_microbench_300_2026-02-11T064352Z_seed20260211,AgentSkip,VB-255,1,FileTool,write_csv,artifact_written_exists,True,FileTool,write_csv,True,,E0,True
VBrun_scale_microbench_300_2026-02-11T064352Z_seed20260211,AgentSkip,VB-255,2,FileTool,read_csv,read_after_write_dependency,True,FileTool,read_csv,True,,E0,True
VBrun_scale_microbench_300_2026-02-11T064352Z_seed20260211,AgentSkip,VB-255,3,QueryTool,search,query_hits_reproducible,False,,,True,MISSING_EVENT,E1,False
VBrun_scale_microbench_300_2026-02-11T064352Z_seed20260211,AgentSkip,VB-255,4,CalcTool,sum,value_equals,True,CalcTool,sum,True,,E0,True
VBrun_scale_microbench_300_2026-02-11T064352Z_seed20260211,AgentSkip,VB-256,1,FileTool,write_csv,artifact_written_exists,True,FileTool,write_csv,True,,E0,True
VBrun_scale_microbench_300_2026-02-11T064352Z_seed20260211,AgentSkip,VB-256,2,FileTool,read_csv,read_after_write_dependency,True,FileTool,read_csv,True,,E0,True
VBrun_scale_microbench_300_2026-02-11T064352Z_seed20260211,AgentSkip,VB-256,3,QueryTool,search,query_hits_reproducible,False,,,True,MISSING_EVENT,E1,False
VBrun_scale_microbench_300_2026-02-11T064352Z_seed20260211,AgentSkip,VB-256,4,CalcTool,sum,value_equals,True,CalcTool,sum,True,,E0,True
VBrun_scale_microbench_300_2026-02-11T064352Z_seed20260211,AgentSkip,VB-256,5,CalcTool,sum,value_equals,True,CalcTool,sum,True,,E0,True
VBrun_scale_microbench_300_2026-02-11T064352Z_seed20260211,AgentSkip,VB-257,1,FileTool,write_csv,artifact_written_exists,True,FileTool,write_csv,True,,E0,True
VBrun_scale_microbench_300_2026-02-11T064352Z_seed20260211,AgentSkip,VB-257,2,FileTool,read_csv,read_after_write_dependency,True,FileTool,read_csv,True,,E0,True
VBrun_scale_microbench_300_2026-02-11T064352Z_seed20260211,AgentSkip,VB-257,3,QueryTool,search,query_hits_reproducible,False,,,True,MISSING_EVENT,E1,False
VBrun_scale_microbench_300_2026-02-11T064352Z_seed20260211,AgentSkip,VB-257,4,CalcTool,sum,value_equals,True,CalcTool,sum,True,,E0,True
VBrun_scale_microbench_300_2026-02-11T064352Z_seed20260211,AgentSkip,VB-257,5,CalcTool,sum,value_equals,True,CalcTool,sum,True,,E0,True
VBrun_scale_microbench_300_2026-02-11T064352Z_seed20260211,AgentSkip,VB-257,6,QueryTool,search,query_hits_reproducible,False,,,True,MISSING_EVENT,E1,False
VBrun_scale_microbench_300_2026-02-11T064352Z_seed20260211,AgentSkip,VB-258,1,FileTool,write_csv,artifact_written_exists,True,FileTool,write_csv,True,,E0,True
VBrun_scale_microbench_300_2026-02-11T064352Z_seed20260211,AgentSkip,VB-258,2,FileTool,read_csv,read_after_write_dependency,True,FileTool,read_csv,True,,E0,True
VBrun_scale_microbench_300_2026-02-11T064352Z_seed20260211,AgentSkip,VB-258,3,QueryTool,search,query_hits_reproducible,False,,,True,MISSING_EVENT,E1,False
VBrun_scale_microbench_300_2026-02-11T064352Z_seed20260211,AgentSkip,VB-258,4,CalcTool,sum,value_equals,True,CalcTool,sum,True,,E0,True
VBrun_scale_microbench_300_2026-02-11T064352Z_seed20260211,AgentSkip,VB-258,5,CalcTool,sum,value_equals,True,CalcTool,sum,True,,E0,True
VBrun_scale_microbench_300_2026-02-11T064352Z_seed20260211,AgentSkip,VB-258,6,QueryTool,search,query_hits_reproducible,False,,,True,MISSING_EVENT,E1,False
VBrun_scale_microbench_300_2026-02-11T064352Z_seed20260211,AgentSkip,VB-258,7,CalcTool,sum,value_equals,True,CalcTool,sum,True,,E0,True
VBrun_scale_microbench_300_2026-02-11T064352Z_seed20260211,AgentSkip,VB-259,1,FileTool,write_csv,artifact_written_exists,True,FileTool,write_csv,True,,E0,True
VBrun_scale_microbench_300_2026-02-11T064352Z_seed20260211,AgentSkip,VB-259,2,FileTool,read_csv,read_after_write_dependency,True,FileTool,read_csv,True,,E0,True
VBrun_scale_microbench_300_2026-02-11T064352Z_seed20260211,AgentSkip,VB-259,3,QueryTool,search,query_hits_reproducible,False,,,True,MISSING_EVENT,E1,False
VBrun_scale_microbench_300_2026-02-11T064352Z_seed20260211,AgentSkip,VB-259,4,CalcTool,sum,value_equals,True,CalcTool,sum,True,,E0,True
VBrun_scale_microbench_300_2026-02-11T064352Z_seed20260211,AgentSkip,VB-259,5,CalcTool,sum,value_equals,True,CalcTool,sum,True,,E0,True
VBrun_scale_microbench_300_2026-02-11T064352Z_seed20260211,AgentSkip,VB-259,6,QueryTool,search,query_hits_reproducible,False,,,True,MISSING_EVENT,E1,False
VBrun_scale_microbench_300_2026-02-11T064352Z_seed20260211,AgentSkip,VB-259,7,CalcTool,sum,value_equals,True,CalcTool,sum,True,,E0,True
VBrun_scale_microbench_300_2026-02-11T064352Z_seed20260211,AgentSkip,VB-259,8,CalcTool,sum,value_equals,True,CalcTool,sum,True,,E0,True
VBrun_scale_microbench_300_2026-02-11T064352Z_seed20260211,AgentSkip,VB-260,1,FileTool,write_csv,artifact_written_exists,True,FileTool,write_csv,True,,E0,True
VBrun_scale_microbench_300_2026-02-11T064352Z_seed20260211,AgentSkip,VB-260,2,FileTool,read_csv,read_after_write_dependency,True,FileTool,read_csv,True,,E0,True
VBrun_scale_microbench_300_2026-02-11T064352Z_seed20260211,AgentSkip,VB-261,1,FileTool,write_csv,artifact_written_exists,True,FileTool,write_csv,True,,E0,True
VBrun_scale_microbench_300_2026-02-11T064352Z_seed20260211,AgentSkip,VB-261,2,FileTool,read_csv,read_after_write_dependency,True,FileTool,read_csv,True,,E0,True
VBrun_scale_microbench_300_2026-02-11T064352Z_seed20260211,AgentSkip,VB-261,3,QueryTool,search,query_hits_reproducible,False,,,True,MISSING_EVENT,E1,False
VBrun_scale_microbench_300_2026-02-11T064352Z_seed20260211,AgentSkip,VB-262,1,FileTool,write_csv,artifact_written_exists,True,FileTool,write_csv,True,,E0,True
VBrun_scale_microbench_300_2026-02-11T064352Z_seed20260211,AgentSkip,VB-262,2,FileTool,read_csv,read_after_write_dependency,True,FileTool,read_csv,True,,E0,True
VBrun_scale_microbench_300_2026-02-11T064352Z_seed20260211,AgentSkip,VB-262,3,QueryTool,search,query_hits_reproducible,False,,,True,MISSING_EVENT,E1,False
VBrun_scale_microbench_300_2026-02-11T064352Z_seed20260211,AgentSkip,VB-262,4,CalcTool,sum,value_equals,True,CalcTool,sum,True,,E0,True
VBrun_scale_microbench_300_2026-02-11T064352Z_seed20260211,AgentSkip,VB-263,1,FileTool,write_csv,artifact_written_exists,True,FileTool,write_csv,True,,E0,True
VBrun_scale_microbench_300_2026-02-11T064352Z_seed20260211,AgentSkip,VB-263,2,FileTool,read_csv,read_after_write_dependency,True,FileTool,read_csv,True,,E0,True
VBrun_scale_microbench_300_2026-02-11T064352Z_seed20260211,AgentSkip,VB-263,3,QueryTool,search,query_hits_reproducible,False,,,True,MISSING_EVENT,E1,False
VBrun_scale_microbench_300_2026-02-11T064352Z_seed20260211,AgentSkip,VB-263,4,CalcTool,sum,value_equals,True,CalcTool,sum,True,,E0,True
VBrun_scale_microbench_300_2026-02-11T064352Z_seed20260211,AgentSkip,VB-263,5,CalcTool,sum,value_equals,True,CalcTool,sum,True,,E0,True
VBrun_scale_microbench_300_2026-02-11T064352Z_seed20260211,AgentSkip,VB-264,1,FileTool,write_csv,artifact_written_exists,True,FileTool,write_csv,True,,E0,True
VBrun_scale_microbench_300_2026-02-11T064352Z_seed20260211,AgentSkip,VB-264,2,FileTool,read_csv,read_after_write_dependency,True,FileTool,read_csv,True,,E0,True
VBrun_scale_microbench_300_2026-02-11T064352Z_seed20260211,AgentSkip,VB-264,3,QueryTool,search,query_hits_reproducible,False,,,True,MISSING_EVENT,E1,False
VBrun_scale_microbench_300_2026-02-11T064352Z_seed20260211,AgentSkip,VB-264,4,CalcTool,sum,value_equals,True,CalcTool,sum,True,,E0,True
VBrun_scale_microbench_300_2026-02-11T064352Z_seed20260211,AgentSkip,VB-264,5,CalcTool,sum,value_equals,True,CalcTool,sum,True,,E0,True
VBrun_scale_microbench_300_2026-02-11T064352Z_seed20260211,AgentSkip,VB-264,6,QueryTool,search,query_hits_reproducible,False,,,True,MISSING_EVENT,E1,False
VBrun_scale_microbench_300_2026-02-11T064352Z_seed20260211,AgentSkip,VB-265,1,FileTool,write_csv,artifact_written_exists,True,FileTool,write_csv,True,,E0,True
VBrun_scale_microbench_300_2026-02-11T064352Z_seed20260211,AgentSkip,VB-265,2,FileTool,read_csv,read_after_write_dependency,True,FileTool,read_csv,True,,E0,True
VBrun_scale_microbench_300_2026-02-11T064352Z_seed20260211,AgentSkip,VB-265,3,QueryTool,search,query_hits_reproducible,False,,,True,MISSING_EVENT,E1,False
VBrun_scale_microbench_300_2026-02-11T064352Z_seed20260211,AgentSkip,VB-265,4,CalcTool,sum,value_equals,True,CalcTool,sum,True,,E0,True
VBrun_scale_microbench_300_2026-02-11T064352Z_seed20260211,AgentSkip,VB-265,5,CalcTool,sum,value_equals,True,CalcTool,sum,True,,E0,True
VBrun_scale_microbench_300_2026-02-11T064352Z_seed20260211,AgentSkip,VB-265,6,QueryTool,search,query_hits_reproducible,False,,,True,MISSING_EVENT,E1,False
VBrun_scale_microbench_300_2026-02-11T064352Z_seed20260211,AgentSkip,VB-265,7,CalcTool,sum,value_equals,True,CalcTool,sum,True,,E0,True
VBrun_scale_microbench_300_2026-02-11T064352Z_seed20260211,AgentSkip,VB-266,1,FileTool,write_csv,artifact_written_exists,True,FileTool,write_csv,True,,E0,True
VBrun_scale_microbench_300_2026-02-11T064352Z_seed20260211,AgentSkip,VB-266,2,FileTool,read_csv,read_after_write_dependency,True,FileTool,read_csv,True,,E0,True
VBrun_scale_microbench_300_2026-02-11T064352Z_seed20260211,AgentSkip,VB-266,3,QueryTool,search,query_hits_reproducible,False,,,True,MISSING_EVENT,E1,False
VBrun_scale_microbench_300_2026-02-11T064352Z_seed20260211,AgentSkip,VB-266,4,CalcTool,sum,value_equals,True,CalcTool,sum,True,,E0,True
VBrun_scale_microbench_300_2026-02-11T064352Z_seed20260211,AgentSkip,VB-266,5,CalcTool,sum,value_equals,True,CalcTool,sum,True,,E0,True
VBrun_scale_microbench_300_2026-02-11T064352Z_seed20260211,AgentSkip,VB-266,6,QueryTool,search,query_hits_reproducible,False,,,True,MISSING_EVENT,E1,False
VBrun_scale_microbench_300_2026-02-11T064352Z_seed20260211,AgentSkip,VB-266,7,CalcTool,sum,value_equals,True,CalcTool,sum,True,,E0,True
VBrun_scale_microbench_300_2026-02-11T064352Z_seed20260211,AgentSkip,VB-266,8,CalcTool,sum,value_equals,True,CalcTool,sum,True,,E0,True
VBrun_scale_microbench_300_2026-02-11T064352Z_seed20260211,AgentSkip,VB-267,1,FileTool,write_csv,artifact_written_exists,True,FileTool,write_csv,True,,E0,True
VBrun_scale_microbench_300_2026-02-11T064352Z_seed20260211,AgentSkip,VB-267,2,FileTool,read_csv,read_after_write_dependency,True,FileTool,read_csv,True,,E0,True
VBrun_scale_microbench_300_2026-02-11T064352Z_seed20260211,AgentSkip,VB-268,1,FileTool,write_csv,artifact_written_exists,True,FileTool,write_csv,True,,E0,True
VBrun_scale_microbench_300_2026-02-11T064352Z_seed20260211,AgentSkip,VB-268,2,FileTool,read_csv,read_after_write_dependency,True,FileTool,read_csv,True,,E0,True
VBrun_scale_microbench_300_2026-02-11T064352Z_seed20260211,AgentSkip,VB-268,3,QueryTool,search,query_hits_reproducible,False,,,True,MISSING_EVENT,E1,False
VBrun_scale_microbench_300_2026-02-11T064352Z_seed20260211,AgentSkip,VB-269,1,FileTool,write_csv,artifact_written_exists,True,FileTool,write_csv,True,,E0,True
VBrun_scale_microbench_300_2026-02-11T064352Z_seed20260211,AgentSkip,VB-269,2,FileTool,read_csv,read_after_write_dependency,True,FileTool,read_csv,True,,E0,True
VBrun_scale_microbench_300_2026-02-11T064352Z_seed20260211,AgentSkip,VB-269,3,QueryTool,search,query_hits_reproducible,False,,,True,MISSING_EVENT,E1,False
VBrun_scale_microbench_300_2026-02-11T064352Z_seed20260211,AgentSkip,VB-269,4,CalcTool,sum,value_equals,True,CalcTool,sum,True,,E0,True
VBrun_scale_microbench_300_2026-02-11T064352Z_seed20260211,AgentSkip,VB-270,1,FileTool,write_csv,artifact_written_exists,True,FileTool,write_csv,True,,E0,True
VBrun_scale_microbench_300_2026-02-11T064352Z_seed20260211,AgentSkip,VB-270,2,FileTool,read_csv,read_after_write_dependency,True,FileTool,read_csv,True,,E0,True
VBrun_scale_microbench_300_2026-02-11T064352Z_seed20260211,AgentSkip,VB-270,3,QueryTool,search,query_hits_reproducible,False,,,True,MISSING_EVENT,E1,False
VBrun_scale_microbench_300_2026-02-11T064352Z_seed20260211,AgentSkip,VB-270,4,CalcTool,sum,value_equals,True,CalcTool,sum,True,,E0,True
VBrun_scale_microbench_300_2026-02-11T064352Z_seed20260211,AgentSkip,VB-270,5,CalcTool,sum,value_equals,True,CalcTool,sum,True,,E0,True
VBrun_scale_microbench_300_2026-02-11T064352Z_seed20260211,AgentSkip,VB-271,1,FileTool,write_csv,artifact_written_exists,True,FileTool,write_csv,True,,E0,True
VBrun_scale_microbench_300_2026-02-11T064352Z_seed20260211,AgentSkip,VB-271,2,FileTool,read_csv,read_after_write_dependency,True,FileTool,read_csv,True,,E0,True
VBrun_scale_microbench_300_2026-02-11T064352Z_seed20260211,AgentSkip,VB-271,3,QueryTool,search,query_hits_reproducible,False,,,True,MISSING_EVENT,E1,False
VBrun_scale_microbench_300_2026-02-11T064352Z_seed20260211,AgentSkip,VB-271,4,CalcTool,sum,value_equals,True,CalcTool,sum,True,,E0,True
VBrun_scale_microbench_300_2026-02-11T064352Z_seed20260211,AgentSkip,VB-271,5,CalcTool,sum,value_equals,True,CalcTool,sum,True,,E0,True
VBrun_scale_microbench_300_2026-02-11T064352Z_seed20260211,AgentSkip,VB-271,6,QueryTool,search,query_hits_reproducible,False,,,True,MISSING_EVENT,E1,False
VBrun_scale_microbench_300_2026-02-11T064352Z_seed20260211,AgentSkip,VB-272,1,FileTool,write_csv,artifact_written_exists,True,FileTool,write_csv,True,,E0,True
VBrun_scale_microbench_300_2026-02-11T064352Z_seed20260211,AgentSkip,VB-272,2,FileTool,read_csv,read_after_write_dependency,True,FileTool,read_csv,True,,E0,True
VBrun_scale_microbench_300_2026-02-11T064352Z_seed20260211,AgentSkip,VB-272,3,QueryTool,search,query_hits_reproducible,False,,,True,MISSING_EVENT,E1,False
VBrun_scale_microbench_300_2026-02-11T064352Z_seed20260211,AgentSkip,VB-272,4,CalcTool,sum,value_equals,True,CalcTool,sum,True,,E0,True
VBrun_scale_microbench_300_2026-02-11T064352Z_seed20260211,AgentSkip,VB-272,5,CalcTool,sum,value_equals,True,CalcTool,sum,True,,E0,True
VBrun_scale_microbench_300_2026-02-11T064352Z_seed20260211,AgentSkip,VB-272,6,QueryTool,search,query_hits_reproducible,False,,,True,MISSING_EVENT,E1,False
VBrun_scale_microbench_300_2026-02-11T064352Z_seed20260211,AgentSkip,VB-272,7,CalcTool,sum,value_equals,True,CalcTool,sum,True,,E0,True
VBrun_scale_microbench_300_2026-02-11T064352Z_seed20260211,AgentSkip,VB-273,1,FileTool,write_csv,artifact_written_exists,True,FileTool,write_csv,True,,E0,True
VBrun_scale_microbench_300_2026-02-11T064352Z_seed20260211,AgentSkip,VB-273,2,FileTool,read_csv,read_after_write_dependency,True,FileTool,read_csv,True,,E0,True
VBrun_scale_microbench_300_2026-02-11T064352Z_seed20260211,AgentSkip,VB-273,3,QueryTool,search,query_hits_reproducible,False,,,True,MISSING_EVENT,E1,False
VBrun_scale_microbench_300_2026-02-11T064352Z_seed20260211,AgentSkip,VB-273,4,CalcTool,sum,value_equals,True,CalcTool,sum,True,,E0,True
VBrun_scale_microbench_300_2026-02-11T064352Z_seed20260211,AgentSkip,VB-273,5,CalcTool,sum,value_equals,True,CalcTool,sum,True,,E0,True
VBrun_scale_microbench_300_2026-02-11T064352Z_seed20260211,AgentSkip,VB-273,6,QueryTool,search,query_hits_reproducible,False,,,True,MISSING_EVENT,E1,False
VBrun_scale_microbench_300_2026-02-11T064352Z_seed20260211,AgentSkip,VB-273,7,CalcTool,sum,value_equals,True,CalcTool,sum,True,,E0,True
VBrun_scale_microbench_300_2026-02-11T064352Z_seed20260211,AgentSkip,VB-273,8,CalcTool,sum,value_equals,True,CalcTool,sum,True,,E0,True
VBrun_scale_microbench_300_2026-02-11T064352Z_seed20260211,AgentSkip,VB-274,1,FileTool,write_csv,artifact_written_exists,True,FileTool,write_csv,True,,E0,True
VBrun_scale_microbench_300_2026-02-11T064352Z_seed20260211,AgentSkip,VB-274,2,FileTool,read_csv,read_after_write_dependency,True,FileTool,read_csv,True,,E0,True
VBrun_scale_microbench_300_2026-02-11T064352Z_seed20260211,AgentSkip,VB-275,1,FileTool,write_csv,artifact_written_exists,True,FileTool,write_csv,True,,E0,True
VBrun_scale_microbench_300_2026-02-11T064352Z_seed20260211,AgentSkip,VB-275,2,FileTool,read_csv,read_after_write_dependency,True,FileTool,read_csv,True,,E0,True
VBrun_scale_microbench_300_2026-02-11T064352Z_seed20260211,AgentSkip,VB-275,3,QueryTool,search,query_hits_reproducible,False,,,True,MISSING_EVENT,E1,False
VBrun_scale_microbench_300_2026-02-11T064352Z_seed20260211,AgentSkip,VB-276,1,FileTool,write_csv,artifact_written_exists,True,FileTool,write_csv,True,,E0,True
VBrun_scale_microbench_300_2026-02-11T064352Z_seed20260211,AgentSkip,VB-276,2,FileTool,read_csv,read_after_write_dependency,True,FileTool,read_csv,True,,E0,True
VBrun_scale_microbench_300_2026-02-11T064352Z_seed20260211,AgentSkip,VB-276,3,QueryTool,search,query_hits_reproducible,False,,,True,MISSING_EVENT,E1,False
VBrun_scale_microbench_300_2026-02-11T064352Z_seed20260211,AgentSkip,VB-276,4,CalcTool,sum,value_equals,True,CalcTool,sum,True,,E0,True
VBrun_scale_microbench_300_2026-02-11T064352Z_seed20260211,AgentSkip,VB-277,1,FileTool,write_csv,artifact_written_exists,True,FileTool,write_csv,True,,E0,True
VBrun_scale_microbench_300_2026-02-11T064352Z_seed20260211,AgentSkip,VB-277,2,FileTool,read_csv,read_after_write_dependency,True,FileTool,read_csv,True,,E0,True
VBrun_scale_microbench_300_2026-02-11T064352Z_seed20260211,AgentSkip,VB-277,3,QueryTool,search,query_hits_reproducible,False,,,True,MISSING_EVENT,E1,False
VBrun_scale_microbench_300_2026-02-11T064352Z_seed20260211,AgentSkip,VB-277,4,CalcTool,sum,value_equals,True,CalcTool,sum,True,,E0,True
VBrun_scale_microbench_300_2026-02-11T064352Z_seed20260211,AgentSkip,VB-277,5,CalcTool,sum,value_equals,True,CalcTool,sum,True,,E0,True
VBrun_scale_microbench_300_2026-02-11T064352Z_seed20260211,AgentSkip,VB-278,1,FileTool,write_csv,artifact_written_exists,True,FileTool,write_csv,True,,E0,True
VBrun_scale_microbench_300_2026-02-11T064352Z_seed20260211,AgentSkip,VB-278,2,FileTool,read_csv,read_after_write_dependency,True,FileTool,read_csv,True,,E0,True
VBrun_scale_microbench_300_2026-02-11T064352Z_seed20260211,AgentSkip,VB-278,3,QueryTool,search,query_hits_reproducible,False,,,True,MISSING_EVENT,E1,False
VBrun_scale_microbench_300_2026-02-11T064352Z_seed20260211,AgentSkip,VB-278,4,CalcTool,sum,value_equals,True,CalcTool,sum,True,,E0,True
VBrun_scale_microbench_300_2026-02-11T064352Z_seed20260211,AgentSkip,VB-278,5,CalcTool,sum,value_equals,True,CalcTool,sum,True,,E0,True
VBrun_scale_microbench_300_2026-02-11T064352Z_seed20260211,AgentSkip,VB-278,6,QueryTool,search,query_hits_reproducible,False,,,True,MISSING_EVENT,E1,False
VBrun_scale_microbench_300_2026-02-11T064352Z_seed20260211,AgentSkip,VB-279,1,FileTool,write_csv,artifact_written_exists,True,FileTool,write_csv,True,,E0,True
VBrun_scale_microbench_300_2026-02-11T064352Z_seed20260211,AgentSkip,VB-279,2,FileTool,read_csv,read_after_write_dependency,True,FileTool,read_csv,True,,E0,True
VBrun_scale_microbench_300_2026-02-11T064352Z_seed20260211,AgentSkip,VB-279,3,QueryTool,search,query_hits_reproducible,False,,,True,MISSING_EVENT,E1,False
VBrun_scale_microbench_300_2026-02-11T064352Z_seed20260211,AgentSkip,VB-279,4,CalcTool,sum,value_equals,True,CalcTool,sum,True,,E0,True
VBrun_scale_microbench_300_2026-02-11T064352Z_seed20260211,AgentSkip,VB-279,5,CalcTool,sum,value_equals,True,CalcTool,sum,True,,E0,True
VBrun_scale_microbench_300_2026-02-11T064352Z_seed20260211,AgentSkip,VB-279,6,QueryTool,search,query_hits_reproducible,False,,,True,MISSING_EVENT,E1,False
VBrun_scale_microbench_300_2026-02-11T064352Z_seed20260211,AgentSkip,VB-279,7,CalcTool,sum,value_equals,True,CalcTool,sum,True,,E0,True
VBrun_scale_microbench_300_2026-02-11T064352Z_seed20260211,AgentSkip,VB-280,1,FileTool,write_csv,artifact_written_exists,True,FileTool,write_csv,True,,E0,True
VBrun_scale_microbench_300_2026-02-11T064352Z_seed20260211,AgentSkip,VB-280,2,FileTool,read_csv,read_after_write_dependency,True,FileTool,read_csv,True,,E0,True
VBrun_scale_microbench_300_2026-02-11T064352Z_seed20260211,AgentSkip,VB-280,3,QueryTool,search,query_hits_reproducible,False,,,True,MISSING_EVENT,E1,False
VBrun_scale_microbench_300_2026-02-11T064352Z_seed20260211,AgentSkip,VB-280,4,CalcTool,sum,value_equals,True,CalcTool,sum,True,,E0,True
VBrun_scale_microbench_300_2026-02-11T064352Z_seed20260211,AgentSkip,VB-280,5,CalcTool,sum,value_equals,True,CalcTool,sum,True,,E0,True
VBrun_scale_microbench_300_2026-02-11T064352Z_seed20260211,AgentSkip,VB-280,6,QueryTool,search,query_hits_reproducible,False,,,True,MISSING_EVENT,E1,False
VBrun_scale_microbench_300_2026-02-11T064352Z_seed20260211,AgentSkip,VB-280,7,CalcTool,sum,value_equals,True,CalcTool,sum,True,,E0,True
VBrun_scale_microbench_300_2026-02-11T064352Z_seed20260211,AgentSkip,VB-280,8,CalcTool,sum,value_equals,True,CalcTool,sum,True,,E0,True
VBrun_scale_microbench_300_2026-02-11T064352Z_seed20260211,AgentSkip,VB-281,1,FileTool,write_csv,artifact_written_exists,True,FileTool,write_csv,True,,E0,True
VBrun_scale_microbench_300_2026-02-11T064352Z_seed20260211,AgentSkip,VB-281,2,FileTool,read_csv,read_after_write_dependency,True,FileTool,read_csv,True,,E0,True
VBrun_scale_microbench_300_2026-02-11T064352Z_seed20260211,AgentSkip,VB-282,1,FileTool,write_csv,artifact_written_exists,True,FileTool,write_csv,True,,E0,True
VBrun_scale_microbench_300_2026-02-11T064352Z_seed20260211,AgentSkip,VB-282,2,FileTool,read_csv,read_after_write_dependency,True,FileTool,read_csv,True,,E0,True
VBrun_scale_microbench_300_2026-02-11T064352Z_seed20260211,AgentSkip,VB-282,3,QueryTool,search,query_hits_reproducible,False,,,True,MISSING_EVENT,E1,False
VBrun_scale_microbench_300_2026-02-11T064352Z_seed20260211,AgentSkip,VB-283,1,FileTool,write_csv,artifact_written_exists,True,FileTool,write_csv,True,,E0,True
VBrun_scale_microbench_300_2026-02-11T064352Z_seed20260211,AgentSkip,VB-283,2,FileTool,read_csv,read_after_write_dependency,True,FileTool,read_csv,True,,E0,True
VBrun_scale_microbench_300_2026-02-11T064352Z_seed20260211,AgentSkip,VB-283,3,QueryTool,search,query_hits_reproducible,False,,,True,MISSING_EVENT,E1,False
VBrun_scale_microbench_300_2026-02-11T064352Z_seed20260211,AgentSkip,VB-283,4,CalcTool,sum,value_equals,True,CalcTool,sum,True,,E0,True
VBrun_scale_microbench_300_2026-02-11T064352Z_seed20260211,AgentSkip,VB-284,1,FileTool,write_csv,artifact_written_exists,True,FileTool,write_csv,True,,E0,True
VBrun_scale_microbench_300_2026-02-11T064352Z_seed20260211,AgentSkip,VB-284,2,FileTool,read_csv,read_after_write_dependency,True,FileTool,read_csv,True,,E0,True
VBrun_scale_microbench_300_2026-02-11T064352Z_seed20260211,AgentSkip,VB-284,3,QueryTool,search,query_hits_reproducible,False,,,True,MISSING_EVENT,E1,False
VBrun_scale_microbench_300_2026-02-11T064352Z_seed20260211,AgentSkip,VB-284,4,CalcTool,sum,value_equals,True,CalcTool,sum,True,,E0,True
VBrun_scale_microbench_300_2026-02-11T064352Z_seed20260211,AgentSkip,VB-284,5,CalcTool,sum,value_equals,True,CalcTool,sum,True,,E0,True
VBrun_scale_microbench_300_2026-02-11T064352Z_seed20260211,AgentSkip,VB-285,1,FileTool,write_csv,artifact_written_exists,True,FileTool,write_csv,True,,E0,True
VBrun_scale_microbench_300_2026-02-11T064352Z_seed20260211,AgentSkip,VB-285,2,FileTool,read_csv,read_after_write_dependency,True,FileTool,read_csv,True,,E0,True
VBrun_scale_microbench_300_2026-02-11T064352Z_seed20260211,AgentSkip,VB-285,3,QueryTool,search,query_hits_reproducible,False,,,True,MISSING_EVENT,E1,False
VBrun_scale_microbench_300_2026-02-11T064352Z_seed20260211,AgentSkip,VB-285,4,CalcTool,sum,value_equals,True,CalcTool,sum,True,,E0,True
VBrun_scale_microbench_300_2026-02-11T064352Z_seed20260211,AgentSkip,VB-285,5,CalcTool,sum,value_equals,True,CalcTool,sum,True,,E0,True
VBrun_scale_microbench_300_2026-02-11T064352Z_seed20260211,AgentSkip,VB-285,6,QueryTool,search,query_hits_reproducible,False,,,True,MISSING_EVENT,E1,False
VBrun_scale_microbench_300_2026-02-11T064352Z_seed20260211,AgentSkip,VB-286,1,FileTool,write_csv,artifact_written_exists,True,FileTool,write_csv,True,,E0,True
VBrun_scale_microbench_300_2026-02-11T064352Z_seed20260211,AgentSkip,VB-286,2,FileTool,read_csv,read_after_write_dependency,True,FileTool,read_csv,True,,E0,True
VBrun_scale_microbench_300_2026-02-11T064352Z_seed20260211,AgentSkip,VB-286,3,QueryTool,search,query_hits_reproducible,False,,,True,MISSING_EVENT,E1,False
VBrun_scale_microbench_300_2026-02-11T064352Z_seed20260211,AgentSkip,VB-286,4,CalcTool,sum,value_equals,True,CalcTool,sum,True,,E0,True
VBrun_scale_microbench_300_2026-02-11T064352Z_seed20260211,AgentSkip,VB-286,5,CalcTool,sum,value_equals,True,CalcTool,sum,True,,E0,True
VBrun_scale_microbench_300_2026-02-11T064352Z_seed20260211,AgentSkip,VB-286,6,QueryTool,search,query_hits_reproducible,False,,,True,MISSING_EVENT,E1,False
VBrun_scale_microbench_300_2026-02-11T064352Z_seed20260211,AgentSkip,VB-286,7,CalcTool,sum,value_equals,True,CalcTool,sum,True,,E0,True
VBrun_scale_microbench_300_2026-02-11T064352Z_seed20260211,AgentSkip,VB-287,1,FileTool,write_csv,artifact_written_exists,True,FileTool,write_csv,True,,E0,True
VBrun_scale_microbench_300_2026-02-11T064352Z_seed20260211,AgentSkip,VB-287,2,FileTool,read_csv,read_after_write_dependency,True,FileTool,read_csv,True,,E0,True
VBrun_scale_microbench_300_2026-02-11T064352Z_seed20260211,AgentSkip,VB-287,3,QueryTool,search,query_hits_reproducible,False,,,True,MISSING_EVENT,E1,False
VBrun_scale_microbench_300_2026-02-11T064352Z_seed20260211,AgentSkip,VB-287,4,CalcTool,sum,value_equals,True,CalcTool,sum,True,,E0,True
VBrun_scale_microbench_300_2026-02-11T064352Z_seed20260211,AgentSkip,VB-287,5,CalcTool,sum,value_equals,True,CalcTool,sum,True,,E0,True
VBrun_scale_microbench_300_2026-02-11T064352Z_seed20260211,AgentSkip,VB-287,6,QueryTool,search,query_hits_reproducible,False,,,True,MISSING_EVENT,E1,False
VBrun_scale_microbench_300_2026-02-11T064352Z_seed20260211,AgentSkip,VB-287,7,CalcTool,sum,value_equals,True,CalcTool,sum,True,,E0,True
VBrun_scale_microbench_300_2026-02-11T064352Z_seed20260211,AgentSkip,VB-287,8,CalcTool,sum,value_equals,True,CalcTool,sum,True,,E0,True
VBrun_scale_microbench_300_2026-02-11T064352Z_seed20260211,AgentSkip,VB-288,1,FileTool,write_csv,artifact_written_exists,True,FileTool,write_csv,True,,E0,True
VBrun_scale_microbench_300_2026-02-11T064352Z_seed20260211,AgentSkip,VB-288,2,FileTool,read_csv,read_after_write_dependency,True,FileTool,read_csv,True,,E0,True
VBrun_scale_microbench_300_2026-02-11T064352Z_seed20260211,AgentSkip,VB-289,1,FileTool,write_csv,artifact_written_exists,True,FileTool,write_csv,True,,E0,True
VBrun_scale_microbench_300_2026-02-11T064352Z_seed20260211,AgentSkip,VB-289,2,FileTool,read_csv,read_after_write_dependency,True,FileTool,read_csv,True,,E0,True
VBrun_scale_microbench_300_2026-02-11T064352Z_seed20260211,AgentSkip,VB-289,3,QueryTool,search,query_hits_reproducible,False,,,True,MISSING_EVENT,E1,False
VBrun_scale_microbench_300_2026-02-11T064352Z_seed20260211,AgentSkip,VB-290,1,FileTool,write_csv,artifact_written_exists,True,FileTool,write_csv,True,,E0,True
VBrun_scale_microbench_300_2026-02-11T064352Z_seed20260211,AgentSkip,VB-290,2,FileTool,read_csv,read_after_write_dependency,True,FileTool,read_csv,True,,E0,True
VBrun_scale_microbench_300_2026-02-11T064352Z_seed20260211,AgentSkip,VB-290,3,QueryTool,search,query_hits_reproducible,False,,,True,MISSING_EVENT,E1,False
VBrun_scale_microbench_300_2026-02-11T064352Z_seed20260211,AgentSkip,VB-290,4,CalcTool,sum,value_equals,True,CalcTool,sum,True,,E0,True
VBrun_scale_microbench_300_2026-02-11T064352Z_seed20260211,AgentSkip,VB-291,1,FileTool,write_csv,artifact_written_exists,True,FileTool,write_csv,True,,E0,True
VBrun_scale_microbench_300_2026-02-11T064352Z_seed20260211,AgentSkip,VB-291,2,FileTool,read_csv,read_after_write_dependency,True,FileTool,read_csv,True,,E0,True
VBrun_scale_microbench_300_2026-02-11T064352Z_seed20260211,AgentSkip,VB-291,3,QueryTool,search,query_hits_reproducible,False,,,True,MISSING_EVENT,E1,False
VBrun_scale_microbench_300_2026-02-11T064352Z_seed20260211,AgentSkip,VB-291,4,CalcTool,sum,value_equals,True,CalcTool,sum,True,,E0,True
VBrun_scale_microbench_300_2026-02-11T064352Z_seed20260211,AgentSkip,VB-291,5,CalcTool,sum,value_equals,True,CalcTool,sum,True,,E0,True
VBrun_scale_microbench_300_2026-02-11T064352Z_seed20260211,AgentSkip,VB-292,1,FileTool,write_csv,artifact_written_exists,True,FileTool,write_csv,True,,E0,True
VBrun_scale_microbench_300_2026-02-11T064352Z_seed20260211,AgentSkip,VB-292,2,FileTool,read_csv,read_after_write_dependency,True,FileTool,read_csv,True,,E0,True
VBrun_scale_microbench_300_2026-02-11T064352Z_seed20260211,AgentSkip,VB-292,3,QueryTool,search,query_hits_reproducible,False,,,True,MISSING_EVENT,E1,False
VBrun_scale_microbench_300_2026-02-11T064352Z_seed20260211,AgentSkip,VB-292,4,CalcTool,sum,value_equals,True,CalcTool,sum,True,,E0,True
VBrun_scale_microbench_300_2026-02-11T064352Z_seed20260211,AgentSkip,VB-292,5,CalcTool,sum,value_equals,True,CalcTool,sum,True,,E0,True
VBrun_scale_microbench_300_2026-02-11T064352Z_seed20260211,AgentSkip,VB-292,6,QueryTool,search,query_hits_reproducible,False,,,True,MISSING_EVENT,E1,False
VBrun_scale_microbench_300_2026-02-11T064352Z_seed20260211,AgentSkip,VB-293,1,FileTool,write_csv,artifact_written_exists,True,FileTool,write_csv,True,,E0,True
VBrun_scale_microbench_300_2026-02-11T064352Z_seed20260211,AgentSkip,VB-293,2,FileTool,read_csv,read_after_write_dependency,True,FileTool,read_csv,True,,E0,True
VBrun_scale_microbench_300_2026-02-11T064352Z_seed20260211,AgentSkip,VB-293,3,QueryTool,search,query_hits_reproducible,False,,,True,MISSING_EVENT,E1,False
VBrun_scale_microbench_300_2026-02-11T064352Z_seed20260211,AgentSkip,VB-293,4,CalcTool,sum,value_equals,True,CalcTool,sum,True,,E0,True
VBrun_scale_microbench_300_2026-02-11T064352Z_seed20260211,AgentSkip,VB-293,5,CalcTool,sum,value_equals,True,CalcTool,sum,True,,E0,True
VBrun_scale_microbench_300_2026-02-11T064352Z_seed20260211,AgentSkip,VB-293,6,QueryTool,search,query_hits_reproducible,False,,,True,MISSING_EVENT,E1,False
VBrun_scale_microbench_300_2026-02-11T064352Z_seed20260211,AgentSkip,VB-293,7,CalcTool,sum,value_equals,True,CalcTool,sum,True,,E0,True
VBrun_scale_microbench_300_2026-02-11T064352Z_seed20260211,AgentSkip,VB-294,1,FileTool,write_csv,artifact_written_exists,True,FileTool,write_csv,True,,E0,True
VBrun_scale_microbench_300_2026-02-11T064352Z_seed20260211,AgentSkip,VB-294,2,FileTool,read_csv,read_after_write_dependency,True,FileTool,read_csv,True,,E0,True
VBrun_scale_microbench_300_2026-02-11T064352Z_seed20260211,AgentSkip,VB-294,3,QueryTool,search,query_hits_reproducible,False,,,True,MISSING_EVENT,E1,False
VBrun_scale_microbench_300_2026-02-11T064352Z_seed20260211,AgentSkip,VB-294,4,CalcTool,sum,value_equals,True,CalcTool,sum,True,,E0,True
VBrun_scale_microbench_300_2026-02-11T064352Z_seed20260211,AgentSkip,VB-294,5,CalcTool,sum,value_equals,True,CalcTool,sum,True,,E0,True
VBrun_scale_microbench_300_2026-02-11T064352Z_seed20260211,AgentSkip,VB-294,6,QueryTool,search,query_hits_reproducible,False,,,True,MISSING_EVENT,E1,False
VBrun_scale_microbench_300_2026-02-11T064352Z_seed20260211,AgentSkip,VB-294,7,CalcTool,sum,value_equals,True,CalcTool,sum,True,,E0,True
VBrun_scale_microbench_300_2026-02-11T064352Z_seed20260211,AgentSkip,VB-294,8,CalcTool,sum,value_equals,True,CalcTool,sum,True,,E0,True
VBrun_scale_microbench_300_2026-02-11T064352Z_seed20260211,AgentSkip,VB-295,1,FileTool,write_csv,artifact_written_exists,True,FileTool,write_csv,True,,E0,True
VBrun_scale_microbench_300_2026-02-11T064352Z_seed20260211,AgentSkip,VB-295,2,FileTool,read_csv,read_after_write_dependency,True,FileTool,read_csv,True,,E0,True
VBrun_scale_microbench_300_2026-02-11T064352Z_seed20260211,AgentSkip,VB-296,1,FileTool,write_csv,artifact_written_exists,True,FileTool,write_csv,True,,E0,True
VBrun_scale_microbench_300_2026-02-11T064352Z_seed20260211,AgentSkip,VB-296,2,FileTool,read_csv,read_after_write_dependency,True,FileTool,read_csv,True,,E0,True
VBrun_scale_microbench_300_2026-02-11T064352Z_seed20260211,AgentSkip,VB-296,3,QueryTool,search,query_hits_reproducible,False,,,True,MISSING_EVENT,E1,False
VBrun_scale_microbench_300_2026-02-11T064352Z_seed20260211,AgentSkip,VB-297,1,FileTool,write_csv,artifact_written_exists,True,FileTool,write_csv,True,,E0,True
VBrun_scale_microbench_300_2026-02-11T064352Z_seed20260211,AgentSkip,VB-297,2,FileTool,read_csv,read_after_write_dependency,True,FileTool,read_csv,True,,E0,True
VBrun_scale_microbench_300_2026-02-11T064352Z_seed20260211,AgentSkip,VB-297,3,QueryTool,search,query_hits_reproducible,False,,,True,MISSING_EVENT,E1,False
VBrun_scale_microbench_300_2026-02-11T064352Z_seed20260211,AgentSkip,VB-297,4,CalcTool,sum,value_equals,True,CalcTool,sum,True,,E0,True
VBrun_scale_microbench_300_2026-02-11T064352Z_seed20260211,AgentSkip,VB-298,1,FileTool,write_csv,artifact_written_exists,True,FileTool,write_csv,True,,E0,True
VBrun_scale_microbench_300_2026-02-11T064352Z_seed20260211,AgentSkip,VB-298,2,FileTool,read_csv,read_after_write_dependency,True,FileTool,read_csv,True,,E0,True
VBrun_scale_microbench_300_2026-02-11T064352Z_seed20260211,AgentSkip,VB-298,3,QueryTool,search,query_hits_reproducible,False,,,True,MISSING_EVENT,E1,False
VBrun_scale_microbench_300_2026-02-11T064352Z_seed20260211,AgentSkip,VB-298,4,CalcTool,sum,value_equals,True,CalcTool,sum,True,,E0,True
VBrun_scale_microbench_300_2026-02-11T064352Z_seed20260211,AgentSkip,VB-298,5,CalcTool,sum,value_equals,True,CalcTool,sum,True,,E0,True
VBrun_scale_microbench_300_2026-02-11T064352Z_seed20260211,AgentSkip,VB-299,1,FileTool,write_csv,artifact_written_exists,True,FileTool,write_csv,True,,E0,True
VBrun_scale_microbench_300_2026-02-11T064352Z_seed20260211,AgentSkip,VB-299,2,FileTool,read_csv,read_after_write_dependency,True,FileTool,read_csv,True,,E0,True
VBrun_scale_microbench_300_2026-02-11T064352Z_seed20260211,AgentSkip,VB-299,3,QueryTool,search,query_hits_reproducible,False,,,True,MISSING_EVENT,E1,False
VBrun_scale_microbench_300_2026-02-11T064352Z_seed20260211,AgentSkip,VB-299,4,CalcTool,sum,value_equals,True,CalcTool,sum,True,,E0,True
VBrun_scale_microbench_300_2026-02-11T064352Z_seed20260211,AgentSkip,VB-299,5,CalcTool,sum,value_equals,True,CalcTool,sum,True,,E0,True
VBrun_scale_microbench_300_2026-02-11T064352Z_seed20260211,AgentSkip,VB-299,6,QueryTool,search,query_hits_reproducible,False,,,True,MISSING_EVENT,E1,False
VBrun_scale_microbench_300_2026-02-11T064352Z_seed20260211,AgentSkip,VB-300,1,FileTool,write_csv,artifact_written_exists,True,FileTool,write_csv,True,,E0,True
VBrun_scale_microbench_300_2026-02-11T064352Z_seed20260211,AgentSkip,VB-300,2,FileTool,read_csv,read_after_write_dependency,True,FileTool,read_csv,True,,E0,True
VBrun_scale_microbench_300_2026-02-11T064352Z_seed20260211,AgentSkip,VB-300,3,QueryTool,search,query_hits_reproducible,False,,,True,MISSING_EVENT,E1,False
VBrun_scale_microbench_300_2026-02-11T064352Z_seed20260211,AgentSkip,VB-300,4,CalcTool,sum,value_equals,True,CalcTool,sum,True,,E0,True
VBrun_scale_microbench_300_2026-02-11T064352Z_seed20260211,AgentSkip,VB-300,5,CalcTool,sum,value_equals,True,CalcTool,sum,True,,E0,True
VBrun_scale_microbench_300_2026-02-11T064352Z_seed20260211,AgentSkip,VB-300,6,QueryTool,search,query_hits_reproducible,False,,,True,MISSING_EVENT,E1,False
VBrun_scale_microbench_300_2026-02-11T064352Z_seed20260211,AgentSkip,VB-300,7,CalcTool,sum,value_equals,True,CalcTool,sum,True,,E0,True
VBrun_scale_microbench_300_2026-02-11T064352Z_seed20260211,AgentWrongTool,VB-001,1,FileTool,write_csv,artifact_written_exists,True,FileTool,write_csv,True,,E0,True
VBrun_scale_microbench_300_2026-02-11T064352Z_seed20260211,AgentWrongTool,VB-001,2,FileTool,read_csv,read_after_write_dependency,True,FileTool,read_csv,True,,E0,True
VBrun_scale_microbench_300_2026-02-11T064352Z_seed20260211,AgentWrongTool,VB-002,1,FileTool,write_csv,artifact_written_exists,True,FileTool,write_csv,True,,E0,True
VBrun_scale_microbench_300_2026-02-11T064352Z_seed20260211,AgentWrongTool,VB-002,2,FileTool,read_csv,read_after_write_dependency,True,FileTool,read_csv,True,,E0,True
VBrun_scale_microbench_300_2026-02-11T064352Z_seed20260211,AgentWrongTool,VB-002,3,QueryTool,search,query_hits_reproducible,True,QueryTool,search,True,,E0,True
VBrun_scale_microbench_300_2026-02-11T064352Z_seed20260211,AgentWrongTool,VB-003,1,FileTool,write_csv,artifact_written_exists,True,FileTool,write_csv,True,,E0,True
VBrun_scale_microbench_300_2026-02-11T064352Z_seed20260211,AgentWrongTool,VB-003,2,FileTool,read_csv,read_after_write_dependency,True,FileTool,read_csv,True,,E0,True
VBrun_scale_microbench_300_2026-02-11T064352Z_seed20260211,AgentWrongTool,VB-003,3,QueryTool,search,query_hits_reproducible,True,QueryTool,search,True,,E0,True
VBrun_scale_microbench_300_2026-02-11T064352Z_seed20260211,AgentWrongTool,VB-003,4,CalcTool,sum,value_equals,True,CalcTool,sum,True,,E0,True
VBrun_scale_microbench_300_2026-02-11T064352Z_seed20260211,AgentWrongTool,VB-004,1,FileTool,write_csv,artifact_written_exists,True,FileTool,write_csv,True,,E0,True
VBrun_scale_microbench_300_2026-02-11T064352Z_seed20260211,AgentWrongTool,VB-004,2,FileTool,read_csv,read_after_write_dependency,True,FileTool,read_csv,True,,E0,True
VBrun_scale_microbench_300_2026-02-11T064352Z_seed20260211,AgentWrongTool,VB-004,3,QueryTool,search,query_hits_reproducible,True,QueryTool,search,True,,E0,True
VBrun_scale_microbench_300_2026-02-11T064352Z_seed20260211,AgentWrongTool,VB-004,4,CalcTool,sum,value_equals,True,CalcTool,sum,True,,E0,True
VBrun_scale_microbench_300_2026-02-11T064352Z_seed20260211,AgentWrongTool,VB-004,5,CalcTool,sum,value_equals,True,CalcTool,sum,True,,E0,True
VBrun_scale_microbench_300_2026-02-11T064352Z_seed20260211,AgentWrongTool,VB-005,1,FileTool,write_csv,artifact_written_exists,True,FileTool,write_csv,True,,E0,True
VBrun_scale_microbench_300_2026-02-11T064352Z_seed20260211,AgentWrongTool,VB-005,2,FileTool,read_csv,read_after_write_dependency,True,FileTool,read_csv,True,,E0,True
VBrun_scale_microbench_300_2026-02-11T064352Z_seed20260211,AgentWrongTool,VB-005,3,QueryTool,search,query_hits_reproducible,True,QueryTool,search,True,,E0,True
VBrun_scale_microbench_300_2026-02-11T064352Z_seed20260211,AgentWrongTool,VB-005,4,CalcTool,sum,value_equals,True,CalcTool,sum,True,,E0,True
VBrun_scale_microbench_300_2026-02-11T064352Z_seed20260211,AgentWrongTool,VB-005,5,CalcTool,sum,value_equals,True,CalcTool,sum,True,,E0,True
VBrun_scale_microbench_300_2026-02-11T064352Z_seed20260211,AgentWrongTool,VB-005,6,QueryTool,search,query_hits_reproducible,True,QueryTool,search,True,,E0,True
VBrun_scale_microbench_300_2026-02-11T064352Z_seed20260211,AgentWrongTool,VB-006,1,FileTool,write_csv,artifact_written_exists,True,FileTool,write_csv,True,,E0,True
VBrun_scale_microbench_300_2026-02-11T064352Z_seed20260211,AgentWrongTool,VB-006,2,FileTool,read_csv,read_after_write_dependency,True,FileTool,read_csv,True,,E0,True
VBrun_scale_microbench_300_2026-02-11T064352Z_seed20260211,AgentWrongTool,VB-006,3,QueryTool,search,query_hits_reproducible,True,QueryTool,search,True,,E0,True
VBrun_scale_microbench_300_2026-02-11T064352Z_seed20260211,AgentWrongTool,VB-006,4,CalcTool,sum,value_equals,True,CalcTool,sum,True,,E0,True
VBrun_scale_microbench_300_2026-02-11T064352Z_seed20260211,AgentWrongTool,VB-006,5,CalcTool,sum,value_equals,True,CalcTool,sum,True,,E0,True
VBrun_scale_microbench_300_2026-02-11T064352Z_seed20260211,AgentWrongTool,VB-006,6,QueryTool,search,query_hits_reproducible,True,QueryTool,search,True,,E0,True
VBrun_scale_microbench_300_2026-02-11T064352Z_seed20260211,AgentWrongTool,VB-006,7,CalcTool,sum,value_equals,True,CalcTool,sum,True,,E0,True
VBrun_scale_microbench_300_2026-02-11T064352Z_seed20260211,AgentWrongTool,VB-007,1,FileTool,write_csv,artifact_written_exists,True,FileTool,write_csv,True,,E0,True
VBrun_scale_microbench_300_2026-02-11T064352Z_seed20260211,AgentWrongTool,VB-007,2,FileTool,read_csv,read_after_write_dependency,True,FileTool,read_csv,True,,E0,True
VBrun_scale_microbench_300_2026-02-11T064352Z_seed20260211,AgentWrongTool,VB-007,3,QueryTool,search,query_hits_reproducible,True,QueryTool,search,True,,E0,True
VBrun_scale_microbench_300_2026-02-11T064352Z_seed20260211,AgentWrongTool,VB-007,4,CalcTool,sum,value_equals,True,CalcTool,sum,True,,E0,True
VBrun_scale_microbench_300_2026-02-11T064352Z_seed20260211,AgentWrongTool,VB-007,5,CalcTool,sum,value_equals,True,CalcTool,sum,True,,E0,True
VBrun_scale_microbench_300_2026-02-11T064352Z_seed20260211,AgentWrongTool,VB-007,6,QueryTool,search,query_hits_reproducible,True,QueryTool,search,True,,E0,True
VBrun_scale_microbench_300_2026-02-11T064352Z_seed20260211,AgentWrongTool,VB-007,7,CalcTool,sum,value_equals,True,CalcTool,sum,True,,E0,True
VBrun_scale_microbench_300_2026-02-11T064352Z_seed20260211,AgentWrongTool,VB-007,8,CalcTool,sum,value_equals,True,CalcTool,sum,True,,E0,True
VBrun_scale_microbench_300_2026-02-11T064352Z_seed20260211,AgentWrongTool,VB-008,1,FileTool,write_csv,artifact_written_exists,True,FileTool,write_csv,True,,E0,True
VBrun_scale_microbench_300_2026-02-11T064352Z_seed20260211,AgentWrongTool,VB-008,2,FileTool,read_csv,read_after_write_dependency,True,FileTool,read_csv,True,,E0,True
VBrun_scale_microbench_300_2026-02-11T064352Z_seed20260211,AgentWrongTool,VB-009,1,FileTool,write_csv,artifact_written_exists,True,FileTool,write_csv,True,,E0,True
VBrun_scale_microbench_300_2026-02-11T064352Z_seed20260211,AgentWrongTool,VB-009,2,FileTool,read_csv,read_after_write_dependency,True,FileTool,read_csv,True,,E0,True
VBrun_scale_microbench_300_2026-02-11T064352Z_seed20260211,AgentWrongTool,VB-009,3,QueryTool,search,query_hits_reproducible,True,QueryTool,search,True,,E0,True
VBrun_scale_microbench_300_2026-02-11T064352Z_seed20260211,AgentWrongTool,VB-010,1,FileTool,write_csv,artifact_written_exists,True,FileTool,write_csv,True,,E0,True
VBrun_scale_microbench_300_2026-02-11T064352Z_seed20260211,AgentWrongTool,VB-010,2,FileTool,read_csv,read_after_write_dependency,True,FileTool,read_csv,True,,E0,True
VBrun_scale_microbench_300_2026-02-11T064352Z_seed20260211,AgentWrongTool,VB-010,3,QueryTool,search,query_hits_reproducible,True,QueryTool,search,True,,E0,True
VBrun_scale_microbench_300_2026-02-11T064352Z_seed20260211,AgentWrongTool,VB-010,4,CalcTool,sum,value_equals,True,CalcTool,sum,True,,E0,True
VBrun_scale_microbench_300_2026-02-11T064352Z_seed20260211,AgentWrongTool,VB-011,1,FileTool,write_csv,artifact_written_exists,True,FileTool,write_csv,True,,E0,True
VBrun_scale_microbench_300_2026-02-11T064352Z_seed20260211,AgentWrongTool,VB-011,2,FileTool,read_csv,read_after_write_dependency,True,FileTool,read_csv,True,,E0,True
VBrun_scale_microbench_300_2026-02-11T064352Z_seed20260211,AgentWrongTool,VB-011,3,QueryTool,search,query_hits_reproducible,True,QueryTool,search,True,,E0,True
VBrun_scale_microbench_300_2026-02-11T064352Z_seed20260211,AgentWrongTool,VB-011,4,CalcTool,sum,value_equals,True,CalcTool,sum,True,,E0,True
VBrun_scale_microbench_300_2026-02-11T064352Z_seed20260211,AgentWrongTool,VB-011,5,CalcTool,sum,value_equals,True,CalcTool,sum,True,,E0,True
VBrun_scale_microbench_300_2026-02-11T064352Z_seed20260211,AgentWrongTool,VB-012,1,FileTool,write_csv,artifact_written_exists,True,FileTool,write_csv,True,,E0,True
VBrun_scale_microbench_300_2026-02-11T064352Z_seed20260211,AgentWrongTool,VB-012,2,FileTool,read_csv,read_after_write_dependency,True,FileTool,read_csv,True,,E0,True
VBrun_scale_microbench_300_2026-02-11T064352Z_seed20260211,AgentWrongTool,VB-012,3,QueryTool,search,query_hits_reproducible,True,QueryTool,search,True,,E0,True
VBrun_scale_microbench_300_2026-02-11T064352Z_seed20260211,AgentWrongTool,VB-012,4,CalcTool,sum,value_equals,True,CalcTool,sum,True,,E0,True
VBrun_scale_microbench_300_2026-02-11T064352Z_seed20260211,AgentWrongTool,VB-012,5,CalcTool,sum,value_equals,True,CalcTool,sum,True,,E0,True
VBrun_scale_microbench_300_2026-02-11T064352Z_seed20260211,AgentWrongTool,VB-012,6,QueryTool,search,query_hits_reproducible,True,QueryTool,search,True,,E0,True
VBrun_scale_microbench_300_2026-02-11T064352Z_seed20260211,AgentWrongTool,VB-013,1,FileTool,write_csv,artifact_written_exists,True,FileTool,write_csv,True,,E0,True
VBrun_scale_microbench_300_2026-02-11T064352Z_seed20260211,AgentWrongTool,VB-013,2,FileTool,read_csv,read_after_write_dependency,True,FileTool,read_csv,True,,E0,True
VBrun_scale_microbench_300_2026-02-11T064352Z_seed20260211,AgentWrongTool,VB-013,3,QueryTool,search,query_hits_reproducible,True,QueryTool,search,True,,E0,True
VBrun_scale_microbench_300_2026-02-11T064352Z_seed20260211,AgentWrongTool,VB-013,4,CalcTool,sum,value_equals,True,CalcTool,sum,True,,E0,True
VBrun_scale_microbench_300_2026-02-11T064352Z_seed20260211,AgentWrongTool,VB-013,5,CalcTool,sum,value_equals,True,CalcTool,sum,True,,E0,True
VBrun_scale_microbench_300_2026-02-11T064352Z_seed20260211,AgentWrongTool,VB-013,6,QueryTool,search,query_hits_reproducible,True,QueryTool,search,True,,E0,True
VBrun_scale_microbench_300_2026-02-11T064352Z_seed20260211,AgentWrongTool,VB-013,7,CalcTool,sum,value_equals,True,CalcTool,sum,True,,E0,True
VBrun_scale_microbench_300_2026-02-11T064352Z_seed20260211,AgentWrongTool,VB-014,1,FileTool,write_csv,artifact_written_exists,True,FileTool,write_csv,True,,E0,True
VBrun_scale_microbench_300_2026-02-11T064352Z_seed20260211,AgentWrongTool,VB-014,2,FileTool,read_csv,read_after_write_dependency,True,FileTool,read_csv,True,,E0,True
VBrun_scale_microbench_300_2026-02-11T064352Z_seed20260211,AgentWrongTool,VB-014,3,QueryTool,search,query_hits_reproducible,True,QueryTool,search,True,,E0,True
VBrun_scale_microbench_300_2026-02-11T064352Z_seed20260211,AgentWrongTool,VB-014,4,CalcTool,sum,value_equals,True,CalcTool,sum,True,,E0,True
VBrun_scale_microbench_300_2026-02-11T064352Z_seed20260211,AgentWrongTool,VB-014,5,CalcTool,sum,value_equals,True,CalcTool,sum,True,,E0,True
VBrun_scale_microbench_300_2026-02-11T064352Z_seed20260211,AgentWrongTool,VB-014,6,QueryTool,search,query_hits_reproducible,True,QueryTool,search,True,,E0,True
VBrun_scale_microbench_300_2026-02-11T064352Z_seed20260211,AgentWrongTool,VB-014,7,CalcTool,sum,value_equals,True,CalcTool,sum,True,,E0,True
VBrun_scale_microbench_300_2026-02-11T064352Z_seed20260211,AgentWrongTool,VB-014,8,CalcTool,sum,value_equals,True,CalcTool,sum,True,,E0,True
VBrun_scale_microbench_300_2026-02-11T064352Z_seed20260211,AgentWrongTool,VB-015,1,FileTool,write_csv,artifact_written_exists,True,FileTool,write_csv,True,,E0,True
VBrun_scale_microbench_300_2026-02-11T064352Z_seed20260211,AgentWrongTool,VB-015,2,FileTool,read_csv,read_after_write_dependency,True,FileTool,read_csv,True,,E0,True
VBrun_scale_microbench_300_2026-02-11T064352Z_seed20260211,AgentWrongTool,VB-016,1,FileTool,write_csv,artifact_written_exists,True,FileTool,write_csv,True,,E0,True
VBrun_scale_microbench_300_2026-02-11T064352Z_seed20260211,AgentWrongTool,VB-016,2,FileTool,read_csv,read_after_write_dependency,True,FileTool,read_csv,True,,E0,True
VBrun_scale_microbench_300_2026-02-11T064352Z_seed20260211,AgentWrongTool,VB-016,3,QueryTool,search,query_hits_reproducible,True,QueryTool,search,True,,E0,True
VBrun_scale_microbench_300_2026-02-11T064352Z_seed20260211,AgentWrongTool,VB-017,1,FileTool,write_csv,artifact_written_exists,True,FileTool,write_csv,True,,E0,True
VBrun_scale_microbench_300_2026-02-11T064352Z_seed20260211,AgentWrongTool,VB-017,2,FileTool,read_csv,read_after_write_dependency,True,FileTool,read_csv,True,,E0,True
VBrun_scale_microbench_300_2026-02-11T064352Z_seed20260211,AgentWrongTool,VB-017,3,QueryTool,search,query_hits_reproducible,True,QueryTool,search,True,,E0,True
VBrun_scale_microbench_300_2026-02-11T064352Z_seed20260211,AgentWrongTool,VB-017,4,CalcTool,sum,value_equals,True,CalcTool,sum,True,,E0,True
VBrun_scale_microbench_300_2026-02-11T064352Z_seed20260211,AgentWrongTool,VB-018,1,FileTool,write_csv,artifact_written_exists,True,FileTool,write_csv,True,,E0,True
VBrun_scale_microbench_300_2026-02-11T064352Z_seed20260211,AgentWrongTool,VB-018,2,FileTool,read_csv,read_after_write_dependency,True,FileTool,read_csv,True,,E0,True
VBrun_scale_microbench_300_2026-02-11T064352Z_seed20260211,AgentWrongTool,VB-018,3,QueryTool,search,query_hits_reproducible,True,QueryTool,search,True,,E0,True
VBrun_scale_microbench_300_2026-02-11T064352Z_seed20260211,AgentWrongTool,VB-018,4,CalcTool,sum,value_equals,True,CalcTool,sum,True,,E0,True
VBrun_scale_microbench_300_2026-02-11T064352Z_seed20260211,AgentWrongTool,VB-018,5,CalcTool,sum,value_equals,True,CalcTool,sum,True,,E0,True
VBrun_scale_microbench_300_2026-02-11T064352Z_seed20260211,AgentWrongTool,VB-019,1,FileTool,write_csv,artifact_written_exists,True,FileTool,write_csv,True,,E0,True
VBrun_scale_microbench_300_2026-02-11T064352Z_seed20260211,AgentWrongTool,VB-019,2,FileTool,read_csv,read_after_write_dependency,True,FileTool,read_csv,True,,E0,True
VBrun_scale_microbench_300_2026-02-11T064352Z_seed20260211,AgentWrongTool,VB-019,3,QueryTool,search,query_hits_reproducible,True,QueryTool,search,True,,E0,True
VBrun_scale_microbench_300_2026-02-11T064352Z_seed20260211,AgentWrongTool,VB-019,4,CalcTool,sum,value_equals,True,CalcTool,sum,True,,E0,True
VBrun_scale_microbench_300_2026-02-11T064352Z_seed20260211,AgentWrongTool,VB-019,5,CalcTool,sum,value_equals,True,CalcTool,sum,True,,E0,True
VBrun_scale_microbench_300_2026-02-11T064352Z_seed20260211,AgentWrongTool,VB-019,6,QueryTool,search,query_hits_reproducible,True,QueryTool,search,True,,E0,True
VBrun_scale_microbench_300_2026-02-11T064352Z_seed20260211,AgentWrongTool,VB-020,1,FileTool,write_csv,artifact_written_exists,True,FileTool,write_csv,True,,E0,True
VBrun_scale_microbench_300_2026-02-11T064352Z_seed20260211,AgentWrongTool,VB-020,2,FileTool,read_csv,read_after_write_dependency,True,FileTool,read_csv,True,,E0,True
VBrun_scale_microbench_300_2026-02-11T064352Z_seed20260211,AgentWrongTool,VB-020,3,QueryTool,search,query_hits_reproducible,True,QueryTool,search,True,,E0,True
VBrun_scale_microbench_300_2026-02-11T064352Z_seed20260211,AgentWrongTool,VB-020,4,CalcTool,sum,value_equals,True,CalcTool,sum,True,,E0,True
VBrun_scale_microbench_300_2026-02-11T064352Z_seed20260211,AgentWrongTool,VB-020,5,CalcTool,sum,value_equals,True,CalcTool,sum,True,,E0,True
VBrun_scale_microbench_300_2026-02-11T064352Z_seed20260211,AgentWrongTool,VB-020,6,QueryTool,search,query_hits_reproducible,True,QueryTool,search,True,,E0,True
VBrun_scale_microbench_300_2026-02-11T064352Z_seed20260211,AgentWrongTool,VB-020,7,CalcTool,sum,value_equals,True,CalcTool,sum,True,,E0,True
VBrun_scale_microbench_300_2026-02-11T064352Z_seed20260211,AgentWrongTool,VB-021,1,FileTool,write_csv,artifact_written_exists,True,FileTool,write_csv,True,,E0,True
VBrun_scale_microbench_300_2026-02-11T064352Z_seed20260211,AgentWrongTool,VB-021,2,FileTool,read_csv,read_after_write_dependency,True,FileTool,read_csv,True,,E0,True
VBrun_scale_microbench_300_2026-02-11T064352Z_seed20260211,AgentWrongTool,VB-021,3,QueryTool,search,query_hits_reproducible,True,QueryTool,search,True,,E0,True
VBrun_scale_microbench_300_2026-02-11T064352Z_seed20260211,AgentWrongTool,VB-021,4,CalcTool,sum,value_equals,True,CalcTool,sum,True,,E0,True
VBrun_scale_microbench_300_2026-02-11T064352Z_seed20260211,AgentWrongTool,VB-021,5,CalcTool,sum,value_equals,True,CalcTool,sum,True,,E0,True
VBrun_scale_microbench_300_2026-02-11T064352Z_seed20260211,AgentWrongTool,VB-021,6,QueryTool,search,query_hits_reproducible,True,QueryTool,search,True,,E0,True
VBrun_scale_microbench_300_2026-02-11T064352Z_seed20260211,AgentWrongTool,VB-021,7,CalcTool,sum,value_equals,True,CalcTool,sum,True,,E0,True
VBrun_scale_microbench_300_2026-02-11T064352Z_seed20260211,AgentWrongTool,VB-021,8,CalcTool,sum,value_equals,True,CalcTool,sum,True,,E0,True
VBrun_scale_microbench_300_2026-02-11T064352Z_seed20260211,AgentWrongTool,VB-022,1,FileTool,write_csv,artifact_written_exists,True,FileTool,write_csv,True,,E0,True
VBrun_scale_microbench_300_2026-02-11T064352Z_seed20260211,AgentWrongTool,VB-022,2,FileTool,read_csv,read_after_write_dependency,True,FileTool,read_csv,True,,E0,True
VBrun_scale_microbench_300_2026-02-11T064352Z_seed20260211,AgentWrongTool,VB-023,1,FileTool,write_csv,artifact_written_exists,True,FileTool,write_csv,True,,E0,True
VBrun_scale_microbench_300_2026-02-11T064352Z_seed20260211,AgentWrongTool,VB-023,2,FileTool,read_csv,read_after_write_dependency,True,FileTool,read_csv,True,,E0,True
VBrun_scale_microbench_300_2026-02-11T064352Z_seed20260211,AgentWrongTool,VB-023,3,QueryTool,search,query_hits_reproducible,True,QueryTool,search,True,,E0,True
VBrun_scale_microbench_300_2026-02-11T064352Z_seed20260211,AgentWrongTool,VB-024,1,FileTool,write_csv,artifact_written_exists,True,FileTool,write_csv,True,,E0,True
VBrun_scale_microbench_300_2026-02-11T064352Z_seed20260211,AgentWrongTool,VB-024,2,FileTool,read_csv,read_after_write_dependency,True,FileTool,read_csv,True,,E0,True
VBrun_scale_microbench_300_2026-02-11T064352Z_seed20260211,AgentWrongTool,VB-024,3,QueryTool,search,query_hits_reproducible,True,QueryTool,search,True,,E0,True
VBrun_scale_microbench_300_2026-02-11T064352Z_seed20260211,AgentWrongTool,VB-024,4,CalcTool,sum,value_equals,True,CalcTool,sum,True,,E0,True
VBrun_scale_microbench_300_2026-02-11T064352Z_seed20260211,AgentWrongTool,VB-025,1,FileTool,write_csv,artifact_written_exists,True,FileTool,write_csv,True,,E0,True
VBrun_scale_microbench_300_2026-02-11T064352Z_seed20260211,AgentWrongTool,VB-025,2,FileTool,read_csv,read_after_write_dependency,True,FileTool,read_csv,True,,E0,True
VBrun_scale_microbench_300_2026-02-11T064352Z_seed20260211,AgentWrongTool,VB-025,3,QueryTool,search,query_hits_reproducible,True,QueryTool,search,True,,E0,True
VBrun_scale_microbench_300_2026-02-11T064352Z_seed20260211,AgentWrongTool,VB-025,4,CalcTool,sum,value_equals,True,CalcTool,sum,True,,E0,True
VBrun_scale_microbench_300_2026-02-11T064352Z_seed20260211,AgentWrongTool,VB-025,5,CalcTool,sum,value_equals,True,CalcTool,sum,True,,E0,True
VBrun_scale_microbench_300_2026-02-11T064352Z_seed20260211,AgentWrongTool,VB-026,1,FileTool,write_csv,artifact_written_exists,True,FileTool,write_csv,True,,E0,True
VBrun_scale_microbench_300_2026-02-11T064352Z_seed20260211,AgentWrongTool,VB-026,2,FileTool,read_csv,read_after_write_dependency,True,FileTool,read_csv,True,,E0,True
VBrun_scale_microbench_300_2026-02-11T064352Z_seed20260211,AgentWrongTool,VB-026,3,QueryTool,search,query_hits_reproducible,True,QueryTool,search,True,,E0,True
VBrun_scale_microbench_300_2026-02-11T064352Z_seed20260211,AgentWrongTool,VB-026,4,CalcTool,sum,value_equals,True,CalcTool,sum,True,,E0,True
VBrun_scale_microbench_300_2026-02-11T064352Z_seed20260211,AgentWrongTool,VB-026,5,CalcTool,sum,value_equals,True,CalcTool,sum,True,,E0,True
VBrun_scale_microbench_300_2026-02-11T064352Z_seed20260211,AgentWrongTool,VB-026,6,QueryTool,search,query_hits_reproducible,True,QueryTool,search,True,,E0,True
VBrun_scale_microbench_300_2026-02-11T064352Z_seed20260211,AgentWrongTool,VB-027,1,FileTool,write_csv,artifact_written_exists,True,FileTool,write_csv,True,,E0,True
VBrun_scale_microbench_300_2026-02-11T064352Z_seed20260211,AgentWrongTool,VB-027,2,FileTool,read_csv,read_after_write_dependency,True,FileTool,read_csv,True,,E0,True
VBrun_scale_microbench_300_2026-02-11T064352Z_seed20260211,AgentWrongTool,VB-027,3,QueryTool,search,query_hits_reproducible,True,QueryTool,search,True,,E0,True
VBrun_scale_microbench_300_2026-02-11T064352Z_seed20260211,AgentWrongTool,VB-027,4,CalcTool,sum,value_equals,True,CalcTool,sum,True,,E0,True
VBrun_scale_microbench_300_2026-02-11T064352Z_seed20260211,AgentWrongTool,VB-027,5,CalcTool,sum,value_equals,True,CalcTool,sum,True,,E0,True
VBrun_scale_microbench_300_2026-02-11T064352Z_seed20260211,AgentWrongTool,VB-027,6,QueryTool,search,query_hits_reproducible,True,QueryTool,search,True,,E0,True
VBrun_scale_microbench_300_2026-02-11T064352Z_seed20260211,AgentWrongTool,VB-027,7,CalcTool,sum,value_equals,True,CalcTool,sum,True,,E0,True
VBrun_scale_microbench_300_2026-02-11T064352Z_seed20260211,AgentWrongTool,VB-028,1,FileTool,write_csv,artifact_written_exists,True,FileTool,write_csv,True,,E0,True
VBrun_scale_microbench_300_2026-02-11T064352Z_seed20260211,AgentWrongTool,VB-028,2,FileTool,read_csv,read_after_write_dependency,True,FileTool,read_csv,True,,E0,True
VBrun_scale_microbench_300_2026-02-11T064352Z_seed20260211,AgentWrongTool,VB-028,3,QueryTool,search,query_hits_reproducible,True,QueryTool,search,True,,E0,True
VBrun_scale_microbench_300_2026-02-11T064352Z_seed20260211,AgentWrongTool,VB-028,4,CalcTool,sum,value_equals,True,CalcTool,sum,True,,E0,True
VBrun_scale_microbench_300_2026-02-11T064352Z_seed20260211,AgentWrongTool,VB-028,5,CalcTool,sum,value_equals,True,CalcTool,sum,True,,E0,True
VBrun_scale_microbench_300_2026-02-11T064352Z_seed20260211,AgentWrongTool,VB-028,6,QueryTool,search,query_hits_reproducible,True,QueryTool,search,True,,E0,True
VBrun_scale_microbench_300_2026-02-11T064352Z_seed20260211,AgentWrongTool,VB-028,7,CalcTool,sum,value_equals,True,CalcTool,sum,True,,E0,True
VBrun_scale_microbench_300_2026-02-11T064352Z_seed20260211,AgentWrongTool,VB-028,8,CalcTool,sum,value_equals,True,CalcTool,sum,True,,E0,True
VBrun_scale_microbench_300_2026-02-11T064352Z_seed20260211,AgentWrongTool,VB-029,1,FileTool,write_csv,artifact_written_exists,True,FileTool,write_csv,True,,E0,True
VBrun_scale_microbench_300_2026-02-11T064352Z_seed20260211,AgentWrongTool,VB-029,2,FileTool,read_csv,read_after_write_dependency,True,FileTool,read_csv,True,,E0,True
VBrun_scale_microbench_300_2026-02-11T064352Z_seed20260211,AgentWrongTool,VB-030,1,FileTool,write_csv,artifact_written_exists,True,FileTool,write_csv,True,,E0,True
VBrun_scale_microbench_300_2026-02-11T064352Z_seed20260211,AgentWrongTool,VB-030,2,FileTool,read_csv,read_after_write_dependency,True,FileTool,read_csv,True,,E0,True
VBrun_scale_microbench_300_2026-02-11T064352Z_seed20260211,AgentWrongTool,VB-030,3,QueryTool,search,query_hits_reproducible,True,QueryTool,search,True,,E0,True
VBrun_scale_microbench_300_2026-02-11T064352Z_seed20260211,AgentWrongTool,VB-031,1,FileTool,write_csv,artifact_written_exists,True,FileTool,write_csv,True,,E0,True
VBrun_scale_microbench_300_2026-02-11T064352Z_seed20260211,AgentWrongTool,VB-031,2,FileTool,read_csv,read_after_write_dependency,True,FileTool,read_csv,True,,E0,True
VBrun_scale_microbench_300_2026-02-11T064352Z_seed20260211,AgentWrongTool,VB-031,3,QueryTool,search,query_hits_reproducible,True,QueryTool,search,True,,E0,True
VBrun_scale_microbench_300_2026-02-11T064352Z_seed20260211,AgentWrongTool,VB-031,4,CalcTool,sum,value_equals,True,CalcTool,sum,True,,E0,True
VBrun_scale_microbench_300_2026-02-11T064352Z_seed20260211,AgentWrongTool,VB-032,1,FileTool,write_csv,artifact_written_exists,True,FileTool,write_csv,True,,E0,True
VBrun_scale_microbench_300_2026-02-11T064352Z_seed20260211,AgentWrongTool,VB-032,2,FileTool,read_csv,read_after_write_dependency,True,FileTool,read_csv,True,,E0,True
VBrun_scale_microbench_300_2026-02-11T064352Z_seed20260211,AgentWrongTool,VB-032,3,QueryTool,search,query_hits_reproducible,True,QueryTool,search,True,,E0,True
VBrun_scale_microbench_300_2026-02-11T064352Z_seed20260211,AgentWrongTool,VB-032,4,CalcTool,sum,value_equals,True,CalcTool,sum,True,,E0,True
VBrun_scale_microbench_300_2026-02-11T064352Z_seed20260211,AgentWrongTool,VB-032,5,CalcTool,sum,value_equals,True,CalcTool,sum,True,,E0,True
VBrun_scale_microbench_300_2026-02-11T064352Z_seed20260211,AgentWrongTool,VB-033,1,FileTool,write_csv,artifact_written_exists,True,FileTool,write_csv,True,,E0,True
VBrun_scale_microbench_300_2026-02-11T064352Z_seed20260211,AgentWrongTool,VB-033,2,FileTool,read_csv,read_after_write_dependency,True,FileTool,read_csv,True,,E0,True
VBrun_scale_microbench_300_2026-02-11T064352Z_seed20260211,AgentWrongTool,VB-033,3,QueryTool,search,query_hits_reproducible,True,QueryTool,search,True,,E0,True
VBrun_scale_microbench_300_2026-02-11T064352Z_seed20260211,AgentWrongTool,VB-033,4,CalcTool,sum,value_equals,True,CalcTool,sum,True,,E0,True
VBrun_scale_microbench_300_2026-02-11T064352Z_seed20260211,AgentWrongTool,VB-033,5,CalcTool,sum,value_equals,True,CalcTool,sum,True,,E0,True
VBrun_scale_microbench_300_2026-02-11T064352Z_seed20260211,AgentWrongTool,VB-033,6,QueryTool,search,query_hits_reproducible,True,QueryTool,search,True,,E0,True
VBrun_scale_microbench_300_2026-02-11T064352Z_seed20260211,AgentWrongTool,VB-034,1,FileTool,write_csv,artifact_written_exists,True,FileTool,write_csv,True,,E0,True
VBrun_scale_microbench_300_2026-02-11T064352Z_seed20260211,AgentWrongTool,VB-034,2,FileTool,read_csv,read_after_write_dependency,True,FileTool,read_csv,True,,E0,True
VBrun_scale_microbench_300_2026-02-11T064352Z_seed20260211,AgentWrongTool,VB-034,3,QueryTool,search,query_hits_reproducible,True,QueryTool,search,True,,E0,True
VBrun_scale_microbench_300_2026-02-11T064352Z_seed20260211,AgentWrongTool,VB-034,4,CalcTool,sum,value_equals,True,CalcTool,sum,True,,E0,True
VBrun_scale_microbench_300_2026-02-11T064352Z_seed20260211,AgentWrongTool,VB-034,5,CalcTool,sum,value_equals,True,CalcTool,sum,True,,E0,True
VBrun_scale_microbench_300_2026-02-11T064352Z_seed20260211,AgentWrongTool,VB-034,6,QueryTool,search,query_hits_reproducible,True,QueryTool,search,True,,E0,True
VBrun_scale_microbench_300_2026-02-11T064352Z_seed20260211,AgentWrongTool,VB-034,7,CalcTool,sum,value_equals,True,CalcTool,sum,True,,E0,True
VBrun_scale_microbench_300_2026-02-11T064352Z_seed20260211,AgentWrongTool,VB-035,1,FileTool,write_csv,artifact_written_exists,True,FileTool,write_csv,True,,E0,True
VBrun_scale_microbench_300_2026-02-11T064352Z_seed20260211,AgentWrongTool,VB-035,2,FileTool,read_csv,read_after_write_dependency,True,FileTool,read_csv,True,,E0,True
VBrun_scale_microbench_300_2026-02-11T064352Z_seed20260211,AgentWrongTool,VB-035,3,QueryTool,search,query_hits_reproducible,True,QueryTool,search,True,,E0,True
VBrun_scale_microbench_300_2026-02-11T064352Z_seed20260211,AgentWrongTool,VB-035,4,CalcTool,sum,value_equals,True,CalcTool,sum,True,,E0,True
VBrun_scale_microbench_300_2026-02-11T064352Z_seed20260211,AgentWrongTool,VB-035,5,CalcTool,sum,value_equals,True,CalcTool,sum,True,,E0,True
VBrun_scale_microbench_300_2026-02-11T064352Z_seed20260211,AgentWrongTool,VB-035,6,QueryTool,search,query_hits_reproducible,True,QueryTool,search,True,,E0,True
VBrun_scale_microbench_300_2026-02-11T064352Z_seed20260211,AgentWrongTool,VB-035,7,CalcTool,sum,value_equals,True,CalcTool,sum,True,,E0,True
VBrun_scale_microbench_300_2026-02-11T064352Z_seed20260211,AgentWrongTool,VB-035,8,CalcTool,sum,value_equals,True,CalcTool,sum,True,,E0,True
VBrun_scale_microbench_300_2026-02-11T064352Z_seed20260211,AgentWrongTool,VB-036,1,FileTool,write_csv,artifact_written_exists,True,FileTool,write_csv,True,,E0,True
VBrun_scale_microbench_300_2026-02-11T064352Z_seed20260211,AgentWrongTool,VB-036,2,FileTool,read_csv,read_after_write_dependency,True,FileTool,read_csv,True,,E0,True
VBrun_scale_microbench_300_2026-02-11T064352Z_seed20260211,AgentWrongTool,VB-037,1,FileTool,write_csv,artifact_written_exists,True,FileTool,write_csv,True,,E0,True
VBrun_scale_microbench_300_2026-02-11T064352Z_seed20260211,AgentWrongTool,VB-037,2,FileTool,read_csv,read_after_write_dependency,True,FileTool,read_csv,True,,E0,True
VBrun_scale_microbench_300_2026-02-11T064352Z_seed20260211,AgentWrongTool,VB-037,3,QueryTool,search,query_hits_reproducible,True,QueryTool,search,True,,E0,True
VBrun_scale_microbench_300_2026-02-11T064352Z_seed20260211,AgentWrongTool,VB-038,1,FileTool,write_csv,artifact_written_exists,True,FileTool,write_csv,True,,E0,True
VBrun_scale_microbench_300_2026-02-11T064352Z_seed20260211,AgentWrongTool,VB-038,2,FileTool,read_csv,read_after_write_dependency,True,FileTool,read_csv,True,,E0,True
VBrun_scale_microbench_300_2026-02-11T064352Z_seed20260211,AgentWrongTool,VB-038,3,QueryTool,search,query_hits_reproducible,True,QueryTool,search,True,,E0,True
VBrun_scale_microbench_300_2026-02-11T064352Z_seed20260211,AgentWrongTool,VB-038,4,CalcTool,sum,value_equals,True,CalcTool,sum,True,,E0,True
VBrun_scale_microbench_300_2026-02-11T064352Z_seed20260211,AgentWrongTool,VB-039,1,FileTool,write_csv,artifact_written_exists,True,FileTool,write_csv,True,,E0,True
VBrun_scale_microbench_300_2026-02-11T064352Z_seed20260211,AgentWrongTool,VB-039,2,FileTool,read_csv,read_after_write_dependency,True,FileTool,read_csv,True,,E0,True
VBrun_scale_microbench_300_2026-02-11T064352Z_seed20260211,AgentWrongTool,VB-039,3,QueryTool,search,query_hits_reproducible,True,QueryTool,search,True,,E0,True
VBrun_scale_microbench_300_2026-02-11T064352Z_seed20260211,AgentWrongTool,VB-039,4,CalcTool,sum,value_equals,True,CalcTool,sum,True,,E0,True
VBrun_scale_microbench_300_2026-02-11T064352Z_seed20260211,AgentWrongTool,VB-039,5,CalcTool,sum,value_equals,True,CalcTool,sum,True,,E0,True
VBrun_scale_microbench_300_2026-02-11T064352Z_seed20260211,AgentWrongTool,VB-040,1,FileTool,write_csv,artifact_written_exists,True,FileTool,write_csv,True,,E0,True
VBrun_scale_microbench_300_2026-02-11T064352Z_seed20260211,AgentWrongTool,VB-040,2,FileTool,read_csv,read_after_write_dependency,True,FileTool,read_csv,True,,E0,True
VBrun_scale_microbench_300_2026-02-11T064352Z_seed20260211,AgentWrongTool,VB-040,3,QueryTool,search,query_hits_reproducible,True,QueryTool,search,True,,E0,True
VBrun_scale_microbench_300_2026-02-11T064352Z_seed20260211,AgentWrongTool,VB-040,4,CalcTool,sum,value_equals,True,CalcTool,sum,True,,E0,True
VBrun_scale_microbench_300_2026-02-11T064352Z_seed20260211,AgentWrongTool,VB-040,5,CalcTool,sum,value_equals,True,CalcTool,sum,True,,E0,True
VBrun_scale_microbench_300_2026-02-11T064352Z_seed20260211,AgentWrongTool,VB-040,6,QueryTool,search,query_hits_reproducible,True,QueryTool,search,True,,E0,True
VBrun_scale_microbench_300_2026-02-11T064352Z_seed20260211,AgentWrongTool,VB-041,1,FileTool,write_csv,artifact_written_exists,True,FileTool,write_csv,True,,E0,True
VBrun_scale_microbench_300_2026-02-11T064352Z_seed20260211,AgentWrongTool,VB-041,2,FileTool,read_csv,read_after_write_dependency,True,FileTool,read_csv,True,,E0,True
VBrun_scale_microbench_300_2026-02-11T064352Z_seed20260211,AgentWrongTool,VB-041,3,QueryTool,search,query_hits_reproducible,True,QueryTool,search,True,,E0,True
VBrun_scale_microbench_300_2026-02-11T064352Z_seed20260211,AgentWrongTool,VB-041,4,CalcTool,sum,value_equals,True,CalcTool,sum,True,,E0,True
VBrun_scale_microbench_300_2026-02-11T064352Z_seed20260211,AgentWrongTool,VB-041,5,CalcTool,sum,value_equals,True,CalcTool,sum,True,,E0,True
VBrun_scale_microbench_300_2026-02-11T064352Z_seed20260211,AgentWrongTool,VB-041,6,QueryTool,search,query_hits_reproducible,True,QueryTool,search,True,,E0,True
VBrun_scale_microbench_300_2026-02-11T064352Z_seed20260211,AgentWrongTool,VB-041,7,CalcTool,sum,value_equals,True,CalcTool,sum,True,,E0,True
VBrun_scale_microbench_300_2026-02-11T064352Z_seed20260211,AgentWrongTool,VB-042,1,FileTool,write_csv,artifact_written_exists,True,FileTool,write_csv,True,,E0,True
VBrun_scale_microbench_300_2026-02-11T064352Z_seed20260211,AgentWrongTool,VB-042,2,FileTool,read_csv,read_after_write_dependency,True,FileTool,read_csv,True,,E0,True
VBrun_scale_microbench_300_2026-02-11T064352Z_seed20260211,AgentWrongTool,VB-042,3,QueryTool,search,query_hits_reproducible,True,QueryTool,search,True,,E0,True
VBrun_scale_microbench_300_2026-02-11T064352Z_seed20260211,AgentWrongTool,VB-042,4,CalcTool,sum,value_equals,True,CalcTool,sum,True,,E0,True
VBrun_scale_microbench_300_2026-02-11T064352Z_seed20260211,AgentWrongTool,VB-042,5,CalcTool,sum,value_equals,True,CalcTool,sum,True,,E0,True
VBrun_scale_microbench_300_2026-02-11T064352Z_seed20260211,AgentWrongTool,VB-042,6,QueryTool,search,query_hits_reproducible,True,QueryTool,search,True,,E0,True
VBrun_scale_microbench_300_2026-02-11T064352Z_seed20260211,AgentWrongTool,VB-042,7,CalcTool,sum,value_equals,True,CalcTool,sum,True,,E0,True
VBrun_scale_microbench_300_2026-02-11T064352Z_seed20260211,AgentWrongTool,VB-042,8,CalcTool,sum,value_equals,True,CalcTool,sum,True,,E0,True
VBrun_scale_microbench_300_2026-02-11T064352Z_seed20260211,AgentWrongTool,VB-043,1,FileTool,write_csv,artifact_written_exists,True,FileTool,write_csv,True,,E0,True
VBrun_scale_microbench_300_2026-02-11T064352Z_seed20260211,AgentWrongTool,VB-043,2,FileTool,read_csv,read_after_write_dependency,True,FileTool,read_csv,True,,E0,True
VBrun_scale_microbench_300_2026-02-11T064352Z_seed20260211,AgentWrongTool,VB-044,1,FileTool,write_csv,artifact_written_exists,True,FileTool,write_csv,True,,E0,True
VBrun_scale_microbench_300_2026-02-11T064352Z_seed20260211,AgentWrongTool,VB-044,2,FileTool,read_csv,read_after_write_dependency,True,FileTool,read_csv,True,,E0,True
VBrun_scale_microbench_300_2026-02-11T064352Z_seed20260211,AgentWrongTool,VB-044,3,QueryTool,search,query_hits_reproducible,True,QueryTool,search,True,,E0,True
VBrun_scale_microbench_300_2026-02-11T064352Z_seed20260211,AgentWrongTool,VB-045,1,FileTool,write_csv,artifact_written_exists,True,FileTool,write_csv,True,,E0,True
VBrun_scale_microbench_300_2026-02-11T064352Z_seed20260211,AgentWrongTool,VB-045,2,FileTool,read_csv,read_after_write_dependency,True,FileTool,read_csv,True,,E0,True
VBrun_scale_microbench_300_2026-02-11T064352Z_seed20260211,AgentWrongTool,VB-045,3,QueryTool,search,query_hits_reproducible,True,QueryTool,search,True,,E0,True
VBrun_scale_microbench_300_2026-02-11T064352Z_seed20260211,AgentWrongTool,VB-045,4,CalcTool,sum,value_equals,True,CalcTool,sum,True,,E0,True
VBrun_scale_microbench_300_2026-02-11T064352Z_seed20260211,AgentWrongTool,VB-046,1,FileTool,write_csv,artifact_written_exists,True,FileTool,write_csv,True,,E0,True
VBrun_scale_microbench_300_2026-02-11T064352Z_seed20260211,AgentWrongTool,VB-046,2,FileTool,read_csv,read_after_write_dependency,True,FileTool,read_csv,True,,E0,True
VBrun_scale_microbench_300_2026-02-11T064352Z_seed20260211,AgentWrongTool,VB-046,3,QueryTool,search,query_hits_reproducible,True,QueryTool,search,True,,E0,True
VBrun_scale_microbench_300_2026-02-11T064352Z_seed20260211,AgentWrongTool,VB-046,4,CalcTool,sum,value_equals,True,CalcTool,sum,True,,E0,True
VBrun_scale_microbench_300_2026-02-11T064352Z_seed20260211,AgentWrongTool,VB-046,5,CalcTool,sum,value_equals,True,CalcTool,sum,True,,E0,True
VBrun_scale_microbench_300_2026-02-11T064352Z_seed20260211,AgentWrongTool,VB-047,1,FileTool,write_csv,artifact_written_exists,True,FileTool,write_csv,True,,E0,True
VBrun_scale_microbench_300_2026-02-11T064352Z_seed20260211,AgentWrongTool,VB-047,2,FileTool,read_csv,read_after_write_dependency,True,FileTool,read_csv,True,,E0,True
VBrun_scale_microbench_300_2026-02-11T064352Z_seed20260211,AgentWrongTool,VB-047,3,QueryTool,search,query_hits_reproducible,True,QueryTool,search,True,,E0,True
VBrun_scale_microbench_300_2026-02-11T064352Z_seed20260211,AgentWrongTool,VB-047,4,CalcTool,sum,value_equals,True,CalcTool,sum,True,,E0,True
VBrun_scale_microbench_300_2026-02-11T064352Z_seed20260211,AgentWrongTool,VB-047,5,CalcTool,sum,value_equals,True,CalcTool,sum,True,,E0,True
VBrun_scale_microbench_300_2026-02-11T064352Z_seed20260211,AgentWrongTool,VB-047,6,QueryTool,search,query_hits_reproducible,True,QueryTool,search,True,,E0,True
VBrun_scale_microbench_300_2026-02-11T064352Z_seed20260211,AgentWrongTool,VB-048,1,FileTool,write_csv,artifact_written_exists,True,FileTool,write_csv,True,,E0,True
VBrun_scale_microbench_300_2026-02-11T064352Z_seed20260211,AgentWrongTool,VB-048,2,FileTool,read_csv,read_after_write_dependency,True,FileTool,read_csv,True,,E0,True
VBrun_scale_microbench_300_2026-02-11T064352Z_seed20260211,AgentWrongTool,VB-048,3,QueryTool,search,query_hits_reproducible,True,QueryTool,search,True,,E0,True
VBrun_scale_microbench_300_2026-02-11T064352Z_seed20260211,AgentWrongTool,VB-048,4,CalcTool,sum,value_equals,True,CalcTool,sum,True,,E0,True
VBrun_scale_microbench_300_2026-02-11T064352Z_seed20260211,AgentWrongTool,VB-048,5,CalcTool,sum,value_equals,True,CalcTool,sum,True,,E0,True
VBrun_scale_microbench_300_2026-02-11T064352Z_seed20260211,AgentWrongTool,VB-048,6,QueryTool,search,query_hits_reproducible,True,QueryTool,search,True,,E0,True
VBrun_scale_microbench_300_2026-02-11T064352Z_seed20260211,AgentWrongTool,VB-048,7,CalcTool,sum,value_equals,True,CalcTool,sum,True,,E0,True
VBrun_scale_microbench_300_2026-02-11T064352Z_seed20260211,AgentWrongTool,VB-049,1,FileTool,write_csv,artifact_written_exists,True,FileTool,write_csv,True,,E0,True
VBrun_scale_microbench_300_2026-02-11T064352Z_seed20260211,AgentWrongTool,VB-049,2,FileTool,read_csv,read_after_write_dependency,True,FileTool,read_csv,True,,E0,True
VBrun_scale_microbench_300_2026-02-11T064352Z_seed20260211,AgentWrongTool,VB-049,3,QueryTool,search,query_hits_reproducible,True,QueryTool,search,True,,E0,True
VBrun_scale_microbench_300_2026-02-11T064352Z_seed20260211,AgentWrongTool,VB-049,4,CalcTool,sum,value_equals,True,CalcTool,sum,True,,E0,True
VBrun_scale_microbench_300_2026-02-11T064352Z_seed20260211,AgentWrongTool,VB-049,5,CalcTool,sum,value_equals,True,CalcTool,sum,True,,E0,True
VBrun_scale_microbench_300_2026-02-11T064352Z_seed20260211,AgentWrongTool,VB-049,6,QueryTool,search,query_hits_reproducible,True,QueryTool,search,True,,E0,True
VBrun_scale_microbench_300_2026-02-11T064352Z_seed20260211,AgentWrongTool,VB-049,7,CalcTool,sum,value_equals,True,CalcTool,sum,True,,E0,True
VBrun_scale_microbench_300_2026-02-11T064352Z_seed20260211,AgentWrongTool,VB-049,8,CalcTool,sum,value_equals,True,CalcTool,sum,True,,E0,True
VBrun_scale_microbench_300_2026-02-11T064352Z_seed20260211,AgentWrongTool,VB-050,1,FileTool,write_csv,artifact_written_exists,True,FileTool,write_csv,True,,E0,True
VBrun_scale_microbench_300_2026-02-11T064352Z_seed20260211,AgentWrongTool,VB-050,2,FileTool,read_csv,read_after_write_dependency,True,FileTool,read_csv,True,,E0,True
VBrun_scale_microbench_300_2026-02-11T064352Z_seed20260211,AgentWrongTool,VB-051,1,FileTool,write_csv,artifact_written_exists,True,FileTool,write_csv,True,,E0,True
VBrun_scale_microbench_300_2026-02-11T064352Z_seed20260211,AgentWrongTool,VB-051,2,FileTool,read_csv,read_after_write_dependency,True,FileTool,read_csv,True,,E0,True
VBrun_scale_microbench_300_2026-02-11T064352Z_seed20260211,AgentWrongTool,VB-051,3,QueryTool,search,query_hits_reproducible,True,QueryTool,search,True,,E0,True
VBrun_scale_microbench_300_2026-02-11T064352Z_seed20260211,AgentWrongTool,VB-052,1,FileTool,write_csv,artifact_written_exists,True,FileTool,write_csv,True,,E0,True
VBrun_scale_microbench_300_2026-02-11T064352Z_seed20260211,AgentWrongTool,VB-052,2,FileTool,read_csv,read_after_write_dependency,True,FileTool,read_csv,True,,E0,True
VBrun_scale_microbench_300_2026-02-11T064352Z_seed20260211,AgentWrongTool,VB-052,3,QueryTool,search,query_hits_reproducible,True,QueryTool,search,True,,E0,True
VBrun_scale_microbench_300_2026-02-11T064352Z_seed20260211,AgentWrongTool,VB-052,4,CalcTool,sum,value_equals,True,CalcTool,sum,True,,E0,True
VBrun_scale_microbench_300_2026-02-11T064352Z_seed20260211,AgentWrongTool,VB-053,1,FileTool,write_csv,artifact_written_exists,True,FileTool,write_csv,True,,E0,True
VBrun_scale_microbench_300_2026-02-11T064352Z_seed20260211,AgentWrongTool,VB-053,2,FileTool,read_csv,read_after_write_dependency,True,FileTool,read_csv,True,,E0,True
VBrun_scale_microbench_300_2026-02-11T064352Z_seed20260211,AgentWrongTool,VB-053,3,QueryTool,search,query_hits_reproducible,True,QueryTool,search,True,,E0,True
VBrun_scale_microbench_300_2026-02-11T064352Z_seed20260211,AgentWrongTool,VB-053,4,CalcTool,sum,value_equals,True,CalcTool,sum,True,,E0,True
VBrun_scale_microbench_300_2026-02-11T064352Z_seed20260211,AgentWrongTool,VB-053,5,CalcTool,sum,value_equals,True,CalcTool,sum,True,,E0,True
VBrun_scale_microbench_300_2026-02-11T064352Z_seed20260211,AgentWrongTool,VB-054,1,FileTool,write_csv,artifact_written_exists,True,FileTool,write_csv,True,,E0,True
VBrun_scale_microbench_300_2026-02-11T064352Z_seed20260211,AgentWrongTool,VB-054,2,FileTool,read_csv,read_after_write_dependency,True,FileTool,read_csv,True,,E0,True
VBrun_scale_microbench_300_2026-02-11T064352Z_seed20260211,AgentWrongTool,VB-054,3,QueryTool,search,query_hits_reproducible,True,QueryTool,search,True,,E0,True
VBrun_scale_microbench_300_2026-02-11T064352Z_seed20260211,AgentWrongTool,VB-054,4,CalcTool,sum,value_equals,True,CalcTool,sum,True,,E0,True
VBrun_scale_microbench_300_2026-02-11T064352Z_seed20260211,AgentWrongTool,VB-054,5,CalcTool,sum,value_equals,True,CalcTool,sum,True,,E0,True
VBrun_scale_microbench_300_2026-02-11T064352Z_seed20260211,AgentWrongTool,VB-054,6,QueryTool,search,query_hits_reproducible,True,QueryTool,search,True,,E0,True
VBrun_scale_microbench_300_2026-02-11T064352Z_seed20260211,AgentWrongTool,VB-055,1,FileTool,write_csv,artifact_written_exists,True,FileTool,write_csv,True,,E0,True
VBrun_scale_microbench_300_2026-02-11T064352Z_seed20260211,AgentWrongTool,VB-055,2,FileTool,read_csv,read_after_write_dependency,True,FileTool,read_csv,True,,E0,True
VBrun_scale_microbench_300_2026-02-11T064352Z_seed20260211,AgentWrongTool,VB-055,3,QueryTool,search,query_hits_reproducible,True,QueryTool,search,True,,E0,True
VBrun_scale_microbench_300_2026-02-11T064352Z_seed20260211,AgentWrongTool,VB-055,4,CalcTool,sum,value_equals,True,CalcTool,sum,True,,E0,True
VBrun_scale_microbench_300_2026-02-11T064352Z_seed20260211,AgentWrongTool,VB-055,5,CalcTool,sum,value_equals,True,CalcTool,sum,True,,E0,True
VBrun_scale_microbench_300_2026-02-11T064352Z_seed20260211,AgentWrongTool,VB-055,6,QueryTool,search,query_hits_reproducible,True,QueryTool,search,True,,E0,True
VBrun_scale_microbench_300_2026-02-11T064352Z_seed20260211,AgentWrongTool,VB-055,7,CalcTool,sum,value_equals,True,CalcTool,sum,True,,E0,True
VBrun_scale_microbench_300_2026-02-11T064352Z_seed20260211,AgentWrongTool,VB-056,1,FileTool,write_csv,artifact_written_exists,True,FileTool,write_csv,True,,E0,True
VBrun_scale_microbench_300_2026-02-11T064352Z_seed20260211,AgentWrongTool,VB-056,2,FileTool,read_csv,read_after_write_dependency,True,FileTool,read_csv,True,,E0,True
VBrun_scale_microbench_300_2026-02-11T064352Z_seed20260211,AgentWrongTool,VB-056,3,QueryTool,search,query_hits_reproducible,True,QueryTool,search,True,,E0,True
VBrun_scale_microbench_300_2026-02-11T064352Z_seed20260211,AgentWrongTool,VB-056,4,CalcTool,sum,value_equals,True,CalcTool,sum,True,,E0,True
VBrun_scale_microbench_300_2026-02-11T064352Z_seed20260211,AgentWrongTool,VB-056,5,CalcTool,sum,value_equals,True,CalcTool,sum,True,,E0,True
VBrun_scale_microbench_300_2026-02-11T064352Z_seed20260211,AgentWrongTool,VB-056,6,QueryTool,search,query_hits_reproducible,True,QueryTool,search,True,,E0,True
VBrun_scale_microbench_300_2026-02-11T064352Z_seed20260211,AgentWrongTool,VB-056,7,CalcTool,sum,value_equals,True,CalcTool,sum,True,,E0,True
VBrun_scale_microbench_300_2026-02-11T064352Z_seed20260211,AgentWrongTool,VB-056,8,CalcTool,sum,value_equals,True,CalcTool,sum,True,,E0,True
VBrun_scale_microbench_300_2026-02-11T064352Z_seed20260211,AgentWrongTool,VB-057,1,FileTool,write_csv,artifact_written_exists,True,FileTool,write_csv,True,,E0,True
VBrun_scale_microbench_300_2026-02-11T064352Z_seed20260211,AgentWrongTool,VB-057,2,FileTool,read_csv,read_after_write_dependency,True,FileTool,read_csv,True,,E0,True
VBrun_scale_microbench_300_2026-02-11T064352Z_seed20260211,AgentWrongTool,VB-058,1,FileTool,write_csv,artifact_written_exists,True,FileTool,write_csv,True,,E0,True
VBrun_scale_microbench_300_2026-02-11T064352Z_seed20260211,AgentWrongTool,VB-058,2,FileTool,read_csv,read_after_write_dependency,True,FileTool,read_csv,True,,E0,True
VBrun_scale_microbench_300_2026-02-11T064352Z_seed20260211,AgentWrongTool,VB-058,3,QueryTool,search,query_hits_reproducible,True,QueryTool,search,True,,E0,True
VBrun_scale_microbench_300_2026-02-11T064352Z_seed20260211,AgentWrongTool,VB-059,1,FileTool,write_csv,artifact_written_exists,True,FileTool,write_csv,True,,E0,True
VBrun_scale_microbench_300_2026-02-11T064352Z_seed20260211,AgentWrongTool,VB-059,2,FileTool,read_csv,read_after_write_dependency,True,FileTool,read_csv,True,,E0,True
VBrun_scale_microbench_300_2026-02-11T064352Z_seed20260211,AgentWrongTool,VB-059,3,QueryTool,search,query_hits_reproducible,True,QueryTool,search,True,,E0,True
VBrun_scale_microbench_300_2026-02-11T064352Z_seed20260211,AgentWrongTool,VB-059,4,CalcTool,sum,value_equals,True,CalcTool,sum,True,,E0,True
VBrun_scale_microbench_300_2026-02-11T064352Z_seed20260211,AgentWrongTool,VB-060,1,FileTool,write_csv,artifact_written_exists,True,FileTool,write_csv,True,,E0,True
VBrun_scale_microbench_300_2026-02-11T064352Z_seed20260211,AgentWrongTool,VB-060,2,FileTool,read_csv,read_after_write_dependency,True,FileTool,read_csv,True,,E0,True
VBrun_scale_microbench_300_2026-02-11T064352Z_seed20260211,AgentWrongTool,VB-060,3,QueryTool,search,query_hits_reproducible,True,QueryTool,search,True,,E0,True
VBrun_scale_microbench_300_2026-02-11T064352Z_seed20260211,AgentWrongTool,VB-060,4,CalcTool,sum,value_equals,True,CalcTool,sum,True,,E0,True
VBrun_scale_microbench_300_2026-02-11T064352Z_seed20260211,AgentWrongTool,VB-060,5,CalcTool,sum,value_equals,True,CalcTool,sum,True,,E0,True
VBrun_scale_microbench_300_2026-02-11T064352Z_seed20260211,AgentWrongTool,VB-061,1,FileTool,write_csv,artifact_written_exists,True,FileTool,write_csv,True,,E0,True
VBrun_scale_microbench_300_2026-02-11T064352Z_seed20260211,AgentWrongTool,VB-061,2,FileTool,read_csv,read_after_write_dependency,True,FileTool,read_csv,True,,E0,True
VBrun_scale_microbench_300_2026-02-11T064352Z_seed20260211,AgentWrongTool,VB-061,3,QueryTool,search,query_hits_reproducible,True,QueryTool,search,True,,E0,True
VBrun_scale_microbench_300_2026-02-11T064352Z_seed20260211,AgentWrongTool,VB-061,4,CalcTool,sum,value_equals,True,CalcTool,sum,True,,E0,True
VBrun_scale_microbench_300_2026-02-11T064352Z_seed20260211,AgentWrongTool,VB-061,5,CalcTool,sum,value_equals,True,CalcTool,sum,True,,E0,True
VBrun_scale_microbench_300_2026-02-11T064352Z_seed20260211,AgentWrongTool,VB-061,6,QueryTool,search,query_hits_reproducible,True,QueryTool,search,True,,E0,True
VBrun_scale_microbench_300_2026-02-11T064352Z_seed20260211,AgentWrongTool,VB-062,1,FileTool,write_csv,artifact_written_exists,True,FileTool,write_csv,True,,E0,True
VBrun_scale_microbench_300_2026-02-11T064352Z_seed20260211,AgentWrongTool,VB-062,2,FileTool,read_csv,read_after_write_dependency,True,FileTool,read_csv,True,,E0,True
VBrun_scale_microbench_300_2026-02-11T064352Z_seed20260211,AgentWrongTool,VB-062,3,QueryTool,search,query_hits_reproducible,True,QueryTool,search,True,,E0,True
VBrun_scale_microbench_300_2026-02-11T064352Z_seed20260211,AgentWrongTool,VB-062,4,CalcTool,sum,value_equals,True,CalcTool,sum,True,,E0,True
VBrun_scale_microbench_300_2026-02-11T064352Z_seed20260211,AgentWrongTool,VB-062,5,CalcTool,sum,value_equals,True,CalcTool,sum,True,,E0,True
VBrun_scale_microbench_300_2026-02-11T064352Z_seed20260211,AgentWrongTool,VB-062,6,QueryTool,search,query_hits_reproducible,True,QueryTool,search,True,,E0,True
VBrun_scale_microbench_300_2026-02-11T064352Z_seed20260211,AgentWrongTool,VB-062,7,CalcTool,sum,value_equals,True,CalcTool,sum,True,,E0,True
VBrun_scale_microbench_300_2026-02-11T064352Z_seed20260211,AgentWrongTool,VB-063,1,FileTool,write_csv,artifact_written_exists,True,FileTool,write_csv,True,,E0,True
VBrun_scale_microbench_300_2026-02-11T064352Z_seed20260211,AgentWrongTool,VB-063,2,FileTool,read_csv,read_after_write_dependency,True,FileTool,read_csv,True,,E0,True
VBrun_scale_microbench_300_2026-02-11T064352Z_seed20260211,AgentWrongTool,VB-063,3,QueryTool,search,query_hits_reproducible,True,QueryTool,search,True,,E0,True
VBrun_scale_microbench_300_2026-02-11T064352Z_seed20260211,AgentWrongTool,VB-063,4,CalcTool,sum,value_equals,True,CalcTool,sum,True,,E0,True
VBrun_scale_microbench_300_2026-02-11T064352Z_seed20260211,AgentWrongTool,VB-063,5,CalcTool,sum,value_equals,True,CalcTool,sum,True,,E0,True
VBrun_scale_microbench_300_2026-02-11T064352Z_seed20260211,AgentWrongTool,VB-063,6,QueryTool,search,query_hits_reproducible,True,QueryTool,search,True,,E0,True
VBrun_scale_microbench_300_2026-02-11T064352Z_seed20260211,AgentWrongTool,VB-063,7,CalcTool,sum,value_equals,True,CalcTool,sum,True,,E0,True
VBrun_scale_microbench_300_2026-02-11T064352Z_seed20260211,AgentWrongTool,VB-063,8,CalcTool,sum,value_equals,True,CalcTool,sum,True,,E0,True
VBrun_scale_microbench_300_2026-02-11T064352Z_seed20260211,AgentWrongTool,VB-064,1,FileTool,write_csv,artifact_written_exists,True,FileTool,write_csv,True,,E0,True
VBrun_scale_microbench_300_2026-02-11T064352Z_seed20260211,AgentWrongTool,VB-064,2,FileTool,read_csv,read_after_write_dependency,True,FileTool,read_csv,True,,E0,True
VBrun_scale_microbench_300_2026-02-11T064352Z_seed20260211,AgentWrongTool,VB-065,1,FileTool,write_csv,artifact_written_exists,True,FileTool,write_csv,True,,E0,True
VBrun_scale_microbench_300_2026-02-11T064352Z_seed20260211,AgentWrongTool,VB-065,2,FileTool,read_csv,read_after_write_dependency,True,FileTool,read_csv,True,,E0,True
VBrun_scale_microbench_300_2026-02-11T064352Z_seed20260211,AgentWrongTool,VB-065,3,QueryTool,search,query_hits_reproducible,True,QueryTool,search,True,,E0,True
VBrun_scale_microbench_300_2026-02-11T064352Z_seed20260211,AgentWrongTool,VB-066,1,FileTool,write_csv,artifact_written_exists,True,FileTool,write_csv,True,,E0,True
VBrun_scale_microbench_300_2026-02-11T064352Z_seed20260211,AgentWrongTool,VB-066,2,FileTool,read_csv,read_after_write_dependency,True,FileTool,read_csv,True,,E0,True
VBrun_scale_microbench_300_2026-02-11T064352Z_seed20260211,AgentWrongTool,VB-066,3,QueryTool,search,query_hits_reproducible,True,QueryTool,search,True,,E0,True
VBrun_scale_microbench_300_2026-02-11T064352Z_seed20260211,AgentWrongTool,VB-066,4,CalcTool,sum,value_equals,True,CalcTool,sum,True,,E0,True
VBrun_scale_microbench_300_2026-02-11T064352Z_seed20260211,AgentWrongTool,VB-067,1,FileTool,write_csv,artifact_written_exists,True,FileTool,write_csv,True,,E0,True
VBrun_scale_microbench_300_2026-02-11T064352Z_seed20260211,AgentWrongTool,VB-067,2,FileTool,read_csv,read_after_write_dependency,True,FileTool,read_csv,True,,E0,True
VBrun_scale_microbench_300_2026-02-11T064352Z_seed20260211,AgentWrongTool,VB-067,3,QueryTool,search,query_hits_reproducible,True,QueryTool,search,True,,E0,True
VBrun_scale_microbench_300_2026-02-11T064352Z_seed20260211,AgentWrongTool,VB-067,4,CalcTool,sum,value_equals,True,CalcTool,sum,True,,E0,True
VBrun_scale_microbench_300_2026-02-11T064352Z_seed20260211,AgentWrongTool,VB-067,5,CalcTool,sum,value_equals,True,CalcTool,sum,True,,E0,True
VBrun_scale_microbench_300_2026-02-11T064352Z_seed20260211,AgentWrongTool,VB-068,1,FileTool,write_csv,artifact_written_exists,True,FileTool,write_csv,True,,E0,True
VBrun_scale_microbench_300_2026-02-11T064352Z_seed20260211,AgentWrongTool,VB-068,2,FileTool,read_csv,read_after_write_dependency,True,FileTool,read_csv,True,,E0,True
VBrun_scale_microbench_300_2026-02-11T064352Z_seed20260211,AgentWrongTool,VB-068,3,QueryTool,search,query_hits_reproducible,True,QueryTool,search,True,,E0,True
VBrun_scale_microbench_300_2026-02-11T064352Z_seed20260211,AgentWrongTool,VB-068,4,CalcTool,sum,value_equals,True,CalcTool,sum,True,,E0,True
VBrun_scale_microbench_300_2026-02-11T064352Z_seed20260211,AgentWrongTool,VB-068,5,CalcTool,sum,value_equals,True,CalcTool,sum,True,,E0,True
VBrun_scale_microbench_300_2026-02-11T064352Z_seed20260211,AgentWrongTool,VB-068,6,QueryTool,search,query_hits_reproducible,True,QueryTool,search,True,,E0,True
VBrun_scale_microbench_300_2026-02-11T064352Z_seed20260211,AgentWrongTool,VB-069,1,FileTool,write_csv,artifact_written_exists,True,FileTool,write_csv,True,,E0,True
VBrun_scale_microbench_300_2026-02-11T064352Z_seed20260211,AgentWrongTool,VB-069,2,FileTool,read_csv,read_after_write_dependency,True,FileTool,read_csv,True,,E0,True
VBrun_scale_microbench_300_2026-02-11T064352Z_seed20260211,AgentWrongTool,VB-069,3,QueryTool,search,query_hits_reproducible,True,QueryTool,search,True,,E0,True
VBrun_scale_microbench_300_2026-02-11T064352Z_seed20260211,AgentWrongTool,VB-069,4,CalcTool,sum,value_equals,True,CalcTool,sum,True,,E0,True
VBrun_scale_microbench_300_2026-02-11T064352Z_seed20260211,AgentWrongTool,VB-069,5,CalcTool,sum,value_equals,True,CalcTool,sum,True,,E0,True
VBrun_scale_microbench_300_2026-02-11T064352Z_seed20260211,AgentWrongTool,VB-069,6,QueryTool,search,query_hits_reproducible,True,QueryTool,search,True,,E0,True
VBrun_scale_microbench_300_2026-02-11T064352Z_seed20260211,AgentWrongTool,VB-069,7,CalcTool,sum,value_equals,True,CalcTool,sum,True,,E0,True
VBrun_scale_microbench_300_2026-02-11T064352Z_seed20260211,AgentWrongTool,VB-070,1,FileTool,write_csv,artifact_written_exists,True,FileTool,write_csv,True,,E0,True
VBrun_scale_microbench_300_2026-02-11T064352Z_seed20260211,AgentWrongTool,VB-070,2,FileTool,read_csv,read_after_write_dependency,True,FileTool,read_csv,True,,E0,True
VBrun_scale_microbench_300_2026-02-11T064352Z_seed20260211,AgentWrongTool,VB-070,3,QueryTool,search,query_hits_reproducible,True,QueryTool,search,True,,E0,True
VBrun_scale_microbench_300_2026-02-11T064352Z_seed20260211,AgentWrongTool,VB-070,4,CalcTool,sum,value_equals,True,CalcTool,sum,True,,E0,True
VBrun_scale_microbench_300_2026-02-11T064352Z_seed20260211,AgentWrongTool,VB-070,5,CalcTool,sum,value_equals,True,CalcTool,sum,True,,E0,True
VBrun_scale_microbench_300_2026-02-11T064352Z_seed20260211,AgentWrongTool,VB-070,6,QueryTool,search,query_hits_reproducible,True,QueryTool,search,True,,E0,True
VBrun_scale_microbench_300_2026-02-11T064352Z_seed20260211,AgentWrongTool,VB-070,7,CalcTool,sum,value_equals,True,CalcTool,sum,True,,E0,True
VBrun_scale_microbench_300_2026-02-11T064352Z_seed20260211,AgentWrongTool,VB-070,8,CalcTool,sum,value_equals,True,CalcTool,sum,True,,E0,True
VBrun_scale_microbench_300_2026-02-11T064352Z_seed20260211,AgentWrongTool,VB-071,1,FileTool,write_csv,artifact_written_exists,True,FileTool,write_csv,True,,E0,True
VBrun_scale_microbench_300_2026-02-11T064352Z_seed20260211,AgentWrongTool,VB-071,2,FileTool,read_csv,read_after_write_dependency,True,FileTool,read_csv,True,,E0,True
VBrun_scale_microbench_300_2026-02-11T064352Z_seed20260211,AgentWrongTool,VB-072,1,FileTool,write_csv,artifact_written_exists,True,FileTool,write_csv,True,,E0,True
VBrun_scale_microbench_300_2026-02-11T064352Z_seed20260211,AgentWrongTool,VB-072,2,FileTool,read_csv,read_after_write_dependency,True,FileTool,read_csv,True,,E0,True
VBrun_scale_microbench_300_2026-02-11T064352Z_seed20260211,AgentWrongTool,VB-072,3,QueryTool,search,query_hits_reproducible,True,QueryTool,search,True,,E0,True
VBrun_scale_microbench_300_2026-02-11T064352Z_seed20260211,AgentWrongTool,VB-073,1,FileTool,write_csv,artifact_written_exists,True,FileTool,write_csv,True,,E0,True
VBrun_scale_microbench_300_2026-02-11T064352Z_seed20260211,AgentWrongTool,VB-073,2,FileTool,read_csv,read_after_write_dependency,True,FileTool,read_csv,True,,E0,True
VBrun_scale_microbench_300_2026-02-11T064352Z_seed20260211,AgentWrongTool,VB-073,3,QueryTool,search,query_hits_reproducible,True,QueryTool,search,True,,E0,True
VBrun_scale_microbench_300_2026-02-11T064352Z_seed20260211,AgentWrongTool,VB-073,4,CalcTool,sum,value_equals,True,CalcTool,sum,True,,E0,True
VBrun_scale_microbench_300_2026-02-11T064352Z_seed20260211,AgentWrongTool,VB-074,1,FileTool,write_csv,artifact_written_exists,True,FileTool,write_csv,True,,E0,True
VBrun_scale_microbench_300_2026-02-11T064352Z_seed20260211,AgentWrongTool,VB-074,2,FileTool,read_csv,read_after_write_dependency,True,FileTool,read_csv,True,,E0,True
VBrun_scale_microbench_300_2026-02-11T064352Z_seed20260211,AgentWrongTool,VB-074,3,QueryTool,search,query_hits_reproducible,True,QueryTool,search,True,,E0,True
VBrun_scale_microbench_300_2026-02-11T064352Z_seed20260211,AgentWrongTool,VB-074,4,CalcTool,sum,value_equals,True,CalcTool,sum,True,,E0,True
VBrun_scale_microbench_300_2026-02-11T064352Z_seed20260211,AgentWrongTool,VB-074,5,CalcTool,sum,value_equals,True,CalcTool,sum,True,,E0,True
VBrun_scale_microbench_300_2026-02-11T064352Z_seed20260211,AgentWrongTool,VB-075,1,FileTool,write_csv,artifact_written_exists,True,FileTool,write_csv,True,,E0,True
VBrun_scale_microbench_300_2026-02-11T064352Z_seed20260211,AgentWrongTool,VB-075,2,FileTool,read_csv,read_after_write_dependency,True,FileTool,read_csv,True,,E0,True
VBrun_scale_microbench_300_2026-02-11T064352Z_seed20260211,AgentWrongTool,VB-075,3,QueryTool,search,query_hits_reproducible,True,QueryTool,search,True,,E0,True
VBrun_scale_microbench_300_2026-02-11T064352Z_seed20260211,AgentWrongTool,VB-075,4,CalcTool,sum,value_equals,True,CalcTool,sum,True,,E0,True
VBrun_scale_microbench_300_2026-02-11T064352Z_seed20260211,AgentWrongTool,VB-075,5,CalcTool,sum,value_equals,True,CalcTool,sum,True,,E0,True
VBrun_scale_microbench_300_2026-02-11T064352Z_seed20260211,AgentWrongTool,VB-075,6,QueryTool,search,query_hits_reproducible,True,QueryTool,search,True,,E0,True
VBrun_scale_microbench_300_2026-02-11T064352Z_seed20260211,AgentWrongTool,VB-076,1,FileTool,write_csv,artifact_written_exists,True,FileTool,write_csv,True,,E0,True
VBrun_scale_microbench_300_2026-02-11T064352Z_seed20260211,AgentWrongTool,VB-076,2,FileTool,read_csv,read_after_write_dependency,True,FileTool,read_csv,True,,E0,True
VBrun_scale_microbench_300_2026-02-11T064352Z_seed20260211,AgentWrongTool,VB-076,3,QueryTool,search,query_hits_reproducible,True,QueryTool,search,True,,E0,True
VBrun_scale_microbench_300_2026-02-11T064352Z_seed20260211,AgentWrongTool,VB-076,4,CalcTool,sum,value_equals,True,CalcTool,sum,True,,E0,True
VBrun_scale_microbench_300_2026-02-11T064352Z_seed20260211,AgentWrongTool,VB-076,5,CalcTool,sum,value_equals,True,CalcTool,sum,True,,E0,True
VBrun_scale_microbench_300_2026-02-11T064352Z_seed20260211,AgentWrongTool,VB-076,6,QueryTool,search,query_hits_reproducible,True,QueryTool,search,True,,E0,True
VBrun_scale_microbench_300_2026-02-11T064352Z_seed20260211,AgentWrongTool,VB-076,7,CalcTool,sum,value_equals,True,CalcTool,sum,True,,E0,True
VBrun_scale_microbench_300_2026-02-11T064352Z_seed20260211,AgentWrongTool,VB-077,1,FileTool,write_csv,artifact_written_exists,True,FileTool,write_csv,True,,E0,True
VBrun_scale_microbench_300_2026-02-11T064352Z_seed20260211,AgentWrongTool,VB-077,2,FileTool,read_csv,read_after_write_dependency,True,FileTool,read_csv,True,,E0,True
VBrun_scale_microbench_300_2026-02-11T064352Z_seed20260211,AgentWrongTool,VB-077,3,QueryTool,search,query_hits_reproducible,True,QueryTool,search,True,,E0,True
VBrun_scale_microbench_300_2026-02-11T064352Z_seed20260211,AgentWrongTool,VB-077,4,CalcTool,sum,value_equals,True,CalcTool,sum,True,,E0,True
VBrun_scale_microbench_300_2026-02-11T064352Z_seed20260211,AgentWrongTool,VB-077,5,CalcTool,sum,value_equals,True,CalcTool,sum,True,,E0,True
VBrun_scale_microbench_300_2026-02-11T064352Z_seed20260211,AgentWrongTool,VB-077,6,QueryTool,search,query_hits_reproducible,True,QueryTool,search,True,,E0,True
VBrun_scale_microbench_300_2026-02-11T064352Z_seed20260211,AgentWrongTool,VB-077,7,CalcTool,sum,value_equals,True,CalcTool,sum,True,,E0,True
VBrun_scale_microbench_300_2026-02-11T064352Z_seed20260211,AgentWrongTool,VB-077,8,CalcTool,sum,value_equals,True,CalcTool,sum,True,,E0,True
VBrun_scale_microbench_300_2026-02-11T064352Z_seed20260211,AgentWrongTool,VB-078,1,FileTool,write_csv,artifact_written_exists,True,FileTool,write_csv,True,,E0,True
VBrun_scale_microbench_300_2026-02-11T064352Z_seed20260211,AgentWrongTool,VB-078,2,FileTool,read_csv,read_after_write_dependency,True,FileTool,read_csv,True,,E0,True
VBrun_scale_microbench_300_2026-02-11T064352Z_seed20260211,AgentWrongTool,VB-079,1,FileTool,write_csv,artifact_written_exists,True,FileTool,write_csv,True,,E0,True
VBrun_scale_microbench_300_2026-02-11T064352Z_seed20260211,AgentWrongTool,VB-079,2,FileTool,read_csv,read_after_write_dependency,True,FileTool,read_csv,True,,E0,True
VBrun_scale_microbench_300_2026-02-11T064352Z_seed20260211,AgentWrongTool,VB-079,3,QueryTool,search,query_hits_reproducible,True,QueryTool,search,True,,E0,True
VBrun_scale_microbench_300_2026-02-11T064352Z_seed20260211,AgentWrongTool,VB-080,1,FileTool,write_csv,artifact_written_exists,True,FileTool,write_csv,True,,E0,True
VBrun_scale_microbench_300_2026-02-11T064352Z_seed20260211,AgentWrongTool,VB-080,2,FileTool,read_csv,read_after_write_dependency,True,FileTool,read_csv,True,,E0,True
VBrun_scale_microbench_300_2026-02-11T064352Z_seed20260211,AgentWrongTool,VB-080,3,QueryTool,search,query_hits_reproducible,True,QueryTool,search,True,,E0,True
VBrun_scale_microbench_300_2026-02-11T064352Z_seed20260211,AgentWrongTool,VB-080,4,CalcTool,sum,value_equals,True,CalcTool,sum,True,,E0,True
VBrun_scale_microbench_300_2026-02-11T064352Z_seed20260211,AgentWrongTool,VB-081,1,FileTool,write_csv,artifact_written_exists,True,FileTool,write_csv,True,,E0,True
VBrun_scale_microbench_300_2026-02-11T064352Z_seed20260211,AgentWrongTool,VB-081,2,FileTool,read_csv,read_after_write_dependency,True,FileTool,read_csv,True,,E0,True
VBrun_scale_microbench_300_2026-02-11T064352Z_seed20260211,AgentWrongTool,VB-081,3,QueryTool,search,query_hits_reproducible,True,QueryTool,search,True,,E0,True
VBrun_scale_microbench_300_2026-02-11T064352Z_seed20260211,AgentWrongTool,VB-081,4,CalcTool,sum,value_equals,True,CalcTool,sum,True,,E0,True
VBrun_scale_microbench_300_2026-02-11T064352Z_seed20260211,AgentWrongTool,VB-081,5,CalcTool,sum,value_equals,True,CalcTool,sum,True,,E0,True
VBrun_scale_microbench_300_2026-02-11T064352Z_seed20260211,AgentWrongTool,VB-082,1,FileTool,write_csv,artifact_written_exists,True,FileTool,write_csv,True,,E0,True
VBrun_scale_microbench_300_2026-02-11T064352Z_seed20260211,AgentWrongTool,VB-082,2,FileTool,read_csv,read_after_write_dependency,True,FileTool,read_csv,True,,E0,True
VBrun_scale_microbench_300_2026-02-11T064352Z_seed20260211,AgentWrongTool,VB-082,3,QueryTool,search,query_hits_reproducible,True,QueryTool,search,True,,E0,True
VBrun_scale_microbench_300_2026-02-11T064352Z_seed20260211,AgentWrongTool,VB-082,4,CalcTool,sum,value_equals,True,CalcTool,sum,True,,E0,True
VBrun_scale_microbench_300_2026-02-11T064352Z_seed20260211,AgentWrongTool,VB-082,5,CalcTool,sum,value_equals,True,CalcTool,sum,True,,E0,True
VBrun_scale_microbench_300_2026-02-11T064352Z_seed20260211,AgentWrongTool,VB-082,6,QueryTool,search,query_hits_reproducible,True,QueryTool,search,True,,E0,True
VBrun_scale_microbench_300_2026-02-11T064352Z_seed20260211,AgentWrongTool,VB-083,1,FileTool,write_csv,artifact_written_exists,True,FileTool,write_csv,True,,E0,True
VBrun_scale_microbench_300_2026-02-11T064352Z_seed20260211,AgentWrongTool,VB-083,2,FileTool,read_csv,read_after_write_dependency,True,FileTool,read_csv,True,,E0,True
VBrun_scale_microbench_300_2026-02-11T064352Z_seed20260211,AgentWrongTool,VB-083,3,QueryTool,search,query_hits_reproducible,True,QueryTool,search,True,,E0,True
VBrun_scale_microbench_300_2026-02-11T064352Z_seed20260211,AgentWrongTool,VB-083,4,CalcTool,sum,value_equals,True,CalcTool,sum,True,,E0,True
VBrun_scale_microbench_300_2026-02-11T064352Z_seed20260211,AgentWrongTool,VB-083,5,CalcTool,sum,value_equals,True,CalcTool,sum,True,,E0,True
VBrun_scale_microbench_300_2026-02-11T064352Z_seed20260211,AgentWrongTool,VB-083,6,QueryTool,search,query_hits_reproducible,True,QueryTool,search,True,,E0,True
VBrun_scale_microbench_300_2026-02-11T064352Z_seed20260211,AgentWrongTool,VB-083,7,CalcTool,sum,value_equals,True,CalcTool,sum,True,,E0,True
VBrun_scale_microbench_300_2026-02-11T064352Z_seed20260211,AgentWrongTool,VB-084,1,FileTool,write_csv,artifact_written_exists,True,FileTool,write_csv,True,,E0,True
VBrun_scale_microbench_300_2026-02-11T064352Z_seed20260211,AgentWrongTool,VB-084,2,FileTool,read_csv,read_after_write_dependency,True,FileTool,read_csv,True,,E0,True
VBrun_scale_microbench_300_2026-02-11T064352Z_seed20260211,AgentWrongTool,VB-084,3,QueryTool,search,query_hits_reproducible,True,QueryTool,search,True,,E0,True
VBrun_scale_microbench_300_2026-02-11T064352Z_seed20260211,AgentWrongTool,VB-084,4,CalcTool,sum,value_equals,True,CalcTool,sum,True,,E0,True
VBrun_scale_microbench_300_2026-02-11T064352Z_seed20260211,AgentWrongTool,VB-084,5,CalcTool,sum,value_equals,True,CalcTool,sum,True,,E0,True
VBrun_scale_microbench_300_2026-02-11T064352Z_seed20260211,AgentWrongTool,VB-084,6,QueryTool,search,query_hits_reproducible,True,QueryTool,search,True,,E0,True
VBrun_scale_microbench_300_2026-02-11T064352Z_seed20260211,AgentWrongTool,VB-084,7,CalcTool,sum,value_equals,True,CalcTool,sum,True,,E0,True
VBrun_scale_microbench_300_2026-02-11T064352Z_seed20260211,AgentWrongTool,VB-084,8,CalcTool,sum,value_equals,True,CalcTool,sum,True,,E0,True
VBrun_scale_microbench_300_2026-02-11T064352Z_seed20260211,AgentWrongTool,VB-085,1,FileTool,write_csv,artifact_written_exists,True,FileTool,write_csv,True,,E0,True
VBrun_scale_microbench_300_2026-02-11T064352Z_seed20260211,AgentWrongTool,VB-085,2,FileTool,read_csv,read_after_write_dependency,True,FileTool,read_csv,True,,E0,True
VBrun_scale_microbench_300_2026-02-11T064352Z_seed20260211,AgentWrongTool,VB-086,1,FileTool,write_csv,artifact_written_exists,True,FileTool,write_csv,True,,E0,True
VBrun_scale_microbench_300_2026-02-11T064352Z_seed20260211,AgentWrongTool,VB-086,2,FileTool,read_csv,read_after_write_dependency,True,FileTool,read_csv,True,,E0,True
VBrun_scale_microbench_300_2026-02-11T064352Z_seed20260211,AgentWrongTool,VB-086,3,QueryTool,search,query_hits_reproducible,True,QueryTool,search,True,,E0,True
VBrun_scale_microbench_300_2026-02-11T064352Z_seed20260211,AgentWrongTool,VB-087,1,FileTool,write_csv,artifact_written_exists,True,FileTool,write_csv,True,,E0,True
VBrun_scale_microbench_300_2026-02-11T064352Z_seed20260211,AgentWrongTool,VB-087,2,FileTool,read_csv,read_after_write_dependency,True,FileTool,read_csv,True,,E0,True
VBrun_scale_microbench_300_2026-02-11T064352Z_seed20260211,AgentWrongTool,VB-087,3,QueryTool,search,query_hits_reproducible,True,QueryTool,search,True,,E0,True
VBrun_scale_microbench_300_2026-02-11T064352Z_seed20260211,AgentWrongTool,VB-087,4,CalcTool,sum,value_equals,True,CalcTool,sum,True,,E0,True
VBrun_scale_microbench_300_2026-02-11T064352Z_seed20260211,AgentWrongTool,VB-088,1,FileTool,write_csv,artifact_written_exists,True,FileTool,write_csv,True,,E0,True
VBrun_scale_microbench_300_2026-02-11T064352Z_seed20260211,AgentWrongTool,VB-088,2,FileTool,read_csv,read_after_write_dependency,True,FileTool,read_csv,True,,E0,True
VBrun_scale_microbench_300_2026-02-11T064352Z_seed20260211,AgentWrongTool,VB-088,3,QueryTool,search,query_hits_reproducible,True,QueryTool,search,True,,E0,True
VBrun_scale_microbench_300_2026-02-11T064352Z_seed20260211,AgentWrongTool,VB-088,4,CalcTool,sum,value_equals,True,CalcTool,sum,True,,E0,True
VBrun_scale_microbench_300_2026-02-11T064352Z_seed20260211,AgentWrongTool,VB-088,5,CalcTool,sum,value_equals,True,CalcTool,sum,True,,E0,True
VBrun_scale_microbench_300_2026-02-11T064352Z_seed20260211,AgentWrongTool,VB-089,1,FileTool,write_csv,artifact_written_exists,True,FileTool,write_csv,True,,E0,True
VBrun_scale_microbench_300_2026-02-11T064352Z_seed20260211,AgentWrongTool,VB-089,2,FileTool,read_csv,read_after_write_dependency,True,FileTool,read_csv,True,,E0,True
VBrun_scale_microbench_300_2026-02-11T064352Z_seed20260211,AgentWrongTool,VB-089,3,QueryTool,search,query_hits_reproducible,True,QueryTool,search,True,,E0,True
VBrun_scale_microbench_300_2026-02-11T064352Z_seed20260211,AgentWrongTool,VB-089,4,CalcTool,sum,value_equals,True,CalcTool,sum,True,,E0,True
VBrun_scale_microbench_300_2026-02-11T064352Z_seed20260211,AgentWrongTool,VB-089,5,CalcTool,sum,value_equals,True,CalcTool,sum,True,,E0,True
VBrun_scale_microbench_300_2026-02-11T064352Z_seed20260211,AgentWrongTool,VB-089,6,QueryTool,search,query_hits_reproducible,True,QueryTool,search,True,,E0,True
VBrun_scale_microbench_300_2026-02-11T064352Z_seed20260211,AgentWrongTool,VB-090,1,FileTool,write_csv,artifact_written_exists,True,FileTool,write_csv,True,,E0,True
VBrun_scale_microbench_300_2026-02-11T064352Z_seed20260211,AgentWrongTool,VB-090,2,FileTool,read_csv,read_after_write_dependency,True,FileTool,read_csv,True,,E0,True
VBrun_scale_microbench_300_2026-02-11T064352Z_seed20260211,AgentWrongTool,VB-090,3,QueryTool,search,query_hits_reproducible,True,QueryTool,search,True,,E0,True
VBrun_scale_microbench_300_2026-02-11T064352Z_seed20260211,AgentWrongTool,VB-090,4,CalcTool,sum,value_equals,True,CalcTool,sum,True,,E0,True
VBrun_scale_microbench_300_2026-02-11T064352Z_seed20260211,AgentWrongTool,VB-090,5,CalcTool,sum,value_equals,True,CalcTool,sum,True,,E0,True
VBrun_scale_microbench_300_2026-02-11T064352Z_seed20260211,AgentWrongTool,VB-090,6,QueryTool,search,query_hits_reproducible,True,QueryTool,search,True,,E0,True
VBrun_scale_microbench_300_2026-02-11T064352Z_seed20260211,AgentWrongTool,VB-090,7,CalcTool,sum,value_equals,True,CalcTool,sum,True,,E0,True
VBrun_scale_microbench_300_2026-02-11T064352Z_seed20260211,AgentWrongTool,VB-091,1,FileTool,write_csv,artifact_written_exists,True,FileTool,write_csv,True,,E0,True
VBrun_scale_microbench_300_2026-02-11T064352Z_seed20260211,AgentWrongTool,VB-091,2,FileTool,read_csv,read_after_write_dependency,True,FileTool,read_csv,True,,E0,True
VBrun_scale_microbench_300_2026-02-11T064352Z_seed20260211,AgentWrongTool,VB-091,3,QueryTool,search,query_hits_reproducible,True,QueryTool,search,True,,E0,True
VBrun_scale_microbench_300_2026-02-11T064352Z_seed20260211,AgentWrongTool,VB-091,4,CalcTool,sum,value_equals,True,CalcTool,sum,True,,E0,True
VBrun_scale_microbench_300_2026-02-11T064352Z_seed20260211,AgentWrongTool,VB-091,5,CalcTool,sum,value_equals,True,CalcTool,sum,True,,E0,True
VBrun_scale_microbench_300_2026-02-11T064352Z_seed20260211,AgentWrongTool,VB-091,6,QueryTool,search,query_hits_reproducible,True,QueryTool,search,True,,E0,True
VBrun_scale_microbench_300_2026-02-11T064352Z_seed20260211,AgentWrongTool,VB-091,7,CalcTool,sum,value_equals,True,CalcTool,sum,True,,E0,True
VBrun_scale_microbench_300_2026-02-11T064352Z_seed20260211,AgentWrongTool,VB-091,8,CalcTool,sum,value_equals,True,CalcTool,sum,True,,E0,True
VBrun_scale_microbench_300_2026-02-11T064352Z_seed20260211,AgentWrongTool,VB-092,1,FileTool,write_csv,artifact_written_exists,True,FileTool,write_csv,True,,E0,True
VBrun_scale_microbench_300_2026-02-11T064352Z_seed20260211,AgentWrongTool,VB-092,2,FileTool,read_csv,read_after_write_dependency,True,FileTool,read_csv,True,,E0,True
VBrun_scale_microbench_300_2026-02-11T064352Z_seed20260211,AgentWrongTool,VB-093,1,FileTool,write_csv,artifact_written_exists,True,FileTool,write_csv,True,,E0,True
VBrun_scale_microbench_300_2026-02-11T064352Z_seed20260211,AgentWrongTool,VB-093,2,FileTool,read_csv,read_after_write_dependency,True,FileTool,read_csv,True,,E0,True
VBrun_scale_microbench_300_2026-02-11T064352Z_seed20260211,AgentWrongTool,VB-093,3,QueryTool,search,query_hits_reproducible,True,QueryTool,search,True,,E0,True
VBrun_scale_microbench_300_2026-02-11T064352Z_seed20260211,AgentWrongTool,VB-094,1,FileTool,write_csv,artifact_written_exists,True,FileTool,write_csv,True,,E0,True
VBrun_scale_microbench_300_2026-02-11T064352Z_seed20260211,AgentWrongTool,VB-094,2,FileTool,read_csv,read_after_write_dependency,True,FileTool,read_csv,True,,E0,True
VBrun_scale_microbench_300_2026-02-11T064352Z_seed20260211,AgentWrongTool,VB-094,3,QueryTool,search,query_hits_reproducible,True,QueryTool,search,True,,E0,True
VBrun_scale_microbench_300_2026-02-11T064352Z_seed20260211,AgentWrongTool,VB-094,4,CalcTool,sum,value_equals,True,CalcTool,sum,True,,E0,True
VBrun_scale_microbench_300_2026-02-11T064352Z_seed20260211,AgentWrongTool,VB-095,1,FileTool,write_csv,artifact_written_exists,True,FileTool,write_csv,True,,E0,True
VBrun_scale_microbench_300_2026-02-11T064352Z_seed20260211,AgentWrongTool,VB-095,2,FileTool,read_csv,read_after_write_dependency,True,FileTool,read_csv,True,,E0,True
VBrun_scale_microbench_300_2026-02-11T064352Z_seed20260211,AgentWrongTool,VB-095,3,QueryTool,search,query_hits_reproducible,True,QueryTool,search,True,,E0,True
VBrun_scale_microbench_300_2026-02-11T064352Z_seed20260211,AgentWrongTool,VB-095,4,CalcTool,sum,value_equals,True,CalcTool,sum,True,,E0,True
VBrun_scale_microbench_300_2026-02-11T064352Z_seed20260211,AgentWrongTool,VB-095,5,CalcTool,sum,value_equals,True,CalcTool,sum,True,,E0,True
VBrun_scale_microbench_300_2026-02-11T064352Z_seed20260211,AgentWrongTool,VB-096,1,FileTool,write_csv,artifact_written_exists,True,FileTool,write_csv,True,,E0,True
VBrun_scale_microbench_300_2026-02-11T064352Z_seed20260211,AgentWrongTool,VB-096,2,FileTool,read_csv,read_after_write_dependency,True,FileTool,read_csv,True,,E0,True
VBrun_scale_microbench_300_2026-02-11T064352Z_seed20260211,AgentWrongTool,VB-096,3,QueryTool,search,query_hits_reproducible,True,QueryTool,search,True,,E0,True
VBrun_scale_microbench_300_2026-02-11T064352Z_seed20260211,AgentWrongTool,VB-096,4,CalcTool,sum,value_equals,True,CalcTool,sum,True,,E0,True
VBrun_scale_microbench_300_2026-02-11T064352Z_seed20260211,AgentWrongTool,VB-096,5,CalcTool,sum,value_equals,True,CalcTool,sum,True,,E0,True
VBrun_scale_microbench_300_2026-02-11T064352Z_seed20260211,AgentWrongTool,VB-096,6,QueryTool,search,query_hits_reproducible,True,QueryTool,search,True,,E0,True
VBrun_scale_microbench_300_2026-02-11T064352Z_seed20260211,AgentWrongTool,VB-097,1,FileTool,write_csv,artifact_written_exists,True,FileTool,write_csv,True,,E0,True
VBrun_scale_microbench_300_2026-02-11T064352Z_seed20260211,AgentWrongTool,VB-097,2,FileTool,read_csv,read_after_write_dependency,True,FileTool,read_csv,True,,E0,True
VBrun_scale_microbench_300_2026-02-11T064352Z_seed20260211,AgentWrongTool,VB-097,3,QueryTool,search,query_hits_reproducible,True,QueryTool,search,True,,E0,True
VBrun_scale_microbench_300_2026-02-11T064352Z_seed20260211,AgentWrongTool,VB-097,4,CalcTool,sum,value_equals,True,CalcTool,sum,True,,E0,True
VBrun_scale_microbench_300_2026-02-11T064352Z_seed20260211,AgentWrongTool,VB-097,5,CalcTool,sum,value_equals,True,CalcTool,sum,True,,E0,True
VBrun_scale_microbench_300_2026-02-11T064352Z_seed20260211,AgentWrongTool,VB-097,6,QueryTool,search,query_hits_reproducible,True,QueryTool,search,True,,E0,True
VBrun_scale_microbench_300_2026-02-11T064352Z_seed20260211,AgentWrongTool,VB-097,7,CalcTool,sum,value_equals,True,CalcTool,sum,True,,E0,True
VBrun_scale_microbench_300_2026-02-11T064352Z_seed20260211,AgentWrongTool,VB-098,1,FileTool,write_csv,artifact_written_exists,True,FileTool,write_csv,True,,E0,True
VBrun_scale_microbench_300_2026-02-11T064352Z_seed20260211,AgentWrongTool,VB-098,2,FileTool,read_csv,read_after_write_dependency,True,FileTool,read_csv,True,,E0,True
VBrun_scale_microbench_300_2026-02-11T064352Z_seed20260211,AgentWrongTool,VB-098,3,QueryTool,search,query_hits_reproducible,True,QueryTool,search,True,,E0,True
VBrun_scale_microbench_300_2026-02-11T064352Z_seed20260211,AgentWrongTool,VB-098,4,CalcTool,sum,value_equals,True,CalcTool,sum,True,,E0,True
VBrun_scale_microbench_300_2026-02-11T064352Z_seed20260211,AgentWrongTool,VB-098,5,CalcTool,sum,value_equals,True,CalcTool,sum,True,,E0,True
VBrun_scale_microbench_300_2026-02-11T064352Z_seed20260211,AgentWrongTool,VB-098,6,QueryTool,search,query_hits_reproducible,True,QueryTool,search,True,,E0,True
VBrun_scale_microbench_300_2026-02-11T064352Z_seed20260211,AgentWrongTool,VB-098,7,CalcTool,sum,value_equals,True,CalcTool,sum,True,,E0,True
VBrun_scale_microbench_300_2026-02-11T064352Z_seed20260211,AgentWrongTool,VB-098,8,CalcTool,sum,value_equals,True,CalcTool,sum,True,,E0,True
VBrun_scale_microbench_300_2026-02-11T064352Z_seed20260211,AgentWrongTool,VB-099,1,FileTool,write_csv,artifact_written_exists,True,FileTool,write_csv,True,,E0,True
VBrun_scale_microbench_300_2026-02-11T064352Z_seed20260211,AgentWrongTool,VB-099,2,FileTool,read_csv,read_after_write_dependency,True,FileTool,read_csv,True,,E0,True
VBrun_scale_microbench_300_2026-02-11T064352Z_seed20260211,AgentWrongTool,VB-100,1,FileTool,write_csv,artifact_written_exists,True,FileTool,write_csv,True,,E0,True
VBrun_scale_microbench_300_2026-02-11T064352Z_seed20260211,AgentWrongTool,VB-100,2,FileTool,read_csv,read_after_write_dependency,True,FileTool,read_csv,True,,E0,True
VBrun_scale_microbench_300_2026-02-11T064352Z_seed20260211,AgentWrongTool,VB-100,3,QueryTool,search,query_hits_reproducible,True,QueryTool,search,True,,E0,True
VBrun_scale_microbench_300_2026-02-11T064352Z_seed20260211,AgentWrongTool,VB-101,1,FileTool,write_csv,artifact_written_exists,True,FileTool,write_csv,True,,E0,True
VBrun_scale_microbench_300_2026-02-11T064352Z_seed20260211,AgentWrongTool,VB-101,2,FileTool,read_csv,read_after_write_dependency,True,FileTool,read_csv,True,,E0,True
VBrun_scale_microbench_300_2026-02-11T064352Z_seed20260211,AgentWrongTool,VB-101,3,QueryTool,search,query_hits_reproducible,True,QueryTool,search,True,,E0,True
VBrun_scale_microbench_300_2026-02-11T064352Z_seed20260211,AgentWrongTool,VB-101,4,CalcTool,sum,value_equals,True,CalcTool,sum,True,,E0,True
VBrun_scale_microbench_300_2026-02-11T064352Z_seed20260211,AgentWrongTool,VB-102,1,FileTool,write_csv,artifact_written_exists,True,FileTool,write_csv,True,,E0,True
VBrun_scale_microbench_300_2026-02-11T064352Z_seed20260211,AgentWrongTool,VB-102,2,FileTool,read_csv,read_after_write_dependency,True,FileTool,read_csv,True,,E0,True
VBrun_scale_microbench_300_2026-02-11T064352Z_seed20260211,AgentWrongTool,VB-102,3,QueryTool,search,query_hits_reproducible,True,QueryTool,search,True,,E0,True
VBrun_scale_microbench_300_2026-02-11T064352Z_seed20260211,AgentWrongTool,VB-102,4,CalcTool,sum,value_equals,True,CalcTool,sum,True,,E0,True
VBrun_scale_microbench_300_2026-02-11T064352Z_seed20260211,AgentWrongTool,VB-102,5,CalcTool,sum,value_equals,True,CalcTool,sum,True,,E0,True
VBrun_scale_microbench_300_2026-02-11T064352Z_seed20260211,AgentWrongTool,VB-103,1,FileTool,write_csv,artifact_written_exists,True,FileTool,write_csv,True,,E0,True
VBrun_scale_microbench_300_2026-02-11T064352Z_seed20260211,AgentWrongTool,VB-103,2,FileTool,read_csv,read_after_write_dependency,True,FileTool,read_csv,True,,E0,True
VBrun_scale_microbench_300_2026-02-11T064352Z_seed20260211,AgentWrongTool,VB-103,3,QueryTool,search,query_hits_reproducible,True,QueryTool,search,True,,E0,True
VBrun_scale_microbench_300_2026-02-11T064352Z_seed20260211,AgentWrongTool,VB-103,4,CalcTool,sum,value_equals,True,CalcTool,sum,True,,E0,True
VBrun_scale_microbench_300_2026-02-11T064352Z_seed20260211,AgentWrongTool,VB-103,5,CalcTool,sum,value_equals,True,CalcTool,sum,True,,E0,True
VBrun_scale_microbench_300_2026-02-11T064352Z_seed20260211,AgentWrongTool,VB-103,6,QueryTool,search,query_hits_reproducible,True,QueryTool,search,True,,E0,True
VBrun_scale_microbench_300_2026-02-11T064352Z_seed20260211,AgentWrongTool,VB-104,1,FileTool,write_csv,artifact_written_exists,True,FileTool,write_csv,True,,E0,True
VBrun_scale_microbench_300_2026-02-11T064352Z_seed20260211,AgentWrongTool,VB-104,2,FileTool,read_csv,read_after_write_dependency,True,FileTool,read_csv,True,,E0,True
VBrun_scale_microbench_300_2026-02-11T064352Z_seed20260211,AgentWrongTool,VB-104,3,QueryTool,search,query_hits_reproducible,True,QueryTool,search,True,,E0,True
VBrun_scale_microbench_300_2026-02-11T064352Z_seed20260211,AgentWrongTool,VB-104,4,CalcTool,sum,value_equals,True,CalcTool,sum,True,,E0,True
VBrun_scale_microbench_300_2026-02-11T064352Z_seed20260211,AgentWrongTool,VB-104,5,CalcTool,sum,value_equals,True,CalcTool,sum,True,,E0,True
VBrun_scale_microbench_300_2026-02-11T064352Z_seed20260211,AgentWrongTool,VB-104,6,QueryTool,search,query_hits_reproducible,True,QueryTool,search,True,,E0,True
VBrun_scale_microbench_300_2026-02-11T064352Z_seed20260211,AgentWrongTool,VB-104,7,CalcTool,sum,value_equals,True,CalcTool,sum,True,,E0,True
VBrun_scale_microbench_300_2026-02-11T064352Z_seed20260211,AgentWrongTool,VB-105,1,FileTool,write_csv,artifact_written_exists,True,FileTool,write_csv,True,,E0,True
VBrun_scale_microbench_300_2026-02-11T064352Z_seed20260211,AgentWrongTool,VB-105,2,FileTool,read_csv,read_after_write_dependency,True,FileTool,read_csv,True,,E0,True
VBrun_scale_microbench_300_2026-02-11T064352Z_seed20260211,AgentWrongTool,VB-105,3,QueryTool,search,query_hits_reproducible,True,QueryTool,search,True,,E0,True
VBrun_scale_microbench_300_2026-02-11T064352Z_seed20260211,AgentWrongTool,VB-105,4,CalcTool,sum,value_equals,True,CalcTool,sum,True,,E0,True
VBrun_scale_microbench_300_2026-02-11T064352Z_seed20260211,AgentWrongTool,VB-105,5,CalcTool,sum,value_equals,True,CalcTool,sum,True,,E0,True
VBrun_scale_microbench_300_2026-02-11T064352Z_seed20260211,AgentWrongTool,VB-105,6,QueryTool,search,query_hits_reproducible,True,QueryTool,search,True,,E0,True
VBrun_scale_microbench_300_2026-02-11T064352Z_seed20260211,AgentWrongTool,VB-105,7,CalcTool,sum,value_equals,True,CalcTool,sum,True,,E0,True
VBrun_scale_microbench_300_2026-02-11T064352Z_seed20260211,AgentWrongTool,VB-105,8,CalcTool,sum,value_equals,True,CalcTool,sum,True,,E0,True
VBrun_scale_microbench_300_2026-02-11T064352Z_seed20260211,AgentWrongTool,VB-106,1,FileTool,write_csv,artifact_written_exists,True,FileTool,write_csv,True,,E0,True
VBrun_scale_microbench_300_2026-02-11T064352Z_seed20260211,AgentWrongTool,VB-106,2,FileTool,read_csv,read_after_write_dependency,True,FileTool,read_csv,True,,E0,True
VBrun_scale_microbench_300_2026-02-11T064352Z_seed20260211,AgentWrongTool,VB-107,1,FileTool,write_csv,artifact_written_exists,True,FileTool,write_csv,True,,E0,True
VBrun_scale_microbench_300_2026-02-11T064352Z_seed20260211,AgentWrongTool,VB-107,2,FileTool,read_csv,read_after_write_dependency,True,FileTool,read_csv,True,,E0,True
VBrun_scale_microbench_300_2026-02-11T064352Z_seed20260211,AgentWrongTool,VB-107,3,QueryTool,search,query_hits_reproducible,True,QueryTool,search,True,,E0,True
VBrun_scale_microbench_300_2026-02-11T064352Z_seed20260211,AgentWrongTool,VB-108,1,FileTool,write_csv,artifact_written_exists,True,FileTool,write_csv,True,,E0,True
VBrun_scale_microbench_300_2026-02-11T064352Z_seed20260211,AgentWrongTool,VB-108,2,FileTool,read_csv,read_after_write_dependency,True,FileTool,read_csv,True,,E0,True
VBrun_scale_microbench_300_2026-02-11T064352Z_seed20260211,AgentWrongTool,VB-108,3,QueryTool,search,query_hits_reproducible,True,QueryTool,search,True,,E0,True
VBrun_scale_microbench_300_2026-02-11T064352Z_seed20260211,AgentWrongTool,VB-108,4,CalcTool,sum,value_equals,True,CalcTool,sum,True,,E0,True
VBrun_scale_microbench_300_2026-02-11T064352Z_seed20260211,AgentWrongTool,VB-109,1,FileTool,write_csv,artifact_written_exists,True,FileTool,write_csv,True,,E0,True
VBrun_scale_microbench_300_2026-02-11T064352Z_seed20260211,AgentWrongTool,VB-109,2,FileTool,read_csv,read_after_write_dependency,True,FileTool,read_csv,True,,E0,True
VBrun_scale_microbench_300_2026-02-11T064352Z_seed20260211,AgentWrongTool,VB-109,3,QueryTool,search,query_hits_reproducible,True,QueryTool,search,True,,E0,True
VBrun_scale_microbench_300_2026-02-11T064352Z_seed20260211,AgentWrongTool,VB-109,4,CalcTool,sum,value_equals,True,CalcTool,sum,True,,E0,True
VBrun_scale_microbench_300_2026-02-11T064352Z_seed20260211,AgentWrongTool,VB-109,5,CalcTool,sum,value_equals,True,CalcTool,sum,True,,E0,True
VBrun_scale_microbench_300_2026-02-11T064352Z_seed20260211,AgentWrongTool,VB-110,1,FileTool,write_csv,artifact_written_exists,True,FileTool,write_csv,True,,E0,True
VBrun_scale_microbench_300_2026-02-11T064352Z_seed20260211,AgentWrongTool,VB-110,2,FileTool,read_csv,read_after_write_dependency,True,FileTool,read_csv,True,,E0,True
VBrun_scale_microbench_300_2026-02-11T064352Z_seed20260211,AgentWrongTool,VB-110,3,QueryTool,search,query_hits_reproducible,True,QueryTool,search,True,,E0,True
VBrun_scale_microbench_300_2026-02-11T064352Z_seed20260211,AgentWrongTool,VB-110,4,CalcTool,sum,value_equals,True,CalcTool,sum,True,,E0,True
VBrun_scale_microbench_300_2026-02-11T064352Z_seed20260211,AgentWrongTool,VB-110,5,CalcTool,sum,value_equals,True,CalcTool,sum,True,,E0,True
VBrun_scale_microbench_300_2026-02-11T064352Z_seed20260211,AgentWrongTool,VB-110,6,QueryTool,search,query_hits_reproducible,True,QueryTool,search,True,,E0,True
VBrun_scale_microbench_300_2026-02-11T064352Z_seed20260211,AgentWrongTool,VB-111,1,FileTool,write_csv,artifact_written_exists,True,FileTool,write_csv,True,,E0,True
VBrun_scale_microbench_300_2026-02-11T064352Z_seed20260211,AgentWrongTool,VB-111,2,FileTool,read_csv,read_after_write_dependency,True,FileTool,read_csv,True,,E0,True
VBrun_scale_microbench_300_2026-02-11T064352Z_seed20260211,AgentWrongTool,VB-111,3,QueryTool,search,query_hits_reproducible,True,QueryTool,search,True,,E0,True
VBrun_scale_microbench_300_2026-02-11T064352Z_seed20260211,AgentWrongTool,VB-111,4,CalcTool,sum,value_equals,True,CalcTool,sum,True,,E0,True
VBrun_scale_microbench_300_2026-02-11T064352Z_seed20260211,AgentWrongTool,VB-111,5,CalcTool,sum,value_equals,True,CalcTool,sum,True,,E0,True
VBrun_scale_microbench_300_2026-02-11T064352Z_seed20260211,AgentWrongTool,VB-111,6,QueryTool,search,query_hits_reproducible,True,QueryTool,search,True,,E0,True
VBrun_scale_microbench_300_2026-02-11T064352Z_seed20260211,AgentWrongTool,VB-111,7,CalcTool,sum,value_equals,True,CalcTool,sum,True,,E0,True
VBrun_scale_microbench_300_2026-02-11T064352Z_seed20260211,AgentWrongTool,VB-112,1,FileTool,write_csv,artifact_written_exists,True,FileTool,write_csv,True,,E0,True
VBrun_scale_microbench_300_2026-02-11T064352Z_seed20260211,AgentWrongTool,VB-112,2,FileTool,read_csv,read_after_write_dependency,True,FileTool,read_csv,True,,E0,True
VBrun_scale_microbench_300_2026-02-11T064352Z_seed20260211,AgentWrongTool,VB-112,3,QueryTool,search,query_hits_reproducible,True,QueryTool,search,True,,E0,True
VBrun_scale_microbench_300_2026-02-11T064352Z_seed20260211,AgentWrongTool,VB-112,4,CalcTool,sum,value_equals,True,CalcTool,sum,True,,E0,True
VBrun_scale_microbench_300_2026-02-11T064352Z_seed20260211,AgentWrongTool,VB-112,5,CalcTool,sum,value_equals,True,CalcTool,sum,True,,E0,True
VBrun_scale_microbench_300_2026-02-11T064352Z_seed20260211,AgentWrongTool,VB-112,6,QueryTool,search,query_hits_reproducible,True,QueryTool,search,True,,E0,True
VBrun_scale_microbench_300_2026-02-11T064352Z_seed20260211,AgentWrongTool,VB-112,7,CalcTool,sum,value_equals,True,CalcTool,sum,True,,E0,True
VBrun_scale_microbench_300_2026-02-11T064352Z_seed20260211,AgentWrongTool,VB-112,8,CalcTool,sum,value_equals,True,CalcTool,sum,True,,E0,True
VBrun_scale_microbench_300_2026-02-11T064352Z_seed20260211,AgentWrongTool,VB-113,1,FileTool,write_csv,artifact_written_exists,True,FileTool,write_csv,True,,E0,True
VBrun_scale_microbench_300_2026-02-11T064352Z_seed20260211,AgentWrongTool,VB-113,2,FileTool,read_csv,read_after_write_dependency,True,FileTool,read_csv,True,,E0,True
VBrun_scale_microbench_300_2026-02-11T064352Z_seed20260211,AgentWrongTool,VB-114,1,FileTool,write_csv,artifact_written_exists,True,FileTool,write_csv,True,,E0,True
VBrun_scale_microbench_300_2026-02-11T064352Z_seed20260211,AgentWrongTool,VB-114,2,FileTool,read_csv,read_after_write_dependency,True,FileTool,read_csv,True,,E0,True
VBrun_scale_microbench_300_2026-02-11T064352Z_seed20260211,AgentWrongTool,VB-114,3,QueryTool,search,query_hits_reproducible,True,QueryTool,search,True,,E0,True
VBrun_scale_microbench_300_2026-02-11T064352Z_seed20260211,AgentWrongTool,VB-115,1,FileTool,write_csv,artifact_written_exists,True,FileTool,write_csv,True,,E0,True
VBrun_scale_microbench_300_2026-02-11T064352Z_seed20260211,AgentWrongTool,VB-115,2,FileTool,read_csv,read_after_write_dependency,True,FileTool,read_csv,True,,E0,True
VBrun_scale_microbench_300_2026-02-11T064352Z_seed20260211,AgentWrongTool,VB-115,3,QueryTool,search,query_hits_reproducible,True,QueryTool,search,True,,E0,True
VBrun_scale_microbench_300_2026-02-11T064352Z_seed20260211,AgentWrongTool,VB-115,4,CalcTool,sum,value_equals,True,CalcTool,sum,True,,E0,True
VBrun_scale_microbench_300_2026-02-11T064352Z_seed20260211,AgentWrongTool,VB-116,1,FileTool,write_csv,artifact_written_exists,True,FileTool,write_csv,True,,E0,True
VBrun_scale_microbench_300_2026-02-11T064352Z_seed20260211,AgentWrongTool,VB-116,2,FileTool,read_csv,read_after_write_dependency,True,FileTool,read_csv,True,,E0,True
VBrun_scale_microbench_300_2026-02-11T064352Z_seed20260211,AgentWrongTool,VB-116,3,QueryTool,search,query_hits_reproducible,True,QueryTool,search,True,,E0,True
VBrun_scale_microbench_300_2026-02-11T064352Z_seed20260211,AgentWrongTool,VB-116,4,CalcTool,sum,value_equals,True,CalcTool,sum,True,,E0,True
VBrun_scale_microbench_300_2026-02-11T064352Z_seed20260211,AgentWrongTool,VB-116,5,CalcTool,sum,value_equals,True,CalcTool,sum,True,,E0,True
VBrun_scale_microbench_300_2026-02-11T064352Z_seed20260211,AgentWrongTool,VB-117,1,FileTool,write_csv,artifact_written_exists,True,FileTool,write_csv,True,,E0,True
VBrun_scale_microbench_300_2026-02-11T064352Z_seed20260211,AgentWrongTool,VB-117,2,FileTool,read_csv,read_after_write_dependency,True,FileTool,read_csv,True,,E0,True
VBrun_scale_microbench_300_2026-02-11T064352Z_seed20260211,AgentWrongTool,VB-117,3,QueryTool,search,query_hits_reproducible,True,QueryTool,search,True,,E0,True
VBrun_scale_microbench_300_2026-02-11T064352Z_seed20260211,AgentWrongTool,VB-117,4,CalcTool,sum,value_equals,True,CalcTool,sum,True,,E0,True
VBrun_scale_microbench_300_2026-02-11T064352Z_seed20260211,AgentWrongTool,VB-117,5,CalcTool,sum,value_equals,True,CalcTool,sum,True,,E0,True
VBrun_scale_microbench_300_2026-02-11T064352Z_seed20260211,AgentWrongTool,VB-117,6,QueryTool,search,query_hits_reproducible,True,QueryTool,search,True,,E0,True
VBrun_scale_microbench_300_2026-02-11T064352Z_seed20260211,AgentWrongTool,VB-118,1,FileTool,write_csv,artifact_written_exists,True,FileTool,write_csv,True,,E0,True
VBrun_scale_microbench_300_2026-02-11T064352Z_seed20260211,AgentWrongTool,VB-118,2,FileTool,read_csv,read_after_write_dependency,True,FileTool,read_csv,True,,E0,True
VBrun_scale_microbench_300_2026-02-11T064352Z_seed20260211,AgentWrongTool,VB-118,3,QueryTool,search,query_hits_reproducible,True,QueryTool,search,True,,E0,True
VBrun_scale_microbench_300_2026-02-11T064352Z_seed20260211,AgentWrongTool,VB-118,4,CalcTool,sum,value_equals,True,CalcTool,sum,True,,E0,True
VBrun_scale_microbench_300_2026-02-11T064352Z_seed20260211,AgentWrongTool,VB-118,5,CalcTool,sum,value_equals,True,CalcTool,sum,True,,E0,True
VBrun_scale_microbench_300_2026-02-11T064352Z_seed20260211,AgentWrongTool,VB-118,6,QueryTool,search,query_hits_reproducible,True,QueryTool,search,True,,E0,True
VBrun_scale_microbench_300_2026-02-11T064352Z_seed20260211,AgentWrongTool,VB-118,7,CalcTool,sum,value_equals,True,CalcTool,sum,True,,E0,True
VBrun_scale_microbench_300_2026-02-11T064352Z_seed20260211,AgentWrongTool,VB-119,1,FileTool,write_csv,artifact_written_exists,True,FileTool,write_csv,True,,E0,True
VBrun_scale_microbench_300_2026-02-11T064352Z_seed20260211,AgentWrongTool,VB-119,2,FileTool,read_csv,read_after_write_dependency,True,FileTool,read_csv,True,,E0,True
VBrun_scale_microbench_300_2026-02-11T064352Z_seed20260211,AgentWrongTool,VB-119,3,QueryTool,search,query_hits_reproducible,True,QueryTool,search,True,,E0,True
VBrun_scale_microbench_300_2026-02-11T064352Z_seed20260211,AgentWrongTool,VB-119,4,CalcTool,sum,value_equals,True,CalcTool,sum,True,,E0,True
VBrun_scale_microbench_300_2026-02-11T064352Z_seed20260211,AgentWrongTool,VB-119,5,CalcTool,sum,value_equals,True,CalcTool,sum,True,,E0,True
VBrun_scale_microbench_300_2026-02-11T064352Z_seed20260211,AgentWrongTool,VB-119,6,QueryTool,search,query_hits_reproducible,True,QueryTool,search,True,,E0,True
VBrun_scale_microbench_300_2026-02-11T064352Z_seed20260211,AgentWrongTool,VB-119,7,CalcTool,sum,value_equals,True,CalcTool,sum,True,,E0,True
VBrun_scale_microbench_300_2026-02-11T064352Z_seed20260211,AgentWrongTool,VB-119,8,CalcTool,sum,value_equals,True,CalcTool,sum,True,,E0,True
VBrun_scale_microbench_300_2026-02-11T064352Z_seed20260211,AgentWrongTool,VB-120,1,FileTool,write_csv,artifact_written_exists,True,FileTool,write_csv,True,,E0,True
VBrun_scale_microbench_300_2026-02-11T064352Z_seed20260211,AgentWrongTool,VB-120,2,FileTool,read_csv,read_after_write_dependency,True,FileTool,read_csv,True,,E0,True
VBrun_scale_microbench_300_2026-02-11T064352Z_seed20260211,AgentWrongTool,VB-121,1,FileTool,write_csv,artifact_written_exists,True,FileTool,write_csv,True,,E0,True
VBrun_scale_microbench_300_2026-02-11T064352Z_seed20260211,AgentWrongTool,VB-121,2,FileTool,read_csv,read_after_write_dependency,True,FileTool,read_csv,True,,E0,True
VBrun_scale_microbench_300_2026-02-11T064352Z_seed20260211,AgentWrongTool,VB-121,3,QueryTool,search,query_hits_reproducible,True,QueryTool,search,True,,E0,True
VBrun_scale_microbench_300_2026-02-11T064352Z_seed20260211,AgentWrongTool,VB-122,1,FileTool,write_csv,artifact_written_exists,True,FileTool,write_csv,True,,E0,True
VBrun_scale_microbench_300_2026-02-11T064352Z_seed20260211,AgentWrongTool,VB-122,2,FileTool,read_csv,read_after_write_dependency,True,FileTool,read_csv,True,,E0,True
VBrun_scale_microbench_300_2026-02-11T064352Z_seed20260211,AgentWrongTool,VB-122,3,QueryTool,search,query_hits_reproducible,True,QueryTool,search,True,,E0,True
VBrun_scale_microbench_300_2026-02-11T064352Z_seed20260211,AgentWrongTool,VB-122,4,CalcTool,sum,value_equals,True,CalcTool,sum,True,,E0,True
VBrun_scale_microbench_300_2026-02-11T064352Z_seed20260211,AgentWrongTool,VB-123,1,FileTool,write_csv,artifact_written_exists,True,FileTool,write_csv,True,,E0,True
VBrun_scale_microbench_300_2026-02-11T064352Z_seed20260211,AgentWrongTool,VB-123,2,FileTool,read_csv,read_after_write_dependency,True,FileTool,read_csv,True,,E0,True
VBrun_scale_microbench_300_2026-02-11T064352Z_seed20260211,AgentWrongTool,VB-123,3,QueryTool,search,query_hits_reproducible,True,QueryTool,search,True,,E0,True
VBrun_scale_microbench_300_2026-02-11T064352Z_seed20260211,AgentWrongTool,VB-123,4,CalcTool,sum,value_equals,True,CalcTool,sum,True,,E0,True
VBrun_scale_microbench_300_2026-02-11T064352Z_seed20260211,AgentWrongTool,VB-123,5,CalcTool,sum,value_equals,True,CalcTool,sum,True,,E0,True
VBrun_scale_microbench_300_2026-02-11T064352Z_seed20260211,AgentWrongTool,VB-124,1,FileTool,write_csv,artifact_written_exists,True,FileTool,write_csv,True,,E0,True
VBrun_scale_microbench_300_2026-02-11T064352Z_seed20260211,AgentWrongTool,VB-124,2,FileTool,read_csv,read_after_write_dependency,True,FileTool,read_csv,True,,E0,True
VBrun_scale_microbench_300_2026-02-11T064352Z_seed20260211,AgentWrongTool,VB-124,3,QueryTool,search,query_hits_reproducible,True,QueryTool,search,True,,E0,True
VBrun_scale_microbench_300_2026-02-11T064352Z_seed20260211,AgentWrongTool,VB-124,4,CalcTool,sum,value_equals,True,CalcTool,sum,True,,E0,True
VBrun_scale_microbench_300_2026-02-11T064352Z_seed20260211,AgentWrongTool,VB-124,5,CalcTool,sum,value_equals,True,CalcTool,sum,True,,E0,True
VBrun_scale_microbench_300_2026-02-11T064352Z_seed20260211,AgentWrongTool,VB-124,6,QueryTool,search,query_hits_reproducible,True,QueryTool,search,True,,E0,True
VBrun_scale_microbench_300_2026-02-11T064352Z_seed20260211,AgentWrongTool,VB-125,1,FileTool,write_csv,artifact_written_exists,True,FileTool,write_csv,True,,E0,True
VBrun_scale_microbench_300_2026-02-11T064352Z_seed20260211,AgentWrongTool,VB-125,2,FileTool,read_csv,read_after_write_dependency,True,FileTool,read_csv,True,,E0,True
VBrun_scale_microbench_300_2026-02-11T064352Z_seed20260211,AgentWrongTool,VB-125,3,QueryTool,search,query_hits_reproducible,True,QueryTool,search,True,,E0,True
VBrun_scale_microbench_300_2026-02-11T064352Z_seed20260211,AgentWrongTool,VB-125,4,CalcTool,sum,value_equals,True,CalcTool,sum,True,,E0,True
VBrun_scale_microbench_300_2026-02-11T064352Z_seed20260211,AgentWrongTool,VB-125,5,CalcTool,sum,value_equals,True,CalcTool,sum,True,,E0,True
VBrun_scale_microbench_300_2026-02-11T064352Z_seed20260211,AgentWrongTool,VB-125,6,QueryTool,search,query_hits_reproducible,True,QueryTool,search,True,,E0,True
VBrun_scale_microbench_300_2026-02-11T064352Z_seed20260211,AgentWrongTool,VB-125,7,CalcTool,sum,value_equals,True,CalcTool,sum,True,,E0,True
VBrun_scale_microbench_300_2026-02-11T064352Z_seed20260211,AgentWrongTool,VB-126,1,FileTool,write_csv,artifact_written_exists,True,FileTool,write_csv,True,,E0,True
VBrun_scale_microbench_300_2026-02-11T064352Z_seed20260211,AgentWrongTool,VB-126,2,FileTool,read_csv,read_after_write_dependency,True,FileTool,read_csv,True,,E0,True
VBrun_scale_microbench_300_2026-02-11T064352Z_seed20260211,AgentWrongTool,VB-126,3,QueryTool,search,query_hits_reproducible,True,QueryTool,search,True,,E0,True
VBrun_scale_microbench_300_2026-02-11T064352Z_seed20260211,AgentWrongTool,VB-126,4,CalcTool,sum,value_equals,True,CalcTool,sum,True,,E0,True
VBrun_scale_microbench_300_2026-02-11T064352Z_seed20260211,AgentWrongTool,VB-126,5,CalcTool,sum,value_equals,True,CalcTool,sum,True,,E0,True
VBrun_scale_microbench_300_2026-02-11T064352Z_seed20260211,AgentWrongTool,VB-126,6,QueryTool,search,query_hits_reproducible,True,QueryTool,search,True,,E0,True
VBrun_scale_microbench_300_2026-02-11T064352Z_seed20260211,AgentWrongTool,VB-126,7,CalcTool,sum,value_equals,True,CalcTool,sum,True,,E0,True
VBrun_scale_microbench_300_2026-02-11T064352Z_seed20260211,AgentWrongTool,VB-126,8,CalcTool,sum,value_equals,True,CalcTool,sum,True,,E0,True
VBrun_scale_microbench_300_2026-02-11T064352Z_seed20260211,AgentWrongTool,VB-127,1,FileTool,write_csv,artifact_written_exists,True,FileTool,write_csv,True,,E0,True
VBrun_scale_microbench_300_2026-02-11T064352Z_seed20260211,AgentWrongTool,VB-127,2,FileTool,read_csv,read_after_write_dependency,True,FileTool,read_csv,True,,E0,True
VBrun_scale_microbench_300_2026-02-11T064352Z_seed20260211,AgentWrongTool,VB-128,1,FileTool,write_csv,artifact_written_exists,True,FileTool,write_csv,True,,E0,True
VBrun_scale_microbench_300_2026-02-11T064352Z_seed20260211,AgentWrongTool,VB-128,2,FileTool,read_csv,read_after_write_dependency,True,FileTool,read_csv,True,,E0,True
VBrun_scale_microbench_300_2026-02-11T064352Z_seed20260211,AgentWrongTool,VB-128,3,QueryTool,search,query_hits_reproducible,True,QueryTool,search,True,,E0,True
VBrun_scale_microbench_300_2026-02-11T064352Z_seed20260211,AgentWrongTool,VB-129,1,FileTool,write_csv,artifact_written_exists,True,FileTool,write_csv,True,,E0,True
VBrun_scale_microbench_300_2026-02-11T064352Z_seed20260211,AgentWrongTool,VB-129,2,FileTool,read_csv,read_after_write_dependency,True,FileTool,read_csv,True,,E0,True
VBrun_scale_microbench_300_2026-02-11T064352Z_seed20260211,AgentWrongTool,VB-129,3,QueryTool,search,query_hits_reproducible,True,QueryTool,search,True,,E0,True
VBrun_scale_microbench_300_2026-02-11T064352Z_seed20260211,AgentWrongTool,VB-129,4,CalcTool,sum,value_equals,True,CalcTool,sum,True,,E0,True
VBrun_scale_microbench_300_2026-02-11T064352Z_seed20260211,AgentWrongTool,VB-130,1,FileTool,write_csv,artifact_written_exists,True,FileTool,write_csv,True,,E0,True
VBrun_scale_microbench_300_2026-02-11T064352Z_seed20260211,AgentWrongTool,VB-130,2,FileTool,read_csv,read_after_write_dependency,True,FileTool,read_csv,True,,E0,True
VBrun_scale_microbench_300_2026-02-11T064352Z_seed20260211,AgentWrongTool,VB-130,3,QueryTool,search,query_hits_reproducible,True,QueryTool,search,True,,E0,True
VBrun_scale_microbench_300_2026-02-11T064352Z_seed20260211,AgentWrongTool,VB-130,4,CalcTool,sum,value_equals,True,CalcTool,sum,True,,E0,True
VBrun_scale_microbench_300_2026-02-11T064352Z_seed20260211,AgentWrongTool,VB-130,5,CalcTool,sum,value_equals,True,CalcTool,sum,True,,E0,True
VBrun_scale_microbench_300_2026-02-11T064352Z_seed20260211,AgentWrongTool,VB-131,1,FileTool,write_csv,artifact_written_exists,True,FileTool,write_csv,True,,E0,True
VBrun_scale_microbench_300_2026-02-11T064352Z_seed20260211,AgentWrongTool,VB-131,2,FileTool,read_csv,read_after_write_dependency,True,FileTool,read_csv,True,,E0,True
VBrun_scale_microbench_300_2026-02-11T064352Z_seed20260211,AgentWrongTool,VB-131,3,QueryTool,search,query_hits_reproducible,True,QueryTool,search,True,,E0,True
VBrun_scale_microbench_300_2026-02-11T064352Z_seed20260211,AgentWrongTool,VB-131,4,CalcTool,sum,value_equals,True,CalcTool,sum,True,,E0,True
VBrun_scale_microbench_300_2026-02-11T064352Z_seed20260211,AgentWrongTool,VB-131,5,CalcTool,sum,value_equals,True,CalcTool,sum,True,,E0,True
VBrun_scale_microbench_300_2026-02-11T064352Z_seed20260211,AgentWrongTool,VB-131,6,QueryTool,search,query_hits_reproducible,True,QueryTool,search,True,,E0,True
VBrun_scale_microbench_300_2026-02-11T064352Z_seed20260211,AgentWrongTool,VB-132,1,FileTool,write_csv,artifact_written_exists,True,FileTool,write_csv,True,,E0,True
VBrun_scale_microbench_300_2026-02-11T064352Z_seed20260211,AgentWrongTool,VB-132,2,FileTool,read_csv,read_after_write_dependency,True,FileTool,read_csv,True,,E0,True
VBrun_scale_microbench_300_2026-02-11T064352Z_seed20260211,AgentWrongTool,VB-132,3,QueryTool,search,query_hits_reproducible,True,QueryTool,search,True,,E0,True
VBrun_scale_microbench_300_2026-02-11T064352Z_seed20260211,AgentWrongTool,VB-132,4,CalcTool,sum,value_equals,True,CalcTool,sum,True,,E0,True
VBrun_scale_microbench_300_2026-02-11T064352Z_seed20260211,AgentWrongTool,VB-132,5,CalcTool,sum,value_equals,True,CalcTool,sum,True,,E0,True
VBrun_scale_microbench_300_2026-02-11T064352Z_seed20260211,AgentWrongTool,VB-132,6,QueryTool,search,query_hits_reproducible,True,QueryTool,search,True,,E0,True
VBrun_scale_microbench_300_2026-02-11T064352Z_seed20260211,AgentWrongTool,VB-132,7,CalcTool,sum,value_equals,True,CalcTool,sum,True,,E0,True
VBrun_scale_microbench_300_2026-02-11T064352Z_seed20260211,AgentWrongTool,VB-133,1,FileTool,write_csv,artifact_written_exists,True,FileTool,write_csv,True,,E0,True
VBrun_scale_microbench_300_2026-02-11T064352Z_seed20260211,AgentWrongTool,VB-133,2,FileTool,read_csv,read_after_write_dependency,True,FileTool,read_csv,True,,E0,True
VBrun_scale_microbench_300_2026-02-11T064352Z_seed20260211,AgentWrongTool,VB-133,3,QueryTool,search,query_hits_reproducible,True,QueryTool,search,True,,E0,True
VBrun_scale_microbench_300_2026-02-11T064352Z_seed20260211,AgentWrongTool,VB-133,4,CalcTool,sum,value_equals,True,CalcTool,sum,True,,E0,True
VBrun_scale_microbench_300_2026-02-11T064352Z_seed20260211,AgentWrongTool,VB-133,5,CalcTool,sum,value_equals,True,CalcTool,sum,True,,E0,True
VBrun_scale_microbench_300_2026-02-11T064352Z_seed20260211,AgentWrongTool,VB-133,6,QueryTool,search,query_hits_reproducible,True,QueryTool,search,True,,E0,True
VBrun_scale_microbench_300_2026-02-11T064352Z_seed20260211,AgentWrongTool,VB-133,7,CalcTool,sum,value_equals,True,CalcTool,sum,True,,E0,True
VBrun_scale_microbench_300_2026-02-11T064352Z_seed20260211,AgentWrongTool,VB-133,8,CalcTool,sum,value_equals,True,CalcTool,sum,True,,E0,True
VBrun_scale_microbench_300_2026-02-11T064352Z_seed20260211,AgentWrongTool,VB-134,1,FileTool,write_csv,artifact_written_exists,True,FileTool,write_csv,True,,E0,True
VBrun_scale_microbench_300_2026-02-11T064352Z_seed20260211,AgentWrongTool,VB-134,2,FileTool,read_csv,read_after_write_dependency,True,FileTool,read_csv,True,,E0,True
VBrun_scale_microbench_300_2026-02-11T064352Z_seed20260211,AgentWrongTool,VB-135,1,FileTool,write_csv,artifact_written_exists,True,FileTool,write_csv,True,,E0,True
VBrun_scale_microbench_300_2026-02-11T064352Z_seed20260211,AgentWrongTool,VB-135,2,FileTool,read_csv,read_after_write_dependency,True,FileTool,read_csv,True,,E0,True
VBrun_scale_microbench_300_2026-02-11T064352Z_seed20260211,AgentWrongTool,VB-135,3,QueryTool,search,query_hits_reproducible,True,QueryTool,search,True,,E0,True
VBrun_scale_microbench_300_2026-02-11T064352Z_seed20260211,AgentWrongTool,VB-136,1,FileTool,write_csv,artifact_written_exists,True,FileTool,write_csv,True,,E0,True
VBrun_scale_microbench_300_2026-02-11T064352Z_seed20260211,AgentWrongTool,VB-136,2,FileTool,read_csv,read_after_write_dependency,True,FileTool,read_csv,True,,E0,True
VBrun_scale_microbench_300_2026-02-11T064352Z_seed20260211,AgentWrongTool,VB-136,3,QueryTool,search,query_hits_reproducible,True,QueryTool,search,True,,E0,True
VBrun_scale_microbench_300_2026-02-11T064352Z_seed20260211,AgentWrongTool,VB-136,4,CalcTool,sum,value_equals,True,CalcTool,sum,True,,E0,True
VBrun_scale_microbench_300_2026-02-11T064352Z_seed20260211,AgentWrongTool,VB-137,1,FileTool,write_csv,artifact_written_exists,True,FileTool,write_csv,True,,E0,True
VBrun_scale_microbench_300_2026-02-11T064352Z_seed20260211,AgentWrongTool,VB-137,2,FileTool,read_csv,read_after_write_dependency,True,FileTool,read_csv,True,,E0,True
VBrun_scale_microbench_300_2026-02-11T064352Z_seed20260211,AgentWrongTool,VB-137,3,QueryTool,search,query_hits_reproducible,True,QueryTool,search,True,,E0,True
VBrun_scale_microbench_300_2026-02-11T064352Z_seed20260211,AgentWrongTool,VB-137,4,CalcTool,sum,value_equals,True,CalcTool,sum,True,,E0,True
VBrun_scale_microbench_300_2026-02-11T064352Z_seed20260211,AgentWrongTool,VB-137,5,CalcTool,sum,value_equals,True,CalcTool,sum,True,,E0,True
VBrun_scale_microbench_300_2026-02-11T064352Z_seed20260211,AgentWrongTool,VB-138,1,FileTool,write_csv,artifact_written_exists,True,FileTool,write_csv,True,,E0,True
VBrun_scale_microbench_300_2026-02-11T064352Z_seed20260211,AgentWrongTool,VB-138,2,FileTool,read_csv,read_after_write_dependency,True,FileTool,read_csv,True,,E0,True
VBrun_scale_microbench_300_2026-02-11T064352Z_seed20260211,AgentWrongTool,VB-138,3,QueryTool,search,query_hits_reproducible,True,QueryTool,search,True,,E0,True
VBrun_scale_microbench_300_2026-02-11T064352Z_seed20260211,AgentWrongTool,VB-138,4,CalcTool,sum,value_equals,True,CalcTool,sum,True,,E0,True
VBrun_scale_microbench_300_2026-02-11T064352Z_seed20260211,AgentWrongTool,VB-138,5,CalcTool,sum,value_equals,True,CalcTool,sum,True,,E0,True
VBrun_scale_microbench_300_2026-02-11T064352Z_seed20260211,AgentWrongTool,VB-138,6,QueryTool,search,query_hits_reproducible,True,QueryTool,search,True,,E0,True
VBrun_scale_microbench_300_2026-02-11T064352Z_seed20260211,AgentWrongTool,VB-139,1,FileTool,write_csv,artifact_written_exists,True,FileTool,write_csv,True,,E0,True
VBrun_scale_microbench_300_2026-02-11T064352Z_seed20260211,AgentWrongTool,VB-139,2,FileTool,read_csv,read_after_write_dependency,True,FileTool,read_csv,True,,E0,True
VBrun_scale_microbench_300_2026-02-11T064352Z_seed20260211,AgentWrongTool,VB-139,3,QueryTool,search,query_hits_reproducible,True,QueryTool,search,True,,E0,True
VBrun_scale_microbench_300_2026-02-11T064352Z_seed20260211,AgentWrongTool,VB-139,4,CalcTool,sum,value_equals,True,CalcTool,sum,True,,E0,True
VBrun_scale_microbench_300_2026-02-11T064352Z_seed20260211,AgentWrongTool,VB-139,5,CalcTool,sum,value_equals,True,CalcTool,sum,True,,E0,True
VBrun_scale_microbench_300_2026-02-11T064352Z_seed20260211,AgentWrongTool,VB-139,6,QueryTool,search,query_hits_reproducible,True,QueryTool,search,True,,E0,True
VBrun_scale_microbench_300_2026-02-11T064352Z_seed20260211,AgentWrongTool,VB-139,7,CalcTool,sum,value_equals,True,CalcTool,sum,True,,E0,True
VBrun_scale_microbench_300_2026-02-11T064352Z_seed20260211,AgentWrongTool,VB-140,1,FileTool,write_csv,artifact_written_exists,True,FileTool,write_csv,True,,E0,True
VBrun_scale_microbench_300_2026-02-11T064352Z_seed20260211,AgentWrongTool,VB-140,2,FileTool,read_csv,read_after_write_dependency,True,FileTool,read_csv,True,,E0,True
VBrun_scale_microbench_300_2026-02-11T064352Z_seed20260211,AgentWrongTool,VB-140,3,QueryTool,search,query_hits_reproducible,True,QueryTool,search,True,,E0,True
VBrun_scale_microbench_300_2026-02-11T064352Z_seed20260211,AgentWrongTool,VB-140,4,CalcTool,sum,value_equals,True,CalcTool,sum,True,,E0,True
VBrun_scale_microbench_300_2026-02-11T064352Z_seed20260211,AgentWrongTool,VB-140,5,CalcTool,sum,value_equals,True,CalcTool,sum,True,,E0,True
VBrun_scale_microbench_300_2026-02-11T064352Z_seed20260211,AgentWrongTool,VB-140,6,QueryTool,search,query_hits_reproducible,True,QueryTool,search,True,,E0,True
VBrun_scale_microbench_300_2026-02-11T064352Z_seed20260211,AgentWrongTool,VB-140,7,CalcTool,sum,value_equals,True,CalcTool,sum,True,,E0,True
VBrun_scale_microbench_300_2026-02-11T064352Z_seed20260211,AgentWrongTool,VB-140,8,CalcTool,sum,value_equals,True,CalcTool,sum,True,,E0,True
VBrun_scale_microbench_300_2026-02-11T064352Z_seed20260211,AgentWrongTool,VB-141,1,FileTool,write_csv,artifact_written_exists,True,FileTool,write_csv,True,,E0,True
VBrun_scale_microbench_300_2026-02-11T064352Z_seed20260211,AgentWrongTool,VB-141,2,FileTool,read_csv,read_after_write_dependency,True,FileTool,read_csv,True,,E0,True
VBrun_scale_microbench_300_2026-02-11T064352Z_seed20260211,AgentWrongTool,VB-142,1,FileTool,write_csv,artifact_written_exists,True,FileTool,write_csv,True,,E0,True
VBrun_scale_microbench_300_2026-02-11T064352Z_seed20260211,AgentWrongTool,VB-142,2,FileTool,read_csv,read_after_write_dependency,True,FileTool,read_csv,True,,E0,True
VBrun_scale_microbench_300_2026-02-11T064352Z_seed20260211,AgentWrongTool,VB-142,3,QueryTool,search,query_hits_reproducible,True,QueryTool,search,True,,E0,True
VBrun_scale_microbench_300_2026-02-11T064352Z_seed20260211,AgentWrongTool,VB-143,1,FileTool,write_csv,artifact_written_exists,True,FileTool,write_csv,True,,E0,True
VBrun_scale_microbench_300_2026-02-11T064352Z_seed20260211,AgentWrongTool,VB-143,2,FileTool,read_csv,read_after_write_dependency,True,FileTool,read_csv,True,,E0,True
VBrun_scale_microbench_300_2026-02-11T064352Z_seed20260211,AgentWrongTool,VB-143,3,QueryTool,search,query_hits_reproducible,True,QueryTool,search,True,,E0,True
VBrun_scale_microbench_300_2026-02-11T064352Z_seed20260211,AgentWrongTool,VB-143,4,CalcTool,sum,value_equals,True,CalcTool,sum,True,,E0,True
VBrun_scale_microbench_300_2026-02-11T064352Z_seed20260211,AgentWrongTool,VB-144,1,FileTool,write_csv,artifact_written_exists,True,FileTool,write_csv,True,,E0,True
VBrun_scale_microbench_300_2026-02-11T064352Z_seed20260211,AgentWrongTool,VB-144,2,FileTool,read_csv,read_after_write_dependency,True,FileTool,read_csv,True,,E0,True
VBrun_scale_microbench_300_2026-02-11T064352Z_seed20260211,AgentWrongTool,VB-144,3,QueryTool,search,query_hits_reproducible,True,QueryTool,search,True,,E0,True
VBrun_scale_microbench_300_2026-02-11T064352Z_seed20260211,AgentWrongTool,VB-144,4,CalcTool,sum,value_equals,True,CalcTool,sum,True,,E0,True
VBrun_scale_microbench_300_2026-02-11T064352Z_seed20260211,AgentWrongTool,VB-144,5,CalcTool,sum,value_equals,True,CalcTool,sum,True,,E0,True
VBrun_scale_microbench_300_2026-02-11T064352Z_seed20260211,AgentWrongTool,VB-145,1,FileTool,write_csv,artifact_written_exists,True,FileTool,write_csv,True,,E0,True
VBrun_scale_microbench_300_2026-02-11T064352Z_seed20260211,AgentWrongTool,VB-145,2,FileTool,read_csv,read_after_write_dependency,True,FileTool,read_csv,True,,E0,True
VBrun_scale_microbench_300_2026-02-11T064352Z_seed20260211,AgentWrongTool,VB-145,3,QueryTool,search,query_hits_reproducible,True,QueryTool,search,True,,E0,True
VBrun_scale_microbench_300_2026-02-11T064352Z_seed20260211,AgentWrongTool,VB-145,4,CalcTool,sum,value_equals,True,CalcTool,sum,True,,E0,True
VBrun_scale_microbench_300_2026-02-11T064352Z_seed20260211,AgentWrongTool,VB-145,5,CalcTool,sum,value_equals,True,CalcTool,sum,True,,E0,True
VBrun_scale_microbench_300_2026-02-11T064352Z_seed20260211,AgentWrongTool,VB-145,6,QueryTool,search,query_hits_reproducible,True,QueryTool,search,True,,E0,True
VBrun_scale_microbench_300_2026-02-11T064352Z_seed20260211,AgentWrongTool,VB-146,1,FileTool,write_csv,artifact_written_exists,True,FileTool,write_csv,True,,E0,True
VBrun_scale_microbench_300_2026-02-11T064352Z_seed20260211,AgentWrongTool,VB-146,2,FileTool,read_csv,read_after_write_dependency,True,FileTool,read_csv,True,,E0,True
VBrun_scale_microbench_300_2026-02-11T064352Z_seed20260211,AgentWrongTool,VB-146,3,QueryTool,search,query_hits_reproducible,True,QueryTool,search,True,,E0,True
VBrun_scale_microbench_300_2026-02-11T064352Z_seed20260211,AgentWrongTool,VB-146,4,CalcTool,sum,value_equals,True,CalcTool,sum,True,,E0,True
VBrun_scale_microbench_300_2026-02-11T064352Z_seed20260211,AgentWrongTool,VB-146,5,CalcTool,sum,value_equals,True,CalcTool,sum,True,,E0,True
VBrun_scale_microbench_300_2026-02-11T064352Z_seed20260211,AgentWrongTool,VB-146,6,QueryTool,search,query_hits_reproducible,True,QueryTool,search,True,,E0,True
VBrun_scale_microbench_300_2026-02-11T064352Z_seed20260211,AgentWrongTool,VB-146,7,CalcTool,sum,value_equals,True,CalcTool,sum,True,,E0,True
VBrun_scale_microbench_300_2026-02-11T064352Z_seed20260211,AgentWrongTool,VB-147,1,FileTool,write_csv,artifact_written_exists,True,FileTool,write_csv,True,,E0,True
VBrun_scale_microbench_300_2026-02-11T064352Z_seed20260211,AgentWrongTool,VB-147,2,FileTool,read_csv,read_after_write_dependency,True,FileTool,read_csv,True,,E0,True
VBrun_scale_microbench_300_2026-02-11T064352Z_seed20260211,AgentWrongTool,VB-147,3,QueryTool,search,query_hits_reproducible,True,QueryTool,search,True,,E0,True
VBrun_scale_microbench_300_2026-02-11T064352Z_seed20260211,AgentWrongTool,VB-147,4,CalcTool,sum,value_equals,True,CalcTool,sum,True,,E0,True
VBrun_scale_microbench_300_2026-02-11T064352Z_seed20260211,AgentWrongTool,VB-147,5,CalcTool,sum,value_equals,True,CalcTool,sum,True,,E0,True
VBrun_scale_microbench_300_2026-02-11T064352Z_seed20260211,AgentWrongTool,VB-147,6,QueryTool,search,query_hits_reproducible,True,QueryTool,search,True,,E0,True
VBrun_scale_microbench_300_2026-02-11T064352Z_seed20260211,AgentWrongTool,VB-147,7,CalcTool,sum,value_equals,True,CalcTool,sum,True,,E0,True
VBrun_scale_microbench_300_2026-02-11T064352Z_seed20260211,AgentWrongTool,VB-147,8,CalcTool,sum,value_equals,True,CalcTool,sum,True,,E0,True
VBrun_scale_microbench_300_2026-02-11T064352Z_seed20260211,AgentWrongTool,VB-148,1,FileTool,write_csv,artifact_written_exists,True,FileTool,write_csv,True,,E0,True
VBrun_scale_microbench_300_2026-02-11T064352Z_seed20260211,AgentWrongTool,VB-148,2,FileTool,read_csv,read_after_write_dependency,True,FileTool,read_csv,True,,E0,True
VBrun_scale_microbench_300_2026-02-11T064352Z_seed20260211,AgentWrongTool,VB-149,1,FileTool,write_csv,artifact_written_exists,True,FileTool,write_csv,True,,E0,True
VBrun_scale_microbench_300_2026-02-11T064352Z_seed20260211,AgentWrongTool,VB-149,2,FileTool,read_csv,read_after_write_dependency,True,FileTool,read_csv,True,,E0,True
VBrun_scale_microbench_300_2026-02-11T064352Z_seed20260211,AgentWrongTool,VB-149,3,QueryTool,search,query_hits_reproducible,True,QueryTool,search,True,,E0,True
VBrun_scale_microbench_300_2026-02-11T064352Z_seed20260211,AgentWrongTool,VB-150,1,FileTool,write_csv,artifact_written_exists,True,FileTool,write_csv,True,,E0,True
VBrun_scale_microbench_300_2026-02-11T064352Z_seed20260211,AgentWrongTool,VB-150,2,FileTool,read_csv,read_after_write_dependency,True,FileTool,read_csv,True,,E0,True
VBrun_scale_microbench_300_2026-02-11T064352Z_seed20260211,AgentWrongTool,VB-150,3,QueryTool,search,query_hits_reproducible,True,QueryTool,search,True,,E0,True
VBrun_scale_microbench_300_2026-02-11T064352Z_seed20260211,AgentWrongTool,VB-150,4,CalcTool,sum,value_equals,True,CalcTool,sum,True,,E0,True
VBrun_scale_microbench_300_2026-02-11T064352Z_seed20260211,AgentWrongTool,VB-151,1,FileTool,write_csv,artifact_written_exists,True,FileTool,write_csv,True,,E0,True
VBrun_scale_microbench_300_2026-02-11T064352Z_seed20260211,AgentWrongTool,VB-151,2,FileTool,read_csv,read_after_write_dependency,True,FileTool,read_csv,True,,E0,True
VBrun_scale_microbench_300_2026-02-11T064352Z_seed20260211,AgentWrongTool,VB-151,3,QueryTool,search,query_hits_reproducible,True,QueryTool,search,True,,E0,True
VBrun_scale_microbench_300_2026-02-11T064352Z_seed20260211,AgentWrongTool,VB-151,4,CalcTool,sum,value_equals,True,CalcTool,sum,True,,E0,True
VBrun_scale_microbench_300_2026-02-11T064352Z_seed20260211,AgentWrongTool,VB-151,5,CalcTool,sum,value_equals,True,CalcTool,sum,True,,E0,True
VBrun_scale_microbench_300_2026-02-11T064352Z_seed20260211,AgentWrongTool,VB-152,1,FileTool,write_csv,artifact_written_exists,True,FileTool,write_csv,True,,E0,True
VBrun_scale_microbench_300_2026-02-11T064352Z_seed20260211,AgentWrongTool,VB-152,2,FileTool,read_csv,read_after_write_dependency,True,FileTool,read_csv,True,,E0,True
VBrun_scale_microbench_300_2026-02-11T064352Z_seed20260211,AgentWrongTool,VB-152,3,QueryTool,search,query_hits_reproducible,True,QueryTool,search,True,,E0,True
VBrun_scale_microbench_300_2026-02-11T064352Z_seed20260211,AgentWrongTool,VB-152,4,CalcTool,sum,value_equals,True,CalcTool,sum,True,,E0,True
VBrun_scale_microbench_300_2026-02-11T064352Z_seed20260211,AgentWrongTool,VB-152,5,CalcTool,sum,value_equals,True,CalcTool,sum,True,,E0,True
VBrun_scale_microbench_300_2026-02-11T064352Z_seed20260211,AgentWrongTool,VB-152,6,QueryTool,search,query_hits_reproducible,True,QueryTool,search,True,,E0,True
VBrun_scale_microbench_300_2026-02-11T064352Z_seed20260211,AgentWrongTool,VB-153,1,FileTool,write_csv,artifact_written_exists,True,FileTool,write_csv,True,,E0,True
VBrun_scale_microbench_300_2026-02-11T064352Z_seed20260211,AgentWrongTool,VB-153,2,FileTool,read_csv,read_after_write_dependency,True,FileTool,read_csv,True,,E0,True
VBrun_scale_microbench_300_2026-02-11T064352Z_seed20260211,AgentWrongTool,VB-153,3,QueryTool,search,query_hits_reproducible,True,QueryTool,search,True,,E0,True
VBrun_scale_microbench_300_2026-02-11T064352Z_seed20260211,AgentWrongTool,VB-153,4,CalcTool,sum,value_equals,True,CalcTool,sum,True,,E0,True
VBrun_scale_microbench_300_2026-02-11T064352Z_seed20260211,AgentWrongTool,VB-153,5,CalcTool,sum,value_equals,True,CalcTool,sum,True,,E0,True
VBrun_scale_microbench_300_2026-02-11T064352Z_seed20260211,AgentWrongTool,VB-153,6,QueryTool,search,query_hits_reproducible,True,QueryTool,search,True,,E0,True
VBrun_scale_microbench_300_2026-02-11T064352Z_seed20260211,AgentWrongTool,VB-153,7,CalcTool,sum,value_equals,True,CalcTool,sum,True,,E0,True
VBrun_scale_microbench_300_2026-02-11T064352Z_seed20260211,AgentWrongTool,VB-154,1,FileTool,write_csv,artifact_written_exists,True,FileTool,write_csv,True,,E0,True
VBrun_scale_microbench_300_2026-02-11T064352Z_seed20260211,AgentWrongTool,VB-154,2,FileTool,read_csv,read_after_write_dependency,True,FileTool,read_csv,True,,E0,True
VBrun_scale_microbench_300_2026-02-11T064352Z_seed20260211,AgentWrongTool,VB-154,3,QueryTool,search,query_hits_reproducible,True,QueryTool,search,True,,E0,True
VBrun_scale_microbench_300_2026-02-11T064352Z_seed20260211,AgentWrongTool,VB-154,4,CalcTool,sum,value_equals,True,CalcTool,sum,True,,E0,True
VBrun_scale_microbench_300_2026-02-11T064352Z_seed20260211,AgentWrongTool,VB-154,5,CalcTool,sum,value_equals,True,CalcTool,sum,True,,E0,True
VBrun_scale_microbench_300_2026-02-11T064352Z_seed20260211,AgentWrongTool,VB-154,6,QueryTool,search,query_hits_reproducible,True,QueryTool,search,True,,E0,True
VBrun_scale_microbench_300_2026-02-11T064352Z_seed20260211,AgentWrongTool,VB-154,7,CalcTool,sum,value_equals,True,CalcTool,sum,True,,E0,True
VBrun_scale_microbench_300_2026-02-11T064352Z_seed20260211,AgentWrongTool,VB-154,8,CalcTool,sum,value_equals,True,CalcTool,sum,True,,E0,True
VBrun_scale_microbench_300_2026-02-11T064352Z_seed20260211,AgentWrongTool,VB-155,1,FileTool,write_csv,artifact_written_exists,True,FileTool,write_csv,True,,E0,True
VBrun_scale_microbench_300_2026-02-11T064352Z_seed20260211,AgentWrongTool,VB-155,2,FileTool,read_csv,read_after_write_dependency,True,FileTool,read_csv,True,,E0,True
VBrun_scale_microbench_300_2026-02-11T064352Z_seed20260211,AgentWrongTool,VB-156,1,FileTool,write_csv,artifact_written_exists,True,FileTool,write_csv,True,,E0,True
VBrun_scale_microbench_300_2026-02-11T064352Z_seed20260211,AgentWrongTool,VB-156,2,FileTool,read_csv,read_after_write_dependency,True,FileTool,read_csv,True,,E0,True
VBrun_scale_microbench_300_2026-02-11T064352Z_seed20260211,AgentWrongTool,VB-156,3,QueryTool,search,query_hits_reproducible,True,QueryTool,search,True,,E0,True
VBrun_scale_microbench_300_2026-02-11T064352Z_seed20260211,AgentWrongTool,VB-157,1,FileTool,write_csv,artifact_written_exists,True,FileTool,write_csv,True,,E0,True
VBrun_scale_microbench_300_2026-02-11T064352Z_seed20260211,AgentWrongTool,VB-157,2,FileTool,read_csv,read_after_write_dependency,True,FileTool,read_csv,True,,E0,True
VBrun_scale_microbench_300_2026-02-11T064352Z_seed20260211,AgentWrongTool,VB-157,3,QueryTool,search,query_hits_reproducible,True,QueryTool,search,True,,E0,True
VBrun_scale_microbench_300_2026-02-11T064352Z_seed20260211,AgentWrongTool,VB-157,4,CalcTool,sum,value_equals,True,CalcTool,sum,True,,E0,True
VBrun_scale_microbench_300_2026-02-11T064352Z_seed20260211,AgentWrongTool,VB-158,1,FileTool,write_csv,artifact_written_exists,True,FileTool,write_csv,True,,E0,True
VBrun_scale_microbench_300_2026-02-11T064352Z_seed20260211,AgentWrongTool,VB-158,2,FileTool,read_csv,read_after_write_dependency,True,FileTool,read_csv,True,,E0,True
VBrun_scale_microbench_300_2026-02-11T064352Z_seed20260211,AgentWrongTool,VB-158,3,QueryTool,search,query_hits_reproducible,True,QueryTool,search,True,,E0,True
VBrun_scale_microbench_300_2026-02-11T064352Z_seed20260211,AgentWrongTool,VB-158,4,CalcTool,sum,value_equals,True,CalcTool,sum,True,,E0,True
VBrun_scale_microbench_300_2026-02-11T064352Z_seed20260211,AgentWrongTool,VB-158,5,CalcTool,sum,value_equals,True,CalcTool,sum,True,,E0,True
VBrun_scale_microbench_300_2026-02-11T064352Z_seed20260211,AgentWrongTool,VB-159,1,FileTool,write_csv,artifact_written_exists,True,FileTool,write_csv,True,,E0,True
VBrun_scale_microbench_300_2026-02-11T064352Z_seed20260211,AgentWrongTool,VB-159,2,FileTool,read_csv,read_after_write_dependency,True,FileTool,read_csv,True,,E0,True
VBrun_scale_microbench_300_2026-02-11T064352Z_seed20260211,AgentWrongTool,VB-159,3,QueryTool,search,query_hits_reproducible,True,QueryTool,search,True,,E0,True
VBrun_scale_microbench_300_2026-02-11T064352Z_seed20260211,AgentWrongTool,VB-159,4,CalcTool,sum,value_equals,True,CalcTool,sum,True,,E0,True
VBrun_scale_microbench_300_2026-02-11T064352Z_seed20260211,AgentWrongTool,VB-159,5,CalcTool,sum,value_equals,True,CalcTool,sum,True,,E0,True
VBrun_scale_microbench_300_2026-02-11T064352Z_seed20260211,AgentWrongTool,VB-159,6,QueryTool,search,query_hits_reproducible,True,QueryTool,search,True,,E0,True
VBrun_scale_microbench_300_2026-02-11T064352Z_seed20260211,AgentWrongTool,VB-160,1,FileTool,write_csv,artifact_written_exists,True,FileTool,write_csv,True,,E0,True
VBrun_scale_microbench_300_2026-02-11T064352Z_seed20260211,AgentWrongTool,VB-160,2,FileTool,read_csv,read_after_write_dependency,True,FileTool,read_csv,True,,E0,True
VBrun_scale_microbench_300_2026-02-11T064352Z_seed20260211,AgentWrongTool,VB-160,3,QueryTool,search,query_hits_reproducible,True,QueryTool,search,True,,E0,True
VBrun_scale_microbench_300_2026-02-11T064352Z_seed20260211,AgentWrongTool,VB-160,4,CalcTool,sum,value_equals,True,CalcTool,sum,True,,E0,True
VBrun_scale_microbench_300_2026-02-11T064352Z_seed20260211,AgentWrongTool,VB-160,5,CalcTool,sum,value_equals,True,CalcTool,sum,True,,E0,True
VBrun_scale_microbench_300_2026-02-11T064352Z_seed20260211,AgentWrongTool,VB-160,6,QueryTool,search,query_hits_reproducible,True,QueryTool,search,True,,E0,True
VBrun_scale_microbench_300_2026-02-11T064352Z_seed20260211,AgentWrongTool,VB-160,7,CalcTool,sum,value_equals,True,CalcTool,sum,True,,E0,True
VBrun_scale_microbench_300_2026-02-11T064352Z_seed20260211,AgentWrongTool,VB-161,1,FileTool,write_csv,artifact_written_exists,True,FileTool,write_csv,True,,E0,True
VBrun_scale_microbench_300_2026-02-11T064352Z_seed20260211,AgentWrongTool,VB-161,2,FileTool,read_csv,read_after_write_dependency,True,FileTool,read_csv,True,,E0,True
VBrun_scale_microbench_300_2026-02-11T064352Z_seed20260211,AgentWrongTool,VB-161,3,QueryTool,search,query_hits_reproducible,True,QueryTool,search,True,,E0,True
VBrun_scale_microbench_300_2026-02-11T064352Z_seed20260211,AgentWrongTool,VB-161,4,CalcTool,sum,value_equals,True,CalcTool,sum,True,,E0,True
VBrun_scale_microbench_300_2026-02-11T064352Z_seed20260211,AgentWrongTool,VB-161,5,CalcTool,sum,value_equals,True,CalcTool,sum,True,,E0,True
VBrun_scale_microbench_300_2026-02-11T064352Z_seed20260211,AgentWrongTool,VB-161,6,QueryTool,search,query_hits_reproducible,True,QueryTool,search,True,,E0,True
VBrun_scale_microbench_300_2026-02-11T064352Z_seed20260211,AgentWrongTool,VB-161,7,CalcTool,sum,value_equals,True,CalcTool,sum,True,,E0,True
VBrun_scale_microbench_300_2026-02-11T064352Z_seed20260211,AgentWrongTool,VB-161,8,CalcTool,sum,value_equals,True,CalcTool,sum,True,,E0,True
VBrun_scale_microbench_300_2026-02-11T064352Z_seed20260211,AgentWrongTool,VB-162,1,FileTool,write_csv,artifact_written_exists,True,FileTool,write_csv,True,,E0,True
VBrun_scale_microbench_300_2026-02-11T064352Z_seed20260211,AgentWrongTool,VB-162,2,FileTool,read_csv,read_after_write_dependency,True,FileTool,read_csv,True,,E0,True
VBrun_scale_microbench_300_2026-02-11T064352Z_seed20260211,AgentWrongTool,VB-163,1,FileTool,write_csv,artifact_written_exists,True,FileTool,write_csv,True,,E0,True
VBrun_scale_microbench_300_2026-02-11T064352Z_seed20260211,AgentWrongTool,VB-163,2,FileTool,read_csv,read_after_write_dependency,True,FileTool,read_csv,True,,E0,True
VBrun_scale_microbench_300_2026-02-11T064352Z_seed20260211,AgentWrongTool,VB-163,3,QueryTool,search,query_hits_reproducible,True,QueryTool,search,True,,E0,True
VBrun_scale_microbench_300_2026-02-11T064352Z_seed20260211,AgentWrongTool,VB-164,1,FileTool,write_csv,artifact_written_exists,True,FileTool,write_csv,True,,E0,True
VBrun_scale_microbench_300_2026-02-11T064352Z_seed20260211,AgentWrongTool,VB-164,2,FileTool,read_csv,read_after_write_dependency,True,FileTool,read_csv,True,,E0,True
VBrun_scale_microbench_300_2026-02-11T064352Z_seed20260211,AgentWrongTool,VB-164,3,QueryTool,search,query_hits_reproducible,True,QueryTool,search,True,,E0,True
VBrun_scale_microbench_300_2026-02-11T064352Z_seed20260211,AgentWrongTool,VB-164,4,CalcTool,sum,value_equals,True,CalcTool,sum,True,,E0,True
VBrun_scale_microbench_300_2026-02-11T064352Z_seed20260211,AgentWrongTool,VB-165,1,FileTool,write_csv,artifact_written_exists,True,FileTool,write_csv,True,,E0,True
VBrun_scale_microbench_300_2026-02-11T064352Z_seed20260211,AgentWrongTool,VB-165,2,FileTool,read_csv,read_after_write_dependency,True,FileTool,read_csv,True,,E0,True
VBrun_scale_microbench_300_2026-02-11T064352Z_seed20260211,AgentWrongTool,VB-165,3,QueryTool,search,query_hits_reproducible,True,QueryTool,search,True,,E0,True
VBrun_scale_microbench_300_2026-02-11T064352Z_seed20260211,AgentWrongTool,VB-165,4,CalcTool,sum,value_equals,True,CalcTool,sum,True,,E0,True
VBrun_scale_microbench_300_2026-02-11T064352Z_seed20260211,AgentWrongTool,VB-165,5,CalcTool,sum,value_equals,True,CalcTool,sum,True,,E0,True
VBrun_scale_microbench_300_2026-02-11T064352Z_seed20260211,AgentWrongTool,VB-166,1,FileTool,write_csv,artifact_written_exists,True,FileTool,write_csv,True,,E0,True
VBrun_scale_microbench_300_2026-02-11T064352Z_seed20260211,AgentWrongTool,VB-166,2,FileTool,read_csv,read_after_write_dependency,True,FileTool,read_csv,True,,E0,True
VBrun_scale_microbench_300_2026-02-11T064352Z_seed20260211,AgentWrongTool,VB-166,3,QueryTool,search,query_hits_reproducible,True,QueryTool,search,True,,E0,True
VBrun_scale_microbench_300_2026-02-11T064352Z_seed20260211,AgentWrongTool,VB-166,4,CalcTool,sum,value_equals,True,CalcTool,sum,True,,E0,True
VBrun_scale_microbench_300_2026-02-11T064352Z_seed20260211,AgentWrongTool,VB-166,5,CalcTool,sum,value_equals,True,CalcTool,sum,True,,E0,True
VBrun_scale_microbench_300_2026-02-11T064352Z_seed20260211,AgentWrongTool,VB-166,6,QueryTool,search,query_hits_reproducible,True,QueryTool,search,True,,E0,True
VBrun_scale_microbench_300_2026-02-11T064352Z_seed20260211,AgentWrongTool,VB-167,1,FileTool,write_csv,artifact_written_exists,True,FileTool,write_csv,True,,E0,True
VBrun_scale_microbench_300_2026-02-11T064352Z_seed20260211,AgentWrongTool,VB-167,2,FileTool,read_csv,read_after_write_dependency,True,FileTool,read_csv,True,,E0,True
VBrun_scale_microbench_300_2026-02-11T064352Z_seed20260211,AgentWrongTool,VB-167,3,QueryTool,search,query_hits_reproducible,True,QueryTool,search,True,,E0,True
VBrun_scale_microbench_300_2026-02-11T064352Z_seed20260211,AgentWrongTool,VB-167,4,CalcTool,sum,value_equals,True,CalcTool,sum,True,,E0,True
VBrun_scale_microbench_300_2026-02-11T064352Z_seed20260211,AgentWrongTool,VB-167,5,CalcTool,sum,value_equals,True,CalcTool,sum,True,,E0,True
VBrun_scale_microbench_300_2026-02-11T064352Z_seed20260211,AgentWrongTool,VB-167,6,QueryTool,search,query_hits_reproducible,True,QueryTool,search,True,,E0,True
VBrun_scale_microbench_300_2026-02-11T064352Z_seed20260211,AgentWrongTool,VB-167,7,CalcTool,sum,value_equals,True,CalcTool,sum,True,,E0,True
VBrun_scale_microbench_300_2026-02-11T064352Z_seed20260211,AgentWrongTool,VB-168,1,FileTool,write_csv,artifact_written_exists,True,FileTool,write_csv,True,,E0,True
VBrun_scale_microbench_300_2026-02-11T064352Z_seed20260211,AgentWrongTool,VB-168,2,FileTool,read_csv,read_after_write_dependency,True,FileTool,read_csv,True,,E0,True
VBrun_scale_microbench_300_2026-02-11T064352Z_seed20260211,AgentWrongTool,VB-168,3,QueryTool,search,query_hits_reproducible,True,QueryTool,search,True,,E0,True
VBrun_scale_microbench_300_2026-02-11T064352Z_seed20260211,AgentWrongTool,VB-168,4,CalcTool,sum,value_equals,True,CalcTool,sum,True,,E0,True
VBrun_scale_microbench_300_2026-02-11T064352Z_seed20260211,AgentWrongTool,VB-168,5,CalcTool,sum,value_equals,True,CalcTool,sum,True,,E0,True
VBrun_scale_microbench_300_2026-02-11T064352Z_seed20260211,AgentWrongTool,VB-168,6,QueryTool,search,query_hits_reproducible,True,QueryTool,search,True,,E0,True
VBrun_scale_microbench_300_2026-02-11T064352Z_seed20260211,AgentWrongTool,VB-168,7,CalcTool,sum,value_equals,True,CalcTool,sum,True,,E0,True
VBrun_scale_microbench_300_2026-02-11T064352Z_seed20260211,AgentWrongTool,VB-168,8,CalcTool,sum,value_equals,True,CalcTool,sum,True,,E0,True
VBrun_scale_microbench_300_2026-02-11T064352Z_seed20260211,AgentWrongTool,VB-169,1,FileTool,write_csv,artifact_written_exists,True,FileTool,write_csv,True,,E0,True
VBrun_scale_microbench_300_2026-02-11T064352Z_seed20260211,AgentWrongTool,VB-169,2,FileTool,read_csv,read_after_write_dependency,True,FileTool,read_csv,True,,E0,True
VBrun_scale_microbench_300_2026-02-11T064352Z_seed20260211,AgentWrongTool,VB-170,1,FileTool,write_csv,artifact_written_exists,True,FileTool,write_csv,True,,E0,True
VBrun_scale_microbench_300_2026-02-11T064352Z_seed20260211,AgentWrongTool,VB-170,2,FileTool,read_csv,read_after_write_dependency,True,FileTool,read_csv,True,,E0,True
VBrun_scale_microbench_300_2026-02-11T064352Z_seed20260211,AgentWrongTool,VB-170,3,QueryTool,search,query_hits_reproducible,True,QueryTool,search,True,,E0,True
VBrun_scale_microbench_300_2026-02-11T064352Z_seed20260211,AgentWrongTool,VB-171,1,FileTool,write_csv,artifact_written_exists,True,FileTool,write_csv,True,,E0,True
VBrun_scale_microbench_300_2026-02-11T064352Z_seed20260211,AgentWrongTool,VB-171,2,FileTool,read_csv,read_after_write_dependency,True,FileTool,read_csv,True,,E0,True
VBrun_scale_microbench_300_2026-02-11T064352Z_seed20260211,AgentWrongTool,VB-171,3,QueryTool,search,query_hits_reproducible,True,QueryTool,search,True,,E0,True
VBrun_scale_microbench_300_2026-02-11T064352Z_seed20260211,AgentWrongTool,VB-171,4,CalcTool,sum,value_equals,True,CalcTool,sum,True,,E0,True
VBrun_scale_microbench_300_2026-02-11T064352Z_seed20260211,AgentWrongTool,VB-172,1,FileTool,write_csv,artifact_written_exists,True,FileTool,write_csv,True,,E0,True
VBrun_scale_microbench_300_2026-02-11T064352Z_seed20260211,AgentWrongTool,VB-172,2,FileTool,read_csv,read_after_write_dependency,True,FileTool,read_csv,True,,E0,True
VBrun_scale_microbench_300_2026-02-11T064352Z_seed20260211,AgentWrongTool,VB-172,3,QueryTool,search,query_hits_reproducible,True,QueryTool,search,True,,E0,True
VBrun_scale_microbench_300_2026-02-11T064352Z_seed20260211,AgentWrongTool,VB-172,4,CalcTool,sum,value_equals,True,CalcTool,sum,True,,E0,True
VBrun_scale_microbench_300_2026-02-11T064352Z_seed20260211,AgentWrongTool,VB-172,5,CalcTool,sum,value_equals,True,CalcTool,sum,True,,E0,True
VBrun_scale_microbench_300_2026-02-11T064352Z_seed20260211,AgentWrongTool,VB-173,1,FileTool,write_csv,artifact_written_exists,True,FileTool,write_csv,True,,E0,True
VBrun_scale_microbench_300_2026-02-11T064352Z_seed20260211,AgentWrongTool,VB-173,2,FileTool,read_csv,read_after_write_dependency,True,FileTool,read_csv,True,,E0,True
VBrun_scale_microbench_300_2026-02-11T064352Z_seed20260211,AgentWrongTool,VB-173,3,QueryTool,search,query_hits_reproducible,True,QueryTool,search,True,,E0,True
VBrun_scale_microbench_300_2026-02-11T064352Z_seed20260211,AgentWrongTool,VB-173,4,CalcTool,sum,value_equals,True,CalcTool,sum,True,,E0,True
VBrun_scale_microbench_300_2026-02-11T064352Z_seed20260211,AgentWrongTool,VB-173,5,CalcTool,sum,value_equals,True,CalcTool,sum,True,,E0,True
VBrun_scale_microbench_300_2026-02-11T064352Z_seed20260211,AgentWrongTool,VB-173,6,QueryTool,search,query_hits_reproducible,True,QueryTool,search,True,,E0,True
VBrun_scale_microbench_300_2026-02-11T064352Z_seed20260211,AgentWrongTool,VB-174,1,FileTool,write_csv,artifact_written_exists,True,FileTool,write_csv,True,,E0,True
VBrun_scale_microbench_300_2026-02-11T064352Z_seed20260211,AgentWrongTool,VB-174,2,FileTool,read_csv,read_after_write_dependency,True,FileTool,read_csv,True,,E0,True
VBrun_scale_microbench_300_2026-02-11T064352Z_seed20260211,AgentWrongTool,VB-174,3,QueryTool,search,query_hits_reproducible,True,QueryTool,search,True,,E0,True
VBrun_scale_microbench_300_2026-02-11T064352Z_seed20260211,AgentWrongTool,VB-174,4,CalcTool,sum,value_equals,True,CalcTool,sum,True,,E0,True
VBrun_scale_microbench_300_2026-02-11T064352Z_seed20260211,AgentWrongTool,VB-174,5,CalcTool,sum,value_equals,True,CalcTool,sum,True,,E0,True
VBrun_scale_microbench_300_2026-02-11T064352Z_seed20260211,AgentWrongTool,VB-174,6,QueryTool,search,query_hits_reproducible,True,QueryTool,search,True,,E0,True
VBrun_scale_microbench_300_2026-02-11T064352Z_seed20260211,AgentWrongTool,VB-174,7,CalcTool,sum,value_equals,True,CalcTool,sum,True,,E0,True
VBrun_scale_microbench_300_2026-02-11T064352Z_seed20260211,AgentWrongTool,VB-175,1,FileTool,write_csv,artifact_written_exists,True,FileTool,write_csv,True,,E0,True
VBrun_scale_microbench_300_2026-02-11T064352Z_seed20260211,AgentWrongTool,VB-175,2,FileTool,read_csv,read_after_write_dependency,True,FileTool,read_csv,True,,E0,True
VBrun_scale_microbench_300_2026-02-11T064352Z_seed20260211,AgentWrongTool,VB-175,3,QueryTool,search,query_hits_reproducible,True,QueryTool,search,True,,E0,True
VBrun_scale_microbench_300_2026-02-11T064352Z_seed20260211,AgentWrongTool,VB-175,4,CalcTool,sum,value_equals,True,CalcTool,sum,True,,E0,True
VBrun_scale_microbench_300_2026-02-11T064352Z_seed20260211,AgentWrongTool,VB-175,5,CalcTool,sum,value_equals,True,CalcTool,sum,True,,E0,True
VBrun_scale_microbench_300_2026-02-11T064352Z_seed20260211,AgentWrongTool,VB-175,6,QueryTool,search,query_hits_reproducible,True,QueryTool,search,True,,E0,True
VBrun_scale_microbench_300_2026-02-11T064352Z_seed20260211,AgentWrongTool,VB-175,7,CalcTool,sum,value_equals,True,CalcTool,sum,True,,E0,True
VBrun_scale_microbench_300_2026-02-11T064352Z_seed20260211,AgentWrongTool,VB-175,8,CalcTool,sum,value_equals,True,CalcTool,sum,True,,E0,True
VBrun_scale_microbench_300_2026-02-11T064352Z_seed20260211,AgentWrongTool,VB-176,1,FileTool,write_csv,artifact_written_exists,True,FileTool,write_csv,True,,E0,True
VBrun_scale_microbench_300_2026-02-11T064352Z_seed20260211,AgentWrongTool,VB-176,2,FileTool,read_csv,read_after_write_dependency,True,FileTool,read_csv,True,,E0,True
VBrun_scale_microbench_300_2026-02-11T064352Z_seed20260211,AgentWrongTool,VB-177,1,FileTool,write_csv,artifact_written_exists,True,FileTool,write_csv,True,,E0,True
VBrun_scale_microbench_300_2026-02-11T064352Z_seed20260211,AgentWrongTool,VB-177,2,FileTool,read_csv,read_after_write_dependency,True,FileTool,read_csv,True,,E0,True
VBrun_scale_microbench_300_2026-02-11T064352Z_seed20260211,AgentWrongTool,VB-177,3,QueryTool,search,query_hits_reproducible,True,QueryTool,search,True,,E0,True
VBrun_scale_microbench_300_2026-02-11T064352Z_seed20260211,AgentWrongTool,VB-178,1,FileTool,write_csv,artifact_written_exists,True,FileTool,write_csv,True,,E0,True
VBrun_scale_microbench_300_2026-02-11T064352Z_seed20260211,AgentWrongTool,VB-178,2,FileTool,read_csv,read_after_write_dependency,True,FileTool,read_csv,True,,E0,True
VBrun_scale_microbench_300_2026-02-11T064352Z_seed20260211,AgentWrongTool,VB-178,3,QueryTool,search,query_hits_reproducible,True,QueryTool,search,True,,E0,True
VBrun_scale_microbench_300_2026-02-11T064352Z_seed20260211,AgentWrongTool,VB-178,4,CalcTool,sum,value_equals,True,CalcTool,sum,True,,E0,True
VBrun_scale_microbench_300_2026-02-11T064352Z_seed20260211,AgentWrongTool,VB-179,1,FileTool,write_csv,artifact_written_exists,True,FileTool,write_csv,True,,E0,True
VBrun_scale_microbench_300_2026-02-11T064352Z_seed20260211,AgentWrongTool,VB-179,2,FileTool,read_csv,read_after_write_dependency,True,FileTool,read_csv,True,,E0,True
VBrun_scale_microbench_300_2026-02-11T064352Z_seed20260211,AgentWrongTool,VB-179,3,QueryTool,search,query_hits_reproducible,True,QueryTool,search,True,,E0,True
VBrun_scale_microbench_300_2026-02-11T064352Z_seed20260211,AgentWrongTool,VB-179,4,CalcTool,sum,value_equals,True,CalcTool,sum,True,,E0,True
VBrun_scale_microbench_300_2026-02-11T064352Z_seed20260211,AgentWrongTool,VB-179,5,CalcTool,sum,value_equals,True,CalcTool,sum,True,,E0,True
VBrun_scale_microbench_300_2026-02-11T064352Z_seed20260211,AgentWrongTool,VB-180,1,FileTool,write_csv,artifact_written_exists,True,FileTool,write_csv,True,,E0,True
VBrun_scale_microbench_300_2026-02-11T064352Z_seed20260211,AgentWrongTool,VB-180,2,FileTool,read_csv,read_after_write_dependency,True,FileTool,read_csv,True,,E0,True
VBrun_scale_microbench_300_2026-02-11T064352Z_seed20260211,AgentWrongTool,VB-180,3,QueryTool,search,query_hits_reproducible,True,QueryTool,search,True,,E0,True
VBrun_scale_microbench_300_2026-02-11T064352Z_seed20260211,AgentWrongTool,VB-180,4,CalcTool,sum,value_equals,True,CalcTool,sum,True,,E0,True
VBrun_scale_microbench_300_2026-02-11T064352Z_seed20260211,AgentWrongTool,VB-180,5,CalcTool,sum,value_equals,True,CalcTool,sum,True,,E0,True
VBrun_scale_microbench_300_2026-02-11T064352Z_seed20260211,AgentWrongTool,VB-180,6,QueryTool,search,query_hits_reproducible,True,QueryTool,search,True,,E0,True
VBrun_scale_microbench_300_2026-02-11T064352Z_seed20260211,AgentWrongTool,VB-181,1,FileTool,write_csv,artifact_written_exists,True,FileTool,write_csv,True,,E0,True
VBrun_scale_microbench_300_2026-02-11T064352Z_seed20260211,AgentWrongTool,VB-181,2,FileTool,read_csv,read_after_write_dependency,True,FileTool,read_csv,True,,E0,True
VBrun_scale_microbench_300_2026-02-11T064352Z_seed20260211,AgentWrongTool,VB-181,3,QueryTool,search,query_hits_reproducible,True,QueryTool,search,True,,E0,True
VBrun_scale_microbench_300_2026-02-11T064352Z_seed20260211,AgentWrongTool,VB-181,4,CalcTool,sum,value_equals,True,CalcTool,sum,True,,E0,True
VBrun_scale_microbench_300_2026-02-11T064352Z_seed20260211,AgentWrongTool,VB-181,5,CalcTool,sum,value_equals,True,CalcTool,sum,True,,E0,True
VBrun_scale_microbench_300_2026-02-11T064352Z_seed20260211,AgentWrongTool,VB-181,6,QueryTool,search,query_hits_reproducible,True,QueryTool,search,True,,E0,True
VBrun_scale_microbench_300_2026-02-11T064352Z_seed20260211,AgentWrongTool,VB-181,7,CalcTool,sum,value_equals,True,CalcTool,sum,True,,E0,True
VBrun_scale_microbench_300_2026-02-11T064352Z_seed20260211,AgentWrongTool,VB-182,1,FileTool,write_csv,artifact_written_exists,True,FileTool,write_csv,True,,E0,True
VBrun_scale_microbench_300_2026-02-11T064352Z_seed20260211,AgentWrongTool,VB-182,2,FileTool,read_csv,read_after_write_dependency,True,FileTool,read_csv,True,,E0,True
VBrun_scale_microbench_300_2026-02-11T064352Z_seed20260211,AgentWrongTool,VB-182,3,QueryTool,search,query_hits_reproducible,True,QueryTool,search,True,,E0,True
VBrun_scale_microbench_300_2026-02-11T064352Z_seed20260211,AgentWrongTool,VB-182,4,CalcTool,sum,value_equals,True,CalcTool,sum,True,,E0,True
VBrun_scale_microbench_300_2026-02-11T064352Z_seed20260211,AgentWrongTool,VB-182,5,CalcTool,sum,value_equals,True,CalcTool,sum,True,,E0,True
VBrun_scale_microbench_300_2026-02-11T064352Z_seed20260211,AgentWrongTool,VB-182,6,QueryTool,search,query_hits_reproducible,True,QueryTool,search,True,,E0,True
VBrun_scale_microbench_300_2026-02-11T064352Z_seed20260211,AgentWrongTool,VB-182,7,CalcTool,sum,value_equals,True,CalcTool,sum,True,,E0,True
VBrun_scale_microbench_300_2026-02-11T064352Z_seed20260211,AgentWrongTool,VB-182,8,CalcTool,sum,value_equals,True,CalcTool,sum,True,,E0,True
VBrun_scale_microbench_300_2026-02-11T064352Z_seed20260211,AgentWrongTool,VB-183,1,FileTool,write_csv,artifact_written_exists,True,FileTool,write_csv,True,,E0,True
VBrun_scale_microbench_300_2026-02-11T064352Z_seed20260211,AgentWrongTool,VB-183,2,FileTool,read_csv,read_after_write_dependency,True,FileTool,read_csv,True,,E0,True
VBrun_scale_microbench_300_2026-02-11T064352Z_seed20260211,AgentWrongTool,VB-184,1,FileTool,write_csv,artifact_written_exists,True,FileTool,write_csv,True,,E0,True
VBrun_scale_microbench_300_2026-02-11T064352Z_seed20260211,AgentWrongTool,VB-184,2,FileTool,read_csv,read_after_write_dependency,True,FileTool,read_csv,True,,E0,True
VBrun_scale_microbench_300_2026-02-11T064352Z_seed20260211,AgentWrongTool,VB-184,3,QueryTool,search,query_hits_reproducible,True,QueryTool,search,True,,E0,True
VBrun_scale_microbench_300_2026-02-11T064352Z_seed20260211,AgentWrongTool,VB-185,1,FileTool,write_csv,artifact_written_exists,True,FileTool,write_csv,True,,E0,True
VBrun_scale_microbench_300_2026-02-11T064352Z_seed20260211,AgentWrongTool,VB-185,2,FileTool,read_csv,read_after_write_dependency,True,FileTool,read_csv,True,,E0,True
VBrun_scale_microbench_300_2026-02-11T064352Z_seed20260211,AgentWrongTool,VB-185,3,QueryTool,search,query_hits_reproducible,True,QueryTool,search,True,,E0,True
VBrun_scale_microbench_300_2026-02-11T064352Z_seed20260211,AgentWrongTool,VB-185,4,CalcTool,sum,value_equals,True,CalcTool,sum,True,,E0,True
VBrun_scale_microbench_300_2026-02-11T064352Z_seed20260211,AgentWrongTool,VB-186,1,FileTool,write_csv,artifact_written_exists,True,FileTool,write_csv,True,,E0,True
VBrun_scale_microbench_300_2026-02-11T064352Z_seed20260211,AgentWrongTool,VB-186,2,FileTool,read_csv,read_after_write_dependency,True,FileTool,read_csv,True,,E0,True
VBrun_scale_microbench_300_2026-02-11T064352Z_seed20260211,AgentWrongTool,VB-186,3,QueryTool,search,query_hits_reproducible,True,QueryTool,search,True,,E0,True
VBrun_scale_microbench_300_2026-02-11T064352Z_seed20260211,AgentWrongTool,VB-186,4,CalcTool,sum,value_equals,True,CalcTool,sum,True,,E0,True
VBrun_scale_microbench_300_2026-02-11T064352Z_seed20260211,AgentWrongTool,VB-186,5,CalcTool,sum,value_equals,True,CalcTool,sum,True,,E0,True
VBrun_scale_microbench_300_2026-02-11T064352Z_seed20260211,AgentWrongTool,VB-187,1,FileTool,write_csv,artifact_written_exists,True,FileTool,write_csv,True,,E0,True
VBrun_scale_microbench_300_2026-02-11T064352Z_seed20260211,AgentWrongTool,VB-187,2,FileTool,read_csv,read_after_write_dependency,True,FileTool,read_csv,True,,E0,True
VBrun_scale_microbench_300_2026-02-11T064352Z_seed20260211,AgentWrongTool,VB-187,3,QueryTool,search,query_hits_reproducible,True,QueryTool,search,True,,E0,True
VBrun_scale_microbench_300_2026-02-11T064352Z_seed20260211,AgentWrongTool,VB-187,4,CalcTool,sum,value_equals,True,CalcTool,sum,True,,E0,True
VBrun_scale_microbench_300_2026-02-11T064352Z_seed20260211,AgentWrongTool,VB-187,5,CalcTool,sum,value_equals,True,CalcTool,sum,True,,E0,True
VBrun_scale_microbench_300_2026-02-11T064352Z_seed20260211,AgentWrongTool,VB-187,6,QueryTool,search,query_hits_reproducible,True,QueryTool,search,True,,E0,True
VBrun_scale_microbench_300_2026-02-11T064352Z_seed20260211,AgentWrongTool,VB-188,1,FileTool,write_csv,artifact_written_exists,True,FileTool,write_csv,True,,E0,True
VBrun_scale_microbench_300_2026-02-11T064352Z_seed20260211,AgentWrongTool,VB-188,2,FileTool,read_csv,read_after_write_dependency,True,FileTool,read_csv,True,,E0,True
VBrun_scale_microbench_300_2026-02-11T064352Z_seed20260211,AgentWrongTool,VB-188,3,QueryTool,search,query_hits_reproducible,True,QueryTool,search,True,,E0,True
VBrun_scale_microbench_300_2026-02-11T064352Z_seed20260211,AgentWrongTool,VB-188,4,CalcTool,sum,value_equals,True,CalcTool,sum,True,,E0,True
VBrun_scale_microbench_300_2026-02-11T064352Z_seed20260211,AgentWrongTool,VB-188,5,CalcTool,sum,value_equals,True,CalcTool,sum,True,,E0,True
VBrun_scale_microbench_300_2026-02-11T064352Z_seed20260211,AgentWrongTool,VB-188,6,QueryTool,search,query_hits_reproducible,True,QueryTool,search,True,,E0,True
VBrun_scale_microbench_300_2026-02-11T064352Z_seed20260211,AgentWrongTool,VB-188,7,CalcTool,sum,value_equals,True,CalcTool,sum,True,,E0,True
VBrun_scale_microbench_300_2026-02-11T064352Z_seed20260211,AgentWrongTool,VB-189,1,FileTool,write_csv,artifact_written_exists,True,FileTool,write_csv,True,,E0,True
VBrun_scale_microbench_300_2026-02-11T064352Z_seed20260211,AgentWrongTool,VB-189,2,FileTool,read_csv,read_after_write_dependency,True,FileTool,read_csv,True,,E0,True
VBrun_scale_microbench_300_2026-02-11T064352Z_seed20260211,AgentWrongTool,VB-189,3,QueryTool,search,query_hits_reproducible,True,QueryTool,search,True,,E0,True
VBrun_scale_microbench_300_2026-02-11T064352Z_seed20260211,AgentWrongTool,VB-189,4,CalcTool,sum,value_equals,True,CalcTool,sum,True,,E0,True
VBrun_scale_microbench_300_2026-02-11T064352Z_seed20260211,AgentWrongTool,VB-189,5,CalcTool,sum,value_equals,True,CalcTool,sum,True,,E0,True
VBrun_scale_microbench_300_2026-02-11T064352Z_seed20260211,AgentWrongTool,VB-189,6,QueryTool,search,query_hits_reproducible,True,QueryTool,search,True,,E0,True
VBrun_scale_microbench_300_2026-02-11T064352Z_seed20260211,AgentWrongTool,VB-189,7,CalcTool,sum,value_equals,True,CalcTool,sum,True,,E0,True
VBrun_scale_microbench_300_2026-02-11T064352Z_seed20260211,AgentWrongTool,VB-189,8,CalcTool,sum,value_equals,True,CalcTool,sum,True,,E0,True
VBrun_scale_microbench_300_2026-02-11T064352Z_seed20260211,AgentWrongTool,VB-190,1,FileTool,write_csv,artifact_written_exists,True,FileTool,write_csv,True,,E0,True
VBrun_scale_microbench_300_2026-02-11T064352Z_seed20260211,AgentWrongTool,VB-190,2,FileTool,read_csv,read_after_write_dependency,True,FileTool,read_csv,True,,E0,True
VBrun_scale_microbench_300_2026-02-11T064352Z_seed20260211,AgentWrongTool,VB-191,1,FileTool,write_csv,artifact_written_exists,True,FileTool,write_csv,True,,E0,True
VBrun_scale_microbench_300_2026-02-11T064352Z_seed20260211,AgentWrongTool,VB-191,2,FileTool,read_csv,read_after_write_dependency,True,FileTool,read_csv,True,,E0,True
VBrun_scale_microbench_300_2026-02-11T064352Z_seed20260211,AgentWrongTool,VB-191,3,QueryTool,search,query_hits_reproducible,True,QueryTool,search,True,,E0,True
VBrun_scale_microbench_300_2026-02-11T064352Z_seed20260211,AgentWrongTool,VB-192,1,FileTool,write_csv,artifact_written_exists,True,FileTool,write_csv,True,,E0,True
VBrun_scale_microbench_300_2026-02-11T064352Z_seed20260211,AgentWrongTool,VB-192,2,FileTool,read_csv,read_after_write_dependency,True,FileTool,read_csv,True,,E0,True
VBrun_scale_microbench_300_2026-02-11T064352Z_seed20260211,AgentWrongTool,VB-192,3,QueryTool,search,query_hits_reproducible,True,QueryTool,search,True,,E0,True
VBrun_scale_microbench_300_2026-02-11T064352Z_seed20260211,AgentWrongTool,VB-192,4,CalcTool,sum,value_equals,True,CalcTool,sum,True,,E0,True
VBrun_scale_microbench_300_2026-02-11T064352Z_seed20260211,AgentWrongTool,VB-193,1,FileTool,write_csv,artifact_written_exists,True,FileTool,write_csv,True,,E0,True
VBrun_scale_microbench_300_2026-02-11T064352Z_seed20260211,AgentWrongTool,VB-193,2,FileTool,read_csv,read_after_write_dependency,True,FileTool,read_csv,True,,E0,True
VBrun_scale_microbench_300_2026-02-11T064352Z_seed20260211,AgentWrongTool,VB-193,3,QueryTool,search,query_hits_reproducible,True,QueryTool,search,True,,E0,True
VBrun_scale_microbench_300_2026-02-11T064352Z_seed20260211,AgentWrongTool,VB-193,4,CalcTool,sum,value_equals,True,CalcTool,sum,True,,E0,True
VBrun_scale_microbench_300_2026-02-11T064352Z_seed20260211,AgentWrongTool,VB-193,5,CalcTool,sum,value_equals,True,CalcTool,sum,True,,E0,True
VBrun_scale_microbench_300_2026-02-11T064352Z_seed20260211,AgentWrongTool,VB-194,1,FileTool,write_csv,artifact_written_exists,True,FileTool,write_csv,True,,E0,True
VBrun_scale_microbench_300_2026-02-11T064352Z_seed20260211,AgentWrongTool,VB-194,2,FileTool,read_csv,read_after_write_dependency,True,FileTool,read_csv,True,,E0,True
VBrun_scale_microbench_300_2026-02-11T064352Z_seed20260211,AgentWrongTool,VB-194,3,QueryTool,search,query_hits_reproducible,True,QueryTool,search,True,,E0,True
VBrun_scale_microbench_300_2026-02-11T064352Z_seed20260211,AgentWrongTool,VB-194,4,CalcTool,sum,value_equals,True,CalcTool,sum,True,,E0,True
VBrun_scale_microbench_300_2026-02-11T064352Z_seed20260211,AgentWrongTool,VB-194,5,CalcTool,sum,value_equals,True,CalcTool,sum,True,,E0,True
VBrun_scale_microbench_300_2026-02-11T064352Z_seed20260211,AgentWrongTool,VB-194,6,QueryTool,search,query_hits_reproducible,True,QueryTool,search,True,,E0,True
VBrun_scale_microbench_300_2026-02-11T064352Z_seed20260211,AgentWrongTool,VB-195,1,FileTool,write_csv,artifact_written_exists,True,FileTool,write_csv,True,,E0,True
VBrun_scale_microbench_300_2026-02-11T064352Z_seed20260211,AgentWrongTool,VB-195,2,FileTool,read_csv,read_after_write_dependency,True,FileTool,read_csv,True,,E0,True
VBrun_scale_microbench_300_2026-02-11T064352Z_seed20260211,AgentWrongTool,VB-195,3,QueryTool,search,query_hits_reproducible,True,QueryTool,search,True,,E0,True
VBrun_scale_microbench_300_2026-02-11T064352Z_seed20260211,AgentWrongTool,VB-195,4,CalcTool,sum,value_equals,True,CalcTool,sum,True,,E0,True
VBrun_scale_microbench_300_2026-02-11T064352Z_seed20260211,AgentWrongTool,VB-195,5,CalcTool,sum,value_equals,True,CalcTool,sum,True,,E0,True
VBrun_scale_microbench_300_2026-02-11T064352Z_seed20260211,AgentWrongTool,VB-195,6,QueryTool,search,query_hits_reproducible,True,QueryTool,search,True,,E0,True
VBrun_scale_microbench_300_2026-02-11T064352Z_seed20260211,AgentWrongTool,VB-195,7,CalcTool,sum,value_equals,True,CalcTool,sum,True,,E0,True
VBrun_scale_microbench_300_2026-02-11T064352Z_seed20260211,AgentWrongTool,VB-196,1,FileTool,write_csv,artifact_written_exists,True,FileTool,write_csv,True,,E0,True
VBrun_scale_microbench_300_2026-02-11T064352Z_seed20260211,AgentWrongTool,VB-196,2,FileTool,read_csv,read_after_write_dependency,True,FileTool,read_csv,True,,E0,True
VBrun_scale_microbench_300_2026-02-11T064352Z_seed20260211,AgentWrongTool,VB-196,3,QueryTool,search,query_hits_reproducible,True,QueryTool,search,True,,E0,True
VBrun_scale_microbench_300_2026-02-11T064352Z_seed20260211,AgentWrongTool,VB-196,4,CalcTool,sum,value_equals,True,CalcTool,sum,True,,E0,True
VBrun_scale_microbench_300_2026-02-11T064352Z_seed20260211,AgentWrongTool,VB-196,5,CalcTool,sum,value_equals,True,CalcTool,sum,True,,E0,True
VBrun_scale_microbench_300_2026-02-11T064352Z_seed20260211,AgentWrongTool,VB-196,6,QueryTool,search,query_hits_reproducible,True,QueryTool,search,True,,E0,True
VBrun_scale_microbench_300_2026-02-11T064352Z_seed20260211,AgentWrongTool,VB-196,7,CalcTool,sum,value_equals,True,CalcTool,sum,True,,E0,True
VBrun_scale_microbench_300_2026-02-11T064352Z_seed20260211,AgentWrongTool,VB-196,8,CalcTool,sum,value_equals,True,CalcTool,sum,True,,E0,True
VBrun_scale_microbench_300_2026-02-11T064352Z_seed20260211,AgentWrongTool,VB-197,1,FileTool,write_csv,artifact_written_exists,True,FileTool,write_csv,True,,E0,True
VBrun_scale_microbench_300_2026-02-11T064352Z_seed20260211,AgentWrongTool,VB-197,2,FileTool,read_csv,read_after_write_dependency,True,FileTool,read_csv,True,,E0,True
VBrun_scale_microbench_300_2026-02-11T064352Z_seed20260211,AgentWrongTool,VB-198,1,FileTool,write_csv,artifact_written_exists,True,FileTool,write_csv,True,,E0,True
VBrun_scale_microbench_300_2026-02-11T064352Z_seed20260211,AgentWrongTool,VB-198,2,FileTool,read_csv,read_after_write_dependency,True,FileTool,read_csv,True,,E0,True
VBrun_scale_microbench_300_2026-02-11T064352Z_seed20260211,AgentWrongTool,VB-198,3,QueryTool,search,query_hits_reproducible,True,QueryTool,search,True,,E0,True
VBrun_scale_microbench_300_2026-02-11T064352Z_seed20260211,AgentWrongTool,VB-199,1,FileTool,write_csv,artifact_written_exists,True,FileTool,write_csv,True,,E0,True
VBrun_scale_microbench_300_2026-02-11T064352Z_seed20260211,AgentWrongTool,VB-199,2,FileTool,read_csv,read_after_write_dependency,True,FileTool,read_csv,True,,E0,True
VBrun_scale_microbench_300_2026-02-11T064352Z_seed20260211,AgentWrongTool,VB-199,3,QueryTool,search,query_hits_reproducible,True,QueryTool,search,True,,E0,True
VBrun_scale_microbench_300_2026-02-11T064352Z_seed20260211,AgentWrongTool,VB-199,4,CalcTool,sum,value_equals,True,CalcTool,sum,True,,E0,True
VBrun_scale_microbench_300_2026-02-11T064352Z_seed20260211,AgentWrongTool,VB-200,1,FileTool,write_csv,artifact_written_exists,True,FileTool,write_csv,True,,E0,True
VBrun_scale_microbench_300_2026-02-11T064352Z_seed20260211,AgentWrongTool,VB-200,2,FileTool,read_csv,read_after_write_dependency,True,FileTool,read_csv,True,,E0,True
VBrun_scale_microbench_300_2026-02-11T064352Z_seed20260211,AgentWrongTool,VB-200,3,QueryTool,search,query_hits_reproducible,True,QueryTool,search,True,,E0,True
VBrun_scale_microbench_300_2026-02-11T064352Z_seed20260211,AgentWrongTool,VB-200,4,CalcTool,sum,value_equals,True,CalcTool,sum,True,,E0,True
VBrun_scale_microbench_300_2026-02-11T064352Z_seed20260211,AgentWrongTool,VB-200,5,CalcTool,sum,value_equals,True,CalcTool,sum,True,,E0,True
VBrun_scale_microbench_300_2026-02-11T064352Z_seed20260211,AgentWrongTool,VB-201,1,FileTool,write_csv,artifact_written_exists,True,FileTool,write_csv,True,,E0,True
VBrun_scale_microbench_300_2026-02-11T064352Z_seed20260211,AgentWrongTool,VB-201,2,FileTool,read_csv,read_after_write_dependency,True,FileTool,read_csv,True,,E0,True
VBrun_scale_microbench_300_2026-02-11T064352Z_seed20260211,AgentWrongTool,VB-201,3,QueryTool,search,query_hits_reproducible,True,QueryTool,search,True,,E0,True
VBrun_scale_microbench_300_2026-02-11T064352Z_seed20260211,AgentWrongTool,VB-201,4,CalcTool,sum,value_equals,True,CalcTool,sum,True,,E0,True
VBrun_scale_microbench_300_2026-02-11T064352Z_seed20260211,AgentWrongTool,VB-201,5,CalcTool,sum,value_equals,True,CalcTool,sum,True,,E0,True
VBrun_scale_microbench_300_2026-02-11T064352Z_seed20260211,AgentWrongTool,VB-201,6,QueryTool,search,query_hits_reproducible,True,QueryTool,search,True,,E0,True
VBrun_scale_microbench_300_2026-02-11T064352Z_seed20260211,AgentWrongTool,VB-202,1,FileTool,write_csv,artifact_written_exists,True,FileTool,write_csv,True,,E0,True
VBrun_scale_microbench_300_2026-02-11T064352Z_seed20260211,AgentWrongTool,VB-202,2,FileTool,read_csv,read_after_write_dependency,True,FileTool,read_csv,True,,E0,True
VBrun_scale_microbench_300_2026-02-11T064352Z_seed20260211,AgentWrongTool,VB-202,3,QueryTool,search,query_hits_reproducible,True,QueryTool,search,True,,E0,True
VBrun_scale_microbench_300_2026-02-11T064352Z_seed20260211,AgentWrongTool,VB-202,4,CalcTool,sum,value_equals,True,CalcTool,sum,True,,E0,True
VBrun_scale_microbench_300_2026-02-11T064352Z_seed20260211,AgentWrongTool,VB-202,5,CalcTool,sum,value_equals,True,CalcTool,sum,True,,E0,True
VBrun_scale_microbench_300_2026-02-11T064352Z_seed20260211,AgentWrongTool,VB-202,6,QueryTool,search,query_hits_reproducible,True,QueryTool,search,True,,E0,True
VBrun_scale_microbench_300_2026-02-11T064352Z_seed20260211,AgentWrongTool,VB-202,7,CalcTool,sum,value_equals,True,CalcTool,sum,True,,E0,True
VBrun_scale_microbench_300_2026-02-11T064352Z_seed20260211,AgentWrongTool,VB-203,1,FileTool,write_csv,artifact_written_exists,True,FileTool,write_csv,True,,E0,True
VBrun_scale_microbench_300_2026-02-11T064352Z_seed20260211,AgentWrongTool,VB-203,2,FileTool,read_csv,read_after_write_dependency,True,FileTool,read_csv,True,,E0,True
VBrun_scale_microbench_300_2026-02-11T064352Z_seed20260211,AgentWrongTool,VB-203,3,QueryTool,search,query_hits_reproducible,True,QueryTool,search,True,,E0,True
VBrun_scale_microbench_300_2026-02-11T064352Z_seed20260211,AgentWrongTool,VB-203,4,CalcTool,sum,value_equals,True,CalcTool,sum,True,,E0,True
VBrun_scale_microbench_300_2026-02-11T064352Z_seed20260211,AgentWrongTool,VB-203,5,CalcTool,sum,value_equals,True,CalcTool,sum,True,,E0,True
VBrun_scale_microbench_300_2026-02-11T064352Z_seed20260211,AgentWrongTool,VB-203,6,QueryTool,search,query_hits_reproducible,True,QueryTool,search,True,,E0,True
VBrun_scale_microbench_300_2026-02-11T064352Z_seed20260211,AgentWrongTool,VB-203,7,CalcTool,sum,value_equals,True,CalcTool,sum,True,,E0,True
VBrun_scale_microbench_300_2026-02-11T064352Z_seed20260211,AgentWrongTool,VB-203,8,CalcTool,sum,value_equals,True,CalcTool,sum,True,,E0,True
VBrun_scale_microbench_300_2026-02-11T064352Z_seed20260211,AgentWrongTool,VB-204,1,FileTool,write_csv,artifact_written_exists,True,FileTool,write_csv,True,,E0,True
VBrun_scale_microbench_300_2026-02-11T064352Z_seed20260211,AgentWrongTool,VB-204,2,FileTool,read_csv,read_after_write_dependency,True,FileTool,read_csv,True,,E0,True
VBrun_scale_microbench_300_2026-02-11T064352Z_seed20260211,AgentWrongTool,VB-205,1,FileTool,write_csv,artifact_written_exists,True,FileTool,write_csv,True,,E0,True
VBrun_scale_microbench_300_2026-02-11T064352Z_seed20260211,AgentWrongTool,VB-205,2,FileTool,read_csv,read_after_write_dependency,True,FileTool,read_csv,True,,E0,True
VBrun_scale_microbench_300_2026-02-11T064352Z_seed20260211,AgentWrongTool,VB-205,3,QueryTool,search,query_hits_reproducible,True,QueryTool,search,True,,E0,True
VBrun_scale_microbench_300_2026-02-11T064352Z_seed20260211,AgentWrongTool,VB-206,1,FileTool,write_csv,artifact_written_exists,True,FileTool,write_csv,True,,E0,True
VBrun_scale_microbench_300_2026-02-11T064352Z_seed20260211,AgentWrongTool,VB-206,2,FileTool,read_csv,read_after_write_dependency,True,FileTool,read_csv,True,,E0,True
VBrun_scale_microbench_300_2026-02-11T064352Z_seed20260211,AgentWrongTool,VB-206,3,QueryTool,search,query_hits_reproducible,True,QueryTool,search,True,,E0,True
VBrun_scale_microbench_300_2026-02-11T064352Z_seed20260211,AgentWrongTool,VB-206,4,CalcTool,sum,value_equals,True,CalcTool,sum,True,,E0,True
VBrun_scale_microbench_300_2026-02-11T064352Z_seed20260211,AgentWrongTool,VB-207,1,FileTool,write_csv,artifact_written_exists,True,FileTool,write_csv,True,,E0,True
VBrun_scale_microbench_300_2026-02-11T064352Z_seed20260211,AgentWrongTool,VB-207,2,FileTool,read_csv,read_after_write_dependency,True,FileTool,read_csv,True,,E0,True
VBrun_scale_microbench_300_2026-02-11T064352Z_seed20260211,AgentWrongTool,VB-207,3,QueryTool,search,query_hits_reproducible,True,QueryTool,search,True,,E0,True
VBrun_scale_microbench_300_2026-02-11T064352Z_seed20260211,AgentWrongTool,VB-207,4,CalcTool,sum,value_equals,True,CalcTool,sum,True,,E0,True
VBrun_scale_microbench_300_2026-02-11T064352Z_seed20260211,AgentWrongTool,VB-207,5,CalcTool,sum,value_equals,True,CalcTool,sum,True,,E0,True
VBrun_scale_microbench_300_2026-02-11T064352Z_seed20260211,AgentWrongTool,VB-208,1,FileTool,write_csv,artifact_written_exists,True,FileTool,write_csv,True,,E0,True
VBrun_scale_microbench_300_2026-02-11T064352Z_seed20260211,AgentWrongTool,VB-208,2,FileTool,read_csv,read_after_write_dependency,True,FileTool,read_csv,True,,E0,True
VBrun_scale_microbench_300_2026-02-11T064352Z_seed20260211,AgentWrongTool,VB-208,3,QueryTool,search,query_hits_reproducible,True,QueryTool,search,True,,E0,True
VBrun_scale_microbench_300_2026-02-11T064352Z_seed20260211,AgentWrongTool,VB-208,4,CalcTool,sum,value_equals,True,CalcTool,sum,True,,E0,True
VBrun_scale_microbench_300_2026-02-11T064352Z_seed20260211,AgentWrongTool,VB-208,5,CalcTool,sum,value_equals,True,CalcTool,sum,True,,E0,True
VBrun_scale_microbench_300_2026-02-11T064352Z_seed20260211,AgentWrongTool,VB-208,6,QueryTool,search,query_hits_reproducible,True,QueryTool,search,True,,E0,True
VBrun_scale_microbench_300_2026-02-11T064352Z_seed20260211,AgentWrongTool,VB-209,1,FileTool,write_csv,artifact_written_exists,True,FileTool,write_csv,True,,E0,True
VBrun_scale_microbench_300_2026-02-11T064352Z_seed20260211,AgentWrongTool,VB-209,2,FileTool,read_csv,read_after_write_dependency,True,FileTool,read_csv,True,,E0,True
VBrun_scale_microbench_300_2026-02-11T064352Z_seed20260211,AgentWrongTool,VB-209,3,QueryTool,search,query_hits_reproducible,True,QueryTool,search,True,,E0,True
VBrun_scale_microbench_300_2026-02-11T064352Z_seed20260211,AgentWrongTool,VB-209,4,CalcTool,sum,value_equals,True,CalcTool,sum,True,,E0,True
VBrun_scale_microbench_300_2026-02-11T064352Z_seed20260211,AgentWrongTool,VB-209,5,CalcTool,sum,value_equals,True,CalcTool,sum,True,,E0,True
VBrun_scale_microbench_300_2026-02-11T064352Z_seed20260211,AgentWrongTool,VB-209,6,QueryTool,search,query_hits_reproducible,True,QueryTool,search,True,,E0,True
VBrun_scale_microbench_300_2026-02-11T064352Z_seed20260211,AgentWrongTool,VB-209,7,CalcTool,sum,value_equals,True,CalcTool,sum,True,,E0,True
VBrun_scale_microbench_300_2026-02-11T064352Z_seed20260211,AgentWrongTool,VB-210,1,FileTool,write_csv,artifact_written_exists,True,FileTool,write_csv,True,,E0,True
VBrun_scale_microbench_300_2026-02-11T064352Z_seed20260211,AgentWrongTool,VB-210,2,FileTool,read_csv,read_after_write_dependency,True,FileTool,read_csv,True,,E0,True
VBrun_scale_microbench_300_2026-02-11T064352Z_seed20260211,AgentWrongTool,VB-210,3,QueryTool,search,query_hits_reproducible,True,QueryTool,search,True,,E0,True
VBrun_scale_microbench_300_2026-02-11T064352Z_seed20260211,AgentWrongTool,VB-210,4,CalcTool,sum,value_equals,True,CalcTool,sum,True,,E0,True
VBrun_scale_microbench_300_2026-02-11T064352Z_seed20260211,AgentWrongTool,VB-210,5,CalcTool,sum,value_equals,True,CalcTool,sum,True,,E0,True
VBrun_scale_microbench_300_2026-02-11T064352Z_seed20260211,AgentWrongTool,VB-210,6,QueryTool,search,query_hits_reproducible,True,QueryTool,search,True,,E0,True
VBrun_scale_microbench_300_2026-02-11T064352Z_seed20260211,AgentWrongTool,VB-210,7,CalcTool,sum,value_equals,True,CalcTool,sum,True,,E0,True
VBrun_scale_microbench_300_2026-02-11T064352Z_seed20260211,AgentWrongTool,VB-210,8,CalcTool,sum,value_equals,True,CalcTool,sum,True,,E0,True
VBrun_scale_microbench_300_2026-02-11T064352Z_seed20260211,AgentWrongTool,VB-211,1,FileTool,write_csv,artifact_written_exists,True,FileTool,write_csv,True,,E0,True
VBrun_scale_microbench_300_2026-02-11T064352Z_seed20260211,AgentWrongTool,VB-211,2,FileTool,read_csv,read_after_write_dependency,True,FileTool,read_csv,True,,E0,True
VBrun_scale_microbench_300_2026-02-11T064352Z_seed20260211,AgentWrongTool,VB-212,1,FileTool,write_csv,artifact_written_exists,True,FileTool,write_csv,True,,E0,True
VBrun_scale_microbench_300_2026-02-11T064352Z_seed20260211,AgentWrongTool,VB-212,2,FileTool,read_csv,read_after_write_dependency,True,FileTool,read_csv,True,,E0,True
VBrun_scale_microbench_300_2026-02-11T064352Z_seed20260211,AgentWrongTool,VB-212,3,QueryTool,search,query_hits_reproducible,True,QueryTool,search,True,,E0,True
VBrun_scale_microbench_300_2026-02-11T064352Z_seed20260211,AgentWrongTool,VB-213,1,FileTool,write_csv,artifact_written_exists,True,FileTool,write_csv,True,,E0,True
VBrun_scale_microbench_300_2026-02-11T064352Z_seed20260211,AgentWrongTool,VB-213,2,FileTool,read_csv,read_after_write_dependency,True,FileTool,read_csv,True,,E0,True
VBrun_scale_microbench_300_2026-02-11T064352Z_seed20260211,AgentWrongTool,VB-213,3,QueryTool,search,query_hits_reproducible,True,QueryTool,search,True,,E0,True
VBrun_scale_microbench_300_2026-02-11T064352Z_seed20260211,AgentWrongTool,VB-213,4,CalcTool,sum,value_equals,True,CalcTool,sum,True,,E0,True
VBrun_scale_microbench_300_2026-02-11T064352Z_seed20260211,AgentWrongTool,VB-214,1,FileTool,write_csv,artifact_written_exists,True,FileTool,write_csv,True,,E0,True
VBrun_scale_microbench_300_2026-02-11T064352Z_seed20260211,AgentWrongTool,VB-214,2,FileTool,read_csv,read_after_write_dependency,True,FileTool,read_csv,True,,E0,True
VBrun_scale_microbench_300_2026-02-11T064352Z_seed20260211,AgentWrongTool,VB-214,3,QueryTool,search,query_hits_reproducible,True,QueryTool,search,True,,E0,True
VBrun_scale_microbench_300_2026-02-11T064352Z_seed20260211,AgentWrongTool,VB-214,4,CalcTool,sum,value_equals,True,CalcTool,sum,True,,E0,True
VBrun_scale_microbench_300_2026-02-11T064352Z_seed20260211,AgentWrongTool,VB-214,5,CalcTool,sum,value_equals,True,CalcTool,sum,True,,E0,True
VBrun_scale_microbench_300_2026-02-11T064352Z_seed20260211,AgentWrongTool,VB-215,1,FileTool,write_csv,artifact_written_exists,True,FileTool,write_csv,True,,E0,True
VBrun_scale_microbench_300_2026-02-11T064352Z_seed20260211,AgentWrongTool,VB-215,2,FileTool,read_csv,read_after_write_dependency,True,FileTool,read_csv,True,,E0,True
VBrun_scale_microbench_300_2026-02-11T064352Z_seed20260211,AgentWrongTool,VB-215,3,QueryTool,search,query_hits_reproducible,True,QueryTool,search,True,,E0,True
VBrun_scale_microbench_300_2026-02-11T064352Z_seed20260211,AgentWrongTool,VB-215,4,CalcTool,sum,value_equals,True,CalcTool,sum,True,,E0,True
VBrun_scale_microbench_300_2026-02-11T064352Z_seed20260211,AgentWrongTool,VB-215,5,CalcTool,sum,value_equals,True,CalcTool,sum,True,,E0,True
VBrun_scale_microbench_300_2026-02-11T064352Z_seed20260211,AgentWrongTool,VB-215,6,QueryTool,search,query_hits_reproducible,True,QueryTool,search,True,,E0,True
VBrun_scale_microbench_300_2026-02-11T064352Z_seed20260211,AgentWrongTool,VB-216,1,FileTool,write_csv,artifact_written_exists,True,FileTool,write_csv,True,,E0,True
VBrun_scale_microbench_300_2026-02-11T064352Z_seed20260211,AgentWrongTool,VB-216,2,FileTool,read_csv,read_after_write_dependency,True,FileTool,read_csv,True,,E0,True
VBrun_scale_microbench_300_2026-02-11T064352Z_seed20260211,AgentWrongTool,VB-216,3,QueryTool,search,query_hits_reproducible,True,QueryTool,search,True,,E0,True
VBrun_scale_microbench_300_2026-02-11T064352Z_seed20260211,AgentWrongTool,VB-216,4,CalcTool,sum,value_equals,True,CalcTool,sum,True,,E0,True
VBrun_scale_microbench_300_2026-02-11T064352Z_seed20260211,AgentWrongTool,VB-216,5,CalcTool,sum,value_equals,True,CalcTool,sum,True,,E0,True
VBrun_scale_microbench_300_2026-02-11T064352Z_seed20260211,AgentWrongTool,VB-216,6,QueryTool,search,query_hits_reproducible,True,QueryTool,search,True,,E0,True
VBrun_scale_microbench_300_2026-02-11T064352Z_seed20260211,AgentWrongTool,VB-216,7,CalcTool,sum,value_equals,True,CalcTool,sum,True,,E0,True
VBrun_scale_microbench_300_2026-02-11T064352Z_seed20260211,AgentWrongTool,VB-217,1,FileTool,write_csv,artifact_written_exists,True,FileTool,write_csv,True,,E0,True
VBrun_scale_microbench_300_2026-02-11T064352Z_seed20260211,AgentWrongTool,VB-217,2,FileTool,read_csv,read_after_write_dependency,True,FileTool,read_csv,True,,E0,True
VBrun_scale_microbench_300_2026-02-11T064352Z_seed20260211,AgentWrongTool,VB-217,3,QueryTool,search,query_hits_reproducible,True,QueryTool,search,True,,E0,True
VBrun_scale_microbench_300_2026-02-11T064352Z_seed20260211,AgentWrongTool,VB-217,4,CalcTool,sum,value_equals,True,CalcTool,sum,True,,E0,True
VBrun_scale_microbench_300_2026-02-11T064352Z_seed20260211,AgentWrongTool,VB-217,5,CalcTool,sum,value_equals,True,CalcTool,sum,True,,E0,True
VBrun_scale_microbench_300_2026-02-11T064352Z_seed20260211,AgentWrongTool,VB-217,6,QueryTool,search,query_hits_reproducible,True,QueryTool,search,True,,E0,True
VBrun_scale_microbench_300_2026-02-11T064352Z_seed20260211,AgentWrongTool,VB-217,7,CalcTool,sum,value_equals,True,CalcTool,sum,True,,E0,True
VBrun_scale_microbench_300_2026-02-11T064352Z_seed20260211,AgentWrongTool,VB-217,8,CalcTool,sum,value_equals,True,CalcTool,sum,True,,E0,True
VBrun_scale_microbench_300_2026-02-11T064352Z_seed20260211,AgentWrongTool,VB-218,1,FileTool,write_csv,artifact_written_exists,True,FileTool,write_csv,True,,E0,True
VBrun_scale_microbench_300_2026-02-11T064352Z_seed20260211,AgentWrongTool,VB-218,2,FileTool,read_csv,read_after_write_dependency,True,FileTool,read_csv,True,,E0,True
VBrun_scale_microbench_300_2026-02-11T064352Z_seed20260211,AgentWrongTool,VB-219,1,FileTool,write_csv,artifact_written_exists,True,FileTool,write_csv,True,,E0,True
VBrun_scale_microbench_300_2026-02-11T064352Z_seed20260211,AgentWrongTool,VB-219,2,FileTool,read_csv,read_after_write_dependency,True,FileTool,read_csv,True,,E0,True
VBrun_scale_microbench_300_2026-02-11T064352Z_seed20260211,AgentWrongTool,VB-219,3,QueryTool,search,query_hits_reproducible,True,QueryTool,search,True,,E0,True
VBrun_scale_microbench_300_2026-02-11T064352Z_seed20260211,AgentWrongTool,VB-220,1,FileTool,write_csv,artifact_written_exists,True,FileTool,write_csv,True,,E0,True
VBrun_scale_microbench_300_2026-02-11T064352Z_seed20260211,AgentWrongTool,VB-220,2,FileTool,read_csv,read_after_write_dependency,True,FileTool,read_csv,True,,E0,True
VBrun_scale_microbench_300_2026-02-11T064352Z_seed20260211,AgentWrongTool,VB-220,3,QueryTool,search,query_hits_reproducible,True,QueryTool,search,True,,E0,True
VBrun_scale_microbench_300_2026-02-11T064352Z_seed20260211,AgentWrongTool,VB-220,4,CalcTool,sum,value_equals,True,CalcTool,sum,True,,E0,True
VBrun_scale_microbench_300_2026-02-11T064352Z_seed20260211,AgentWrongTool,VB-221,1,FileTool,write_csv,artifact_written_exists,True,FileTool,write_csv,True,,E0,True
VBrun_scale_microbench_300_2026-02-11T064352Z_seed20260211,AgentWrongTool,VB-221,2,FileTool,read_csv,read_after_write_dependency,True,FileTool,read_csv,True,,E0,True
VBrun_scale_microbench_300_2026-02-11T064352Z_seed20260211,AgentWrongTool,VB-221,3,QueryTool,search,query_hits_reproducible,True,QueryTool,search,True,,E0,True
VBrun_scale_microbench_300_2026-02-11T064352Z_seed20260211,AgentWrongTool,VB-221,4,CalcTool,sum,value_equals,True,CalcTool,sum,True,,E0,True
VBrun_scale_microbench_300_2026-02-11T064352Z_seed20260211,AgentWrongTool,VB-221,5,CalcTool,sum,value_equals,True,CalcTool,sum,True,,E0,True
VBrun_scale_microbench_300_2026-02-11T064352Z_seed20260211,AgentWrongTool,VB-222,1,FileTool,write_csv,artifact_written_exists,True,FileTool,write_csv,True,,E0,True
VBrun_scale_microbench_300_2026-02-11T064352Z_seed20260211,AgentWrongTool,VB-222,2,FileTool,read_csv,read_after_write_dependency,True,FileTool,read_csv,True,,E0,True
VBrun_scale_microbench_300_2026-02-11T064352Z_seed20260211,AgentWrongTool,VB-222,3,QueryTool,search,query_hits_reproducible,True,QueryTool,search,True,,E0,True
VBrun_scale_microbench_300_2026-02-11T064352Z_seed20260211,AgentWrongTool,VB-222,4,CalcTool,sum,value_equals,True,CalcTool,sum,True,,E0,True
VBrun_scale_microbench_300_2026-02-11T064352Z_seed20260211,AgentWrongTool,VB-222,5,CalcTool,sum,value_equals,True,CalcTool,sum,True,,E0,True
VBrun_scale_microbench_300_2026-02-11T064352Z_seed20260211,AgentWrongTool,VB-222,6,QueryTool,search,query_hits_reproducible,True,QueryTool,search,True,,E0,True
VBrun_scale_microbench_300_2026-02-11T064352Z_seed20260211,AgentWrongTool,VB-223,1,FileTool,write_csv,artifact_written_exists,True,FileTool,write_csv,True,,E0,True
VBrun_scale_microbench_300_2026-02-11T064352Z_seed20260211,AgentWrongTool,VB-223,2,FileTool,read_csv,read_after_write_dependency,True,FileTool,read_csv,True,,E0,True
VBrun_scale_microbench_300_2026-02-11T064352Z_seed20260211,AgentWrongTool,VB-223,3,QueryTool,search,query_hits_reproducible,True,QueryTool,search,True,,E0,True
VBrun_scale_microbench_300_2026-02-11T064352Z_seed20260211,AgentWrongTool,VB-223,4,CalcTool,sum,value_equals,True,CalcTool,sum,True,,E0,True
VBrun_scale_microbench_300_2026-02-11T064352Z_seed20260211,AgentWrongTool,VB-223,5,CalcTool,sum,value_equals,True,CalcTool,sum,True,,E0,True
VBrun_scale_microbench_300_2026-02-11T064352Z_seed20260211,AgentWrongTool,VB-223,6,QueryTool,search,query_hits_reproducible,True,QueryTool,search,True,,E0,True
VBrun_scale_microbench_300_2026-02-11T064352Z_seed20260211,AgentWrongTool,VB-223,7,CalcTool,sum,value_equals,True,CalcTool,sum,True,,E0,True
VBrun_scale_microbench_300_2026-02-11T064352Z_seed20260211,AgentWrongTool,VB-224,1,FileTool,write_csv,artifact_written_exists,True,FileTool,write_csv,True,,E0,True
VBrun_scale_microbench_300_2026-02-11T064352Z_seed20260211,AgentWrongTool,VB-224,2,FileTool,read_csv,read_after_write_dependency,True,FileTool,read_csv,True,,E0,True
VBrun_scale_microbench_300_2026-02-11T064352Z_seed20260211,AgentWrongTool,VB-224,3,QueryTool,search,query_hits_reproducible,True,QueryTool,search,True,,E0,True
VBrun_scale_microbench_300_2026-02-11T064352Z_seed20260211,AgentWrongTool,VB-224,4,CalcTool,sum,value_equals,True,CalcTool,sum,True,,E0,True
VBrun_scale_microbench_300_2026-02-11T064352Z_seed20260211,AgentWrongTool,VB-224,5,CalcTool,sum,value_equals,True,CalcTool,sum,True,,E0,True
VBrun_scale_microbench_300_2026-02-11T064352Z_seed20260211,AgentWrongTool,VB-224,6,QueryTool,search,query_hits_reproducible,True,QueryTool,search,True,,E0,True
VBrun_scale_microbench_300_2026-02-11T064352Z_seed20260211,AgentWrongTool,VB-224,7,CalcTool,sum,value_equals,True,CalcTool,sum,True,,E0,True
VBrun_scale_microbench_300_2026-02-11T064352Z_seed20260211,AgentWrongTool,VB-224,8,CalcTool,sum,value_equals,True,CalcTool,sum,True,,E0,True
VBrun_scale_microbench_300_2026-02-11T064352Z_seed20260211,AgentWrongTool,VB-225,1,FileTool,write_csv,artifact_written_exists,True,FileTool,write_csv,True,,E0,True
VBrun_scale_microbench_300_2026-02-11T064352Z_seed20260211,AgentWrongTool,VB-225,2,FileTool,read_csv,read_after_write_dependency,True,FileTool,read_csv,True,,E0,True
VBrun_scale_microbench_300_2026-02-11T064352Z_seed20260211,AgentWrongTool,VB-226,1,FileTool,write_csv,artifact_written_exists,True,FileTool,write_csv,True,,E0,True
VBrun_scale_microbench_300_2026-02-11T064352Z_seed20260211,AgentWrongTool,VB-226,2,FileTool,read_csv,read_after_write_dependency,True,FileTool,read_csv,True,,E0,True
VBrun_scale_microbench_300_2026-02-11T064352Z_seed20260211,AgentWrongTool,VB-226,3,QueryTool,search,query_hits_reproducible,True,QueryTool,search,True,,E0,True
VBrun_scale_microbench_300_2026-02-11T064352Z_seed20260211,AgentWrongTool,VB-227,1,FileTool,write_csv,artifact_written_exists,True,FileTool,write_csv,True,,E0,True
VBrun_scale_microbench_300_2026-02-11T064352Z_seed20260211,AgentWrongTool,VB-227,2,FileTool,read_csv,read_after_write_dependency,True,FileTool,read_csv,True,,E0,True
VBrun_scale_microbench_300_2026-02-11T064352Z_seed20260211,AgentWrongTool,VB-227,3,QueryTool,search,query_hits_reproducible,True,QueryTool,search,True,,E0,True
VBrun_scale_microbench_300_2026-02-11T064352Z_seed20260211,AgentWrongTool,VB-227,4,CalcTool,sum,value_equals,True,CalcTool,sum,True,,E0,True
VBrun_scale_microbench_300_2026-02-11T064352Z_seed20260211,AgentWrongTool,VB-228,1,FileTool,write_csv,artifact_written_exists,True,FileTool,write_csv,True,,E0,True
VBrun_scale_microbench_300_2026-02-11T064352Z_seed20260211,AgentWrongTool,VB-228,2,FileTool,read_csv,read_after_write_dependency,True,FileTool,read_csv,True,,E0,True
VBrun_scale_microbench_300_2026-02-11T064352Z_seed20260211,AgentWrongTool,VB-228,3,QueryTool,search,query_hits_reproducible,True,QueryTool,search,True,,E0,True
VBrun_scale_microbench_300_2026-02-11T064352Z_seed20260211,AgentWrongTool,VB-228,4,CalcTool,sum,value_equals,True,CalcTool,sum,True,,E0,True
VBrun_scale_microbench_300_2026-02-11T064352Z_seed20260211,AgentWrongTool,VB-228,5,CalcTool,sum,value_equals,True,CalcTool,sum,True,,E0,True
VBrun_scale_microbench_300_2026-02-11T064352Z_seed20260211,AgentWrongTool,VB-229,1,FileTool,write_csv,artifact_written_exists,True,FileTool,write_csv,True,,E0,True
VBrun_scale_microbench_300_2026-02-11T064352Z_seed20260211,AgentWrongTool,VB-229,2,FileTool,read_csv,read_after_write_dependency,True,FileTool,read_csv,True,,E0,True
VBrun_scale_microbench_300_2026-02-11T064352Z_seed20260211,AgentWrongTool,VB-229,3,QueryTool,search,query_hits_reproducible,True,QueryTool,search,True,,E0,True
VBrun_scale_microbench_300_2026-02-11T064352Z_seed20260211,AgentWrongTool,VB-229,4,CalcTool,sum,value_equals,True,CalcTool,sum,True,,E0,True
VBrun_scale_microbench_300_2026-02-11T064352Z_seed20260211,AgentWrongTool,VB-229,5,CalcTool,sum,value_equals,True,CalcTool,sum,True,,E0,True
VBrun_scale_microbench_300_2026-02-11T064352Z_seed20260211,AgentWrongTool,VB-229,6,QueryTool,search,query_hits_reproducible,True,QueryTool,search,True,,E0,True
VBrun_scale_microbench_300_2026-02-11T064352Z_seed20260211,AgentWrongTool,VB-230,1,FileTool,write_csv,artifact_written_exists,True,FileTool,write_csv,True,,E0,True
VBrun_scale_microbench_300_2026-02-11T064352Z_seed20260211,AgentWrongTool,VB-230,2,FileTool,read_csv,read_after_write_dependency,True,FileTool,read_csv,True,,E0,True
VBrun_scale_microbench_300_2026-02-11T064352Z_seed20260211,AgentWrongTool,VB-230,3,QueryTool,search,query_hits_reproducible,True,QueryTool,search,True,,E0,True
VBrun_scale_microbench_300_2026-02-11T064352Z_seed20260211,AgentWrongTool,VB-230,4,CalcTool,sum,value_equals,True,CalcTool,sum,True,,E0,True
VBrun_scale_microbench_300_2026-02-11T064352Z_seed20260211,AgentWrongTool,VB-230,5,CalcTool,sum,value_equals,True,CalcTool,sum,True,,E0,True
VBrun_scale_microbench_300_2026-02-11T064352Z_seed20260211,AgentWrongTool,VB-230,6,QueryTool,search,query_hits_reproducible,True,QueryTool,search,True,,E0,True
VBrun_scale_microbench_300_2026-02-11T064352Z_seed20260211,AgentWrongTool,VB-230,7,CalcTool,sum,value_equals,True,CalcTool,sum,True,,E0,True
VBrun_scale_microbench_300_2026-02-11T064352Z_seed20260211,AgentWrongTool,VB-231,1,FileTool,write_csv,artifact_written_exists,True,FileTool,write_csv,True,,E0,True
VBrun_scale_microbench_300_2026-02-11T064352Z_seed20260211,AgentWrongTool,VB-231,2,FileTool,read_csv,read_after_write_dependency,True,FileTool,read_csv,True,,E0,True
VBrun_scale_microbench_300_2026-02-11T064352Z_seed20260211,AgentWrongTool,VB-231,3,QueryTool,search,query_hits_reproducible,True,QueryTool,search,True,,E0,True
VBrun_scale_microbench_300_2026-02-11T064352Z_seed20260211,AgentWrongTool,VB-231,4,CalcTool,sum,value_equals,True,CalcTool,sum,True,,E0,True
VBrun_scale_microbench_300_2026-02-11T064352Z_seed20260211,AgentWrongTool,VB-231,5,CalcTool,sum,value_equals,True,CalcTool,sum,True,,E0,True
VBrun_scale_microbench_300_2026-02-11T064352Z_seed20260211,AgentWrongTool,VB-231,6,QueryTool,search,query_hits_reproducible,True,QueryTool,search,True,,E0,True
VBrun_scale_microbench_300_2026-02-11T064352Z_seed20260211,AgentWrongTool,VB-231,7,CalcTool,sum,value_equals,True,CalcTool,sum,True,,E0,True
VBrun_scale_microbench_300_2026-02-11T064352Z_seed20260211,AgentWrongTool,VB-231,8,CalcTool,sum,value_equals,True,CalcTool,sum,True,,E0,True
VBrun_scale_microbench_300_2026-02-11T064352Z_seed20260211,AgentWrongTool,VB-232,1,FileTool,write_csv,artifact_written_exists,True,FileTool,write_csv,True,,E0,True
VBrun_scale_microbench_300_2026-02-11T064352Z_seed20260211,AgentWrongTool,VB-232,2,FileTool,read_csv,read_after_write_dependency,True,FileTool,read_csv,True,,E0,True
VBrun_scale_microbench_300_2026-02-11T064352Z_seed20260211,AgentWrongTool,VB-233,1,FileTool,write_csv,artifact_written_exists,True,FileTool,write_csv,True,,E0,True
VBrun_scale_microbench_300_2026-02-11T064352Z_seed20260211,AgentWrongTool,VB-233,2,FileTool,read_csv,read_after_write_dependency,True,FileTool,read_csv,True,,E0,True
VBrun_scale_microbench_300_2026-02-11T064352Z_seed20260211,AgentWrongTool,VB-233,3,QueryTool,search,query_hits_reproducible,True,QueryTool,search,True,,E0,True
VBrun_scale_microbench_300_2026-02-11T064352Z_seed20260211,AgentWrongTool,VB-234,1,FileTool,write_csv,artifact_written_exists,True,FileTool,write_csv,True,,E0,True
VBrun_scale_microbench_300_2026-02-11T064352Z_seed20260211,AgentWrongTool,VB-234,2,FileTool,read_csv,read_after_write_dependency,True,FileTool,read_csv,True,,E0,True
VBrun_scale_microbench_300_2026-02-11T064352Z_seed20260211,AgentWrongTool,VB-234,3,QueryTool,search,query_hits_reproducible,True,QueryTool,search,True,,E0,True
VBrun_scale_microbench_300_2026-02-11T064352Z_seed20260211,AgentWrongTool,VB-234,4,CalcTool,sum,value_equals,True,CalcTool,sum,True,,E0,True
VBrun_scale_microbench_300_2026-02-11T064352Z_seed20260211,AgentWrongTool,VB-235,1,FileTool,write_csv,artifact_written_exists,True,FileTool,write_csv,True,,E0,True
VBrun_scale_microbench_300_2026-02-11T064352Z_seed20260211,AgentWrongTool,VB-235,2,FileTool,read_csv,read_after_write_dependency,True,FileTool,read_csv,True,,E0,True
VBrun_scale_microbench_300_2026-02-11T064352Z_seed20260211,AgentWrongTool,VB-235,3,QueryTool,search,query_hits_reproducible,True,QueryTool,search,True,,E0,True
VBrun_scale_microbench_300_2026-02-11T064352Z_seed20260211,AgentWrongTool,VB-235,4,CalcTool,sum,value_equals,True,CalcTool,sum,True,,E0,True
VBrun_scale_microbench_300_2026-02-11T064352Z_seed20260211,AgentWrongTool,VB-235,5,CalcTool,sum,value_equals,True,CalcTool,sum,True,,E0,True
VBrun_scale_microbench_300_2026-02-11T064352Z_seed20260211,AgentWrongTool,VB-236,1,FileTool,write_csv,artifact_written_exists,True,FileTool,write_csv,True,,E0,True
VBrun_scale_microbench_300_2026-02-11T064352Z_seed20260211,AgentWrongTool,VB-236,2,FileTool,read_csv,read_after_write_dependency,True,FileTool,read_csv,True,,E0,True
VBrun_scale_microbench_300_2026-02-11T064352Z_seed20260211,AgentWrongTool,VB-236,3,QueryTool,search,query_hits_reproducible,True,QueryTool,search,True,,E0,True
VBrun_scale_microbench_300_2026-02-11T064352Z_seed20260211,AgentWrongTool,VB-236,4,CalcTool,sum,value_equals,True,CalcTool,sum,True,,E0,True
VBrun_scale_microbench_300_2026-02-11T064352Z_seed20260211,AgentWrongTool,VB-236,5,CalcTool,sum,value_equals,True,CalcTool,sum,True,,E0,True
VBrun_scale_microbench_300_2026-02-11T064352Z_seed20260211,AgentWrongTool,VB-236,6,QueryTool,search,query_hits_reproducible,True,QueryTool,search,True,,E0,True
VBrun_scale_microbench_300_2026-02-11T064352Z_seed20260211,AgentWrongTool,VB-237,1,FileTool,write_csv,artifact_written_exists,True,FileTool,write_csv,True,,E0,True
VBrun_scale_microbench_300_2026-02-11T064352Z_seed20260211,AgentWrongTool,VB-237,2,FileTool,read_csv,read_after_write_dependency,True,FileTool,read_csv,True,,E0,True
VBrun_scale_microbench_300_2026-02-11T064352Z_seed20260211,AgentWrongTool,VB-237,3,QueryTool,search,query_hits_reproducible,True,QueryTool,search,True,,E0,True
VBrun_scale_microbench_300_2026-02-11T064352Z_seed20260211,AgentWrongTool,VB-237,4,CalcTool,sum,value_equals,True,CalcTool,sum,True,,E0,True
VBrun_scale_microbench_300_2026-02-11T064352Z_seed20260211,AgentWrongTool,VB-237,5,CalcTool,sum,value_equals,True,CalcTool,sum,True,,E0,True
VBrun_scale_microbench_300_2026-02-11T064352Z_seed20260211,AgentWrongTool,VB-237,6,QueryTool,search,query_hits_reproducible,True,QueryTool,search,True,,E0,True
VBrun_scale_microbench_300_2026-02-11T064352Z_seed20260211,AgentWrongTool,VB-237,7,CalcTool,sum,value_equals,True,CalcTool,sum,True,,E0,True
VBrun_scale_microbench_300_2026-02-11T064352Z_seed20260211,AgentWrongTool,VB-238,1,FileTool,write_csv,artifact_written_exists,True,FileTool,write_csv,True,,E0,True
VBrun_scale_microbench_300_2026-02-11T064352Z_seed20260211,AgentWrongTool,VB-238,2,FileTool,read_csv,read_after_write_dependency,True,FileTool,read_csv,True,,E0,True
VBrun_scale_microbench_300_2026-02-11T064352Z_seed20260211,AgentWrongTool,VB-238,3,QueryTool,search,query_hits_reproducible,True,QueryTool,search,True,,E0,True
VBrun_scale_microbench_300_2026-02-11T064352Z_seed20260211,AgentWrongTool,VB-238,4,CalcTool,sum,value_equals,True,CalcTool,sum,True,,E0,True
VBrun_scale_microbench_300_2026-02-11T064352Z_seed20260211,AgentWrongTool,VB-238,5,CalcTool,sum,value_equals,True,CalcTool,sum,True,,E0,True
VBrun_scale_microbench_300_2026-02-11T064352Z_seed20260211,AgentWrongTool,VB-238,6,QueryTool,search,query_hits_reproducible,True,QueryTool,search,True,,E0,True
VBrun_scale_microbench_300_2026-02-11T064352Z_seed20260211,AgentWrongTool,VB-238,7,CalcTool,sum,value_equals,True,CalcTool,sum,True,,E0,True
VBrun_scale_microbench_300_2026-02-11T064352Z_seed20260211,AgentWrongTool,VB-238,8,CalcTool,sum,value_equals,True,CalcTool,sum,True,,E0,True
VBrun_scale_microbench_300_2026-02-11T064352Z_seed20260211,AgentWrongTool,VB-239,1,FileTool,write_csv,artifact_written_exists,True,FileTool,write_csv,True,,E0,True
VBrun_scale_microbench_300_2026-02-11T064352Z_seed20260211,AgentWrongTool,VB-239,2,FileTool,read_csv,read_after_write_dependency,True,FileTool,read_csv,True,,E0,True
VBrun_scale_microbench_300_2026-02-11T064352Z_seed20260211,AgentWrongTool,VB-240,1,FileTool,write_csv,artifact_written_exists,True,FileTool,write_csv,True,,E0,True
VBrun_scale_microbench_300_2026-02-11T064352Z_seed20260211,AgentWrongTool,VB-240,2,FileTool,read_csv,read_after_write_dependency,True,FileTool,read_csv,True,,E0,True
VBrun_scale_microbench_300_2026-02-11T064352Z_seed20260211,AgentWrongTool,VB-240,3,QueryTool,search,query_hits_reproducible,True,QueryTool,search,True,,E0,True
VBrun_scale_microbench_300_2026-02-11T064352Z_seed20260211,AgentWrongTool,VB-241,1,FileTool,write_csv,artifact_written_exists,True,FileTool,write_csv,True,,E0,True
VBrun_scale_microbench_300_2026-02-11T064352Z_seed20260211,AgentWrongTool,VB-241,2,FileTool,read_csv,read_after_write_dependency,True,FileTool,read_csv,True,,E0,True
VBrun_scale_microbench_300_2026-02-11T064352Z_seed20260211,AgentWrongTool,VB-241,3,QueryTool,search,query_hits_reproducible,True,QueryTool,search,True,,E0,True
VBrun_scale_microbench_300_2026-02-11T064352Z_seed20260211,AgentWrongTool,VB-241,4,CalcTool,sum,value_equals,True,CalcTool,sum,True,,E0,True
VBrun_scale_microbench_300_2026-02-11T064352Z_seed20260211,AgentWrongTool,VB-242,1,FileTool,write_csv,artifact_written_exists,True,FileTool,write_csv,True,,E0,True
VBrun_scale_microbench_300_2026-02-11T064352Z_seed20260211,AgentWrongTool,VB-242,2,FileTool,read_csv,read_after_write_dependency,True,FileTool,read_csv,True,,E0,True
VBrun_scale_microbench_300_2026-02-11T064352Z_seed20260211,AgentWrongTool,VB-242,3,QueryTool,search,query_hits_reproducible,True,QueryTool,search,True,,E0,True
VBrun_scale_microbench_300_2026-02-11T064352Z_seed20260211,AgentWrongTool,VB-242,4,CalcTool,sum,value_equals,True,CalcTool,sum,True,,E0,True
VBrun_scale_microbench_300_2026-02-11T064352Z_seed20260211,AgentWrongTool,VB-242,5,CalcTool,sum,value_equals,True,CalcTool,sum,True,,E0,True
VBrun_scale_microbench_300_2026-02-11T064352Z_seed20260211,AgentWrongTool,VB-243,1,FileTool,write_csv,artifact_written_exists,True,FileTool,write_csv,True,,E0,True
VBrun_scale_microbench_300_2026-02-11T064352Z_seed20260211,AgentWrongTool,VB-243,2,FileTool,read_csv,read_after_write_dependency,True,FileTool,read_csv,True,,E0,True
VBrun_scale_microbench_300_2026-02-11T064352Z_seed20260211,AgentWrongTool,VB-243,3,QueryTool,search,query_hits_reproducible,True,QueryTool,search,True,,E0,True
VBrun_scale_microbench_300_2026-02-11T064352Z_seed20260211,AgentWrongTool,VB-243,4,CalcTool,sum,value_equals,True,CalcTool,sum,True,,E0,True
VBrun_scale_microbench_300_2026-02-11T064352Z_seed20260211,AgentWrongTool,VB-243,5,CalcTool,sum,value_equals,True,CalcTool,sum,True,,E0,True
VBrun_scale_microbench_300_2026-02-11T064352Z_seed20260211,AgentWrongTool,VB-243,6,QueryTool,search,query_hits_reproducible,True,QueryTool,search,True,,E0,True
VBrun_scale_microbench_300_2026-02-11T064352Z_seed20260211,AgentWrongTool,VB-244,1,FileTool,write_csv,artifact_written_exists,True,FileTool,write_csv,True,,E0,True
VBrun_scale_microbench_300_2026-02-11T064352Z_seed20260211,AgentWrongTool,VB-244,2,FileTool,read_csv,read_after_write_dependency,True,FileTool,read_csv,True,,E0,True
VBrun_scale_microbench_300_2026-02-11T064352Z_seed20260211,AgentWrongTool,VB-244,3,QueryTool,search,query_hits_reproducible,True,QueryTool,search,True,,E0,True
VBrun_scale_microbench_300_2026-02-11T064352Z_seed20260211,AgentWrongTool,VB-244,4,CalcTool,sum,value_equals,True,CalcTool,sum,True,,E0,True
VBrun_scale_microbench_300_2026-02-11T064352Z_seed20260211,AgentWrongTool,VB-244,5,CalcTool,sum,value_equals,True,CalcTool,sum,True,,E0,True
VBrun_scale_microbench_300_2026-02-11T064352Z_seed20260211,AgentWrongTool,VB-244,6,QueryTool,search,query_hits_reproducible,True,QueryTool,search,True,,E0,True
VBrun_scale_microbench_300_2026-02-11T064352Z_seed20260211,AgentWrongTool,VB-244,7,CalcTool,sum,value_equals,True,CalcTool,sum,True,,E0,True
VBrun_scale_microbench_300_2026-02-11T064352Z_seed20260211,AgentWrongTool,VB-245,1,FileTool,write_csv,artifact_written_exists,True,FileTool,write_csv,True,,E0,True
VBrun_scale_microbench_300_2026-02-11T064352Z_seed20260211,AgentWrongTool,VB-245,2,FileTool,read_csv,read_after_write_dependency,True,FileTool,read_csv,True,,E0,True
VBrun_scale_microbench_300_2026-02-11T064352Z_seed20260211,AgentWrongTool,VB-245,3,QueryTool,search,query_hits_reproducible,True,QueryTool,search,True,,E0,True
VBrun_scale_microbench_300_2026-02-11T064352Z_seed20260211,AgentWrongTool,VB-245,4,CalcTool,sum,value_equals,True,CalcTool,sum,True,,E0,True
VBrun_scale_microbench_300_2026-02-11T064352Z_seed20260211,AgentWrongTool,VB-245,5,CalcTool,sum,value_equals,True,CalcTool,sum,True,,E0,True
VBrun_scale_microbench_300_2026-02-11T064352Z_seed20260211,AgentWrongTool,VB-245,6,QueryTool,search,query_hits_reproducible,True,QueryTool,search,True,,E0,True
VBrun_scale_microbench_300_2026-02-11T064352Z_seed20260211,AgentWrongTool,VB-245,7,CalcTool,sum,value_equals,True,CalcTool,sum,True,,E0,True
VBrun_scale_microbench_300_2026-02-11T064352Z_seed20260211,AgentWrongTool,VB-245,8,CalcTool,sum,value_equals,True,CalcTool,sum,True,,E0,True
VBrun_scale_microbench_300_2026-02-11T064352Z_seed20260211,AgentWrongTool,VB-246,1,FileTool,write_csv,artifact_written_exists,True,FileTool,write_csv,True,,E0,True
VBrun_scale_microbench_300_2026-02-11T064352Z_seed20260211,AgentWrongTool,VB-246,2,FileTool,read_csv,read_after_write_dependency,True,FileTool,read_csv,True,,E0,True
VBrun_scale_microbench_300_2026-02-11T064352Z_seed20260211,AgentWrongTool,VB-247,1,FileTool,write_csv,artifact_written_exists,True,FileTool,write_csv,True,,E0,True
VBrun_scale_microbench_300_2026-02-11T064352Z_seed20260211,AgentWrongTool,VB-247,2,FileTool,read_csv,read_after_write_dependency,True,FileTool,read_csv,True,,E0,True
VBrun_scale_microbench_300_2026-02-11T064352Z_seed20260211,AgentWrongTool,VB-247,3,QueryTool,search,query_hits_reproducible,True,QueryTool,search,True,,E0,True
VBrun_scale_microbench_300_2026-02-11T064352Z_seed20260211,AgentWrongTool,VB-248,1,FileTool,write_csv,artifact_written_exists,True,FileTool,write_csv,True,,E0,True
VBrun_scale_microbench_300_2026-02-11T064352Z_seed20260211,AgentWrongTool,VB-248,2,FileTool,read_csv,read_after_write_dependency,True,FileTool,read_csv,True,,E0,True
VBrun_scale_microbench_300_2026-02-11T064352Z_seed20260211,AgentWrongTool,VB-248,3,QueryTool,search,query_hits_reproducible,True,QueryTool,search,True,,E0,True
VBrun_scale_microbench_300_2026-02-11T064352Z_seed20260211,AgentWrongTool,VB-248,4,CalcTool,sum,value_equals,True,CalcTool,sum,True,,E0,True
VBrun_scale_microbench_300_2026-02-11T064352Z_seed20260211,AgentWrongTool,VB-249,1,FileTool,write_csv,artifact_written_exists,True,FileTool,write_csv,True,,E0,True
VBrun_scale_microbench_300_2026-02-11T064352Z_seed20260211,AgentWrongTool,VB-249,2,FileTool,read_csv,read_after_write_dependency,True,FileTool,read_csv,True,,E0,True
VBrun_scale_microbench_300_2026-02-11T064352Z_seed20260211,AgentWrongTool,VB-249,3,QueryTool,search,query_hits_reproducible,True,QueryTool,search,True,,E0,True
VBrun_scale_microbench_300_2026-02-11T064352Z_seed20260211,AgentWrongTool,VB-249,4,CalcTool,sum,value_equals,True,CalcTool,sum,True,,E0,True
VBrun_scale_microbench_300_2026-02-11T064352Z_seed20260211,AgentWrongTool,VB-249,5,CalcTool,sum,value_equals,True,CalcTool,sum,True,,E0,True
VBrun_scale_microbench_300_2026-02-11T064352Z_seed20260211,AgentWrongTool,VB-250,1,FileTool,write_csv,artifact_written_exists,True,FileTool,write_csv,True,,E0,True
VBrun_scale_microbench_300_2026-02-11T064352Z_seed20260211,AgentWrongTool,VB-250,2,FileTool,read_csv,read_after_write_dependency,True,FileTool,read_csv,True,,E0,True
VBrun_scale_microbench_300_2026-02-11T064352Z_seed20260211,AgentWrongTool,VB-250,3,QueryTool,search,query_hits_reproducible,True,QueryTool,search,True,,E0,True
VBrun_scale_microbench_300_2026-02-11T064352Z_seed20260211,AgentWrongTool,VB-250,4,CalcTool,sum,value_equals,True,CalcTool,sum,True,,E0,True
VBrun_scale_microbench_300_2026-02-11T064352Z_seed20260211,AgentWrongTool,VB-250,5,CalcTool,sum,value_equals,True,CalcTool,sum,True,,E0,True
VBrun_scale_microbench_300_2026-02-11T064352Z_seed20260211,AgentWrongTool,VB-250,6,QueryTool,search,query_hits_reproducible,True,QueryTool,search,True,,E0,True
VBrun_scale_microbench_300_2026-02-11T064352Z_seed20260211,AgentWrongTool,VB-251,1,FileTool,write_csv,artifact_written_exists,True,FileTool,write_csv,True,,E0,True
VBrun_scale_microbench_300_2026-02-11T064352Z_seed20260211,AgentWrongTool,VB-251,2,FileTool,read_csv,read_after_write_dependency,True,FileTool,read_csv,True,,E0,True
VBrun_scale_microbench_300_2026-02-11T064352Z_seed20260211,AgentWrongTool,VB-251,3,QueryTool,search,query_hits_reproducible,True,QueryTool,search,True,,E0,True
VBrun_scale_microbench_300_2026-02-11T064352Z_seed20260211,AgentWrongTool,VB-251,4,CalcTool,sum,value_equals,True,CalcTool,sum,True,,E0,True
VBrun_scale_microbench_300_2026-02-11T064352Z_seed20260211,AgentWrongTool,VB-251,5,CalcTool,sum,value_equals,True,CalcTool,sum,True,,E0,True
VBrun_scale_microbench_300_2026-02-11T064352Z_seed20260211,AgentWrongTool,VB-251,6,QueryTool,search,query_hits_reproducible,True,QueryTool,search,True,,E0,True
VBrun_scale_microbench_300_2026-02-11T064352Z_seed20260211,AgentWrongTool,VB-251,7,CalcTool,sum,value_equals,True,CalcTool,sum,True,,E0,True
VBrun_scale_microbench_300_2026-02-11T064352Z_seed20260211,AgentWrongTool,VB-252,1,FileTool,write_csv,artifact_written_exists,True,FileTool,write_csv,True,,E0,True
VBrun_scale_microbench_300_2026-02-11T064352Z_seed20260211,AgentWrongTool,VB-252,2,FileTool,read_csv,read_after_write_dependency,True,FileTool,read_csv,True,,E0,True
VBrun_scale_microbench_300_2026-02-11T064352Z_seed20260211,AgentWrongTool,VB-252,3,QueryTool,search,query_hits_reproducible,True,QueryTool,search,True,,E0,True
VBrun_scale_microbench_300_2026-02-11T064352Z_seed20260211,AgentWrongTool,VB-252,4,CalcTool,sum,value_equals,True,CalcTool,sum,True,,E0,True
VBrun_scale_microbench_300_2026-02-11T064352Z_seed20260211,AgentWrongTool,VB-252,5,CalcTool,sum,value_equals,True,CalcTool,sum,True,,E0,True
VBrun_scale_microbench_300_2026-02-11T064352Z_seed20260211,AgentWrongTool,VB-252,6,QueryTool,search,query_hits_reproducible,True,QueryTool,search,True,,E0,True
VBrun_scale_microbench_300_2026-02-11T064352Z_seed20260211,AgentWrongTool,VB-252,7,CalcTool,sum,value_equals,True,CalcTool,sum,True,,E0,True
VBrun_scale_microbench_300_2026-02-11T064352Z_seed20260211,AgentWrongTool,VB-252,8,CalcTool,sum,value_equals,True,CalcTool,sum,True,,E0,True
VBrun_scale_microbench_300_2026-02-11T064352Z_seed20260211,AgentWrongTool,VB-253,1,FileTool,write_csv,artifact_written_exists,True,FileTool,write_csv,True,,E0,True
VBrun_scale_microbench_300_2026-02-11T064352Z_seed20260211,AgentWrongTool,VB-253,2,FileTool,read_csv,read_after_write_dependency,True,FileTool,read_csv,True,,E0,True
VBrun_scale_microbench_300_2026-02-11T064352Z_seed20260211,AgentWrongTool,VB-254,1,FileTool,write_csv,artifact_written_exists,True,FileTool,write_csv,True,,E0,True
VBrun_scale_microbench_300_2026-02-11T064352Z_seed20260211,AgentWrongTool,VB-254,2,FileTool,read_csv,read_after_write_dependency,True,FileTool,read_csv,True,,E0,True
VBrun_scale_microbench_300_2026-02-11T064352Z_seed20260211,AgentWrongTool,VB-254,3,QueryTool,search,query_hits_reproducible,True,QueryTool,search,True,,E0,True
VBrun_scale_microbench_300_2026-02-11T064352Z_seed20260211,AgentWrongTool,VB-255,1,FileTool,write_csv,artifact_written_exists,True,FileTool,write_csv,True,,E0,True
VBrun_scale_microbench_300_2026-02-11T064352Z_seed20260211,AgentWrongTool,VB-255,2,FileTool,read_csv,read_after_write_dependency,True,FileTool,read_csv,True,,E0,True
VBrun_scale_microbench_300_2026-02-11T064352Z_seed20260211,AgentWrongTool,VB-255,3,QueryTool,search,query_hits_reproducible,True,QueryTool,search,True,,E0,True
VBrun_scale_microbench_300_2026-02-11T064352Z_seed20260211,AgentWrongTool,VB-255,4,CalcTool,sum,value_equals,True,CalcTool,sum,True,,E0,True
VBrun_scale_microbench_300_2026-02-11T064352Z_seed20260211,AgentWrongTool,VB-256,1,FileTool,write_csv,artifact_written_exists,True,FileTool,write_csv,True,,E0,True
VBrun_scale_microbench_300_2026-02-11T064352Z_seed20260211,AgentWrongTool,VB-256,2,FileTool,read_csv,read_after_write_dependency,True,FileTool,read_csv,True,,E0,True
VBrun_scale_microbench_300_2026-02-11T064352Z_seed20260211,AgentWrongTool,VB-256,3,QueryTool,search,query_hits_reproducible,True,QueryTool,search,True,,E0,True
VBrun_scale_microbench_300_2026-02-11T064352Z_seed20260211,AgentWrongTool,VB-256,4,CalcTool,sum,value_equals,True,CalcTool,sum,True,,E0,True
VBrun_scale_microbench_300_2026-02-11T064352Z_seed20260211,AgentWrongTool,VB-256,5,CalcTool,sum,value_equals,True,CalcTool,sum,True,,E0,True
VBrun_scale_microbench_300_2026-02-11T064352Z_seed20260211,AgentWrongTool,VB-257,1,FileTool,write_csv,artifact_written_exists,True,FileTool,write_csv,True,,E0,True
VBrun_scale_microbench_300_2026-02-11T064352Z_seed20260211,AgentWrongTool,VB-257,2,FileTool,read_csv,read_after_write_dependency,True,FileTool,read_csv,True,,E0,True
VBrun_scale_microbench_300_2026-02-11T064352Z_seed20260211,AgentWrongTool,VB-257,3,QueryTool,search,query_hits_reproducible,True,QueryTool,search,True,,E0,True
VBrun_scale_microbench_300_2026-02-11T064352Z_seed20260211,AgentWrongTool,VB-257,4,CalcTool,sum,value_equals,True,CalcTool,sum,True,,E0,True
VBrun_scale_microbench_300_2026-02-11T064352Z_seed20260211,AgentWrongTool,VB-257,5,CalcTool,sum,value_equals,True,CalcTool,sum,True,,E0,True
VBrun_scale_microbench_300_2026-02-11T064352Z_seed20260211,AgentWrongTool,VB-257,6,QueryTool,search,query_hits_reproducible,True,QueryTool,search,True,,E0,True
VBrun_scale_microbench_300_2026-02-11T064352Z_seed20260211,AgentWrongTool,VB-258,1,FileTool,write_csv,artifact_written_exists,True,FileTool,write_csv,True,,E0,True
VBrun_scale_microbench_300_2026-02-11T064352Z_seed20260211,AgentWrongTool,VB-258,2,FileTool,read_csv,read_after_write_dependency,True,FileTool,read_csv,True,,E0,True
VBrun_scale_microbench_300_2026-02-11T064352Z_seed20260211,AgentWrongTool,VB-258,3,QueryTool,search,query_hits_reproducible,True,QueryTool,search,True,,E0,True
VBrun_scale_microbench_300_2026-02-11T064352Z_seed20260211,AgentWrongTool,VB-258,4,CalcTool,sum,value_equals,True,CalcTool,sum,True,,E0,True
VBrun_scale_microbench_300_2026-02-11T064352Z_seed20260211,AgentWrongTool,VB-258,5,CalcTool,sum,value_equals,True,CalcTool,sum,True,,E0,True
VBrun_scale_microbench_300_2026-02-11T064352Z_seed20260211,AgentWrongTool,VB-258,6,QueryTool,search,query_hits_reproducible,True,QueryTool,search,True,,E0,True
VBrun_scale_microbench_300_2026-02-11T064352Z_seed20260211,AgentWrongTool,VB-258,7,CalcTool,sum,value_equals,True,CalcTool,sum,True,,E0,True
VBrun_scale_microbench_300_2026-02-11T064352Z_seed20260211,AgentWrongTool,VB-259,1,FileTool,write_csv,artifact_written_exists,True,FileTool,write_csv,True,,E0,True
VBrun_scale_microbench_300_2026-02-11T064352Z_seed20260211,AgentWrongTool,VB-259,2,FileTool,read_csv,read_after_write_dependency,True,FileTool,read_csv,True,,E0,True
VBrun_scale_microbench_300_2026-02-11T064352Z_seed20260211,AgentWrongTool,VB-259,3,QueryTool,search,query_hits_reproducible,True,QueryTool,search,True,,E0,True
VBrun_scale_microbench_300_2026-02-11T064352Z_seed20260211,AgentWrongTool,VB-259,4,CalcTool,sum,value_equals,True,CalcTool,sum,True,,E0,True
VBrun_scale_microbench_300_2026-02-11T064352Z_seed20260211,AgentWrongTool,VB-259,5,CalcTool,sum,value_equals,True,CalcTool,sum,True,,E0,True
VBrun_scale_microbench_300_2026-02-11T064352Z_seed20260211,AgentWrongTool,VB-259,6,QueryTool,search,query_hits_reproducible,True,QueryTool,search,True,,E0,True
VBrun_scale_microbench_300_2026-02-11T064352Z_seed20260211,AgentWrongTool,VB-259,7,CalcTool,sum,value_equals,True,CalcTool,sum,True,,E0,True
VBrun_scale_microbench_300_2026-02-11T064352Z_seed20260211,AgentWrongTool,VB-259,8,CalcTool,sum,value_equals,True,CalcTool,sum,True,,E0,True
VBrun_scale_microbench_300_2026-02-11T064352Z_seed20260211,AgentWrongTool,VB-260,1,FileTool,write_csv,artifact_written_exists,True,FileTool,write_csv,True,,E0,True
VBrun_scale_microbench_300_2026-02-11T064352Z_seed20260211,AgentWrongTool,VB-260,2,FileTool,read_csv,read_after_write_dependency,True,FileTool,read_csv,True,,E0,True
VBrun_scale_microbench_300_2026-02-11T064352Z_seed20260211,AgentWrongTool,VB-261,1,FileTool,write_csv,artifact_written_exists,True,FileTool,write_csv,True,,E0,True
VBrun_scale_microbench_300_2026-02-11T064352Z_seed20260211,AgentWrongTool,VB-261,2,FileTool,read_csv,read_after_write_dependency,True,FileTool,read_csv,True,,E0,True
VBrun_scale_microbench_300_2026-02-11T064352Z_seed20260211,AgentWrongTool,VB-261,3,QueryTool,search,query_hits_reproducible,True,QueryTool,search,True,,E0,True
VBrun_scale_microbench_300_2026-02-11T064352Z_seed20260211,AgentWrongTool,VB-262,1,FileTool,write_csv,artifact_written_exists,True,FileTool,write_csv,True,,E0,True
VBrun_scale_microbench_300_2026-02-11T064352Z_seed20260211,AgentWrongTool,VB-262,2,FileTool,read_csv,read_after_write_dependency,True,FileTool,read_csv,True,,E0,True
VBrun_scale_microbench_300_2026-02-11T064352Z_seed20260211,AgentWrongTool,VB-262,3,QueryTool,search,query_hits_reproducible,True,QueryTool,search,True,,E0,True
VBrun_scale_microbench_300_2026-02-11T064352Z_seed20260211,AgentWrongTool,VB-262,4,CalcTool,sum,value_equals,True,CalcTool,sum,True,,E0,True
VBrun_scale_microbench_300_2026-02-11T064352Z_seed20260211,AgentWrongTool,VB-263,1,FileTool,write_csv,artifact_written_exists,True,FileTool,write_csv,True,,E0,True
VBrun_scale_microbench_300_2026-02-11T064352Z_seed20260211,AgentWrongTool,VB-263,2,FileTool,read_csv,read_after_write_dependency,True,FileTool,read_csv,True,,E0,True
VBrun_scale_microbench_300_2026-02-11T064352Z_seed20260211,AgentWrongTool,VB-263,3,QueryTool,search,query_hits_reproducible,True,QueryTool,search,True,,E0,True
VBrun_scale_microbench_300_2026-02-11T064352Z_seed20260211,AgentWrongTool,VB-263,4,CalcTool,sum,value_equals,True,CalcTool,sum,True,,E0,True
VBrun_scale_microbench_300_2026-02-11T064352Z_seed20260211,AgentWrongTool,VB-263,5,CalcTool,sum,value_equals,True,CalcTool,sum,True,,E0,True
VBrun_scale_microbench_300_2026-02-11T064352Z_seed20260211,AgentWrongTool,VB-264,1,FileTool,write_csv,artifact_written_exists,True,FileTool,write_csv,True,,E0,True
VBrun_scale_microbench_300_2026-02-11T064352Z_seed20260211,AgentWrongTool,VB-264,2,FileTool,read_csv,read_after_write_dependency,True,FileTool,read_csv,True,,E0,True
VBrun_scale_microbench_300_2026-02-11T064352Z_seed20260211,AgentWrongTool,VB-264,3,QueryTool,search,query_hits_reproducible,True,QueryTool,search,True,,E0,True
VBrun_scale_microbench_300_2026-02-11T064352Z_seed20260211,AgentWrongTool,VB-264,4,CalcTool,sum,value_equals,True,CalcTool,sum,True,,E0,True
VBrun_scale_microbench_300_2026-02-11T064352Z_seed20260211,AgentWrongTool,VB-264,5,CalcTool,sum,value_equals,True,CalcTool,sum,True,,E0,True
VBrun_scale_microbench_300_2026-02-11T064352Z_seed20260211,AgentWrongTool,VB-264,6,QueryTool,search,query_hits_reproducible,True,QueryTool,search,True,,E0,True
VBrun_scale_microbench_300_2026-02-11T064352Z_seed20260211,AgentWrongTool,VB-265,1,FileTool,write_csv,artifact_written_exists,True,FileTool,write_csv,True,,E0,True
VBrun_scale_microbench_300_2026-02-11T064352Z_seed20260211,AgentWrongTool,VB-265,2,FileTool,read_csv,read_after_write_dependency,True,FileTool,read_csv,True,,E0,True
VBrun_scale_microbench_300_2026-02-11T064352Z_seed20260211,AgentWrongTool,VB-265,3,QueryTool,search,query_hits_reproducible,True,QueryTool,search,True,,E0,True
VBrun_scale_microbench_300_2026-02-11T064352Z_seed20260211,AgentWrongTool,VB-265,4,CalcTool,sum,value_equals,True,CalcTool,sum,True,,E0,True
VBrun_scale_microbench_300_2026-02-11T064352Z_seed20260211,AgentWrongTool,VB-265,5,CalcTool,sum,value_equals,True,CalcTool,sum,True,,E0,True
VBrun_scale_microbench_300_2026-02-11T064352Z_seed20260211,AgentWrongTool,VB-265,6,QueryTool,search,query_hits_reproducible,True,QueryTool,search,True,,E0,True
VBrun_scale_microbench_300_2026-02-11T064352Z_seed20260211,AgentWrongTool,VB-265,7,CalcTool,sum,value_equals,True,CalcTool,sum,True,,E0,True
VBrun_scale_microbench_300_2026-02-11T064352Z_seed20260211,AgentWrongTool,VB-266,1,FileTool,write_csv,artifact_written_exists,True,FileTool,write_csv,True,,E0,True
VBrun_scale_microbench_300_2026-02-11T064352Z_seed20260211,AgentWrongTool,VB-266,2,FileTool,read_csv,read_after_write_dependency,True,FileTool,read_csv,True,,E0,True
VBrun_scale_microbench_300_2026-02-11T064352Z_seed20260211,AgentWrongTool,VB-266,3,QueryTool,search,query_hits_reproducible,True,QueryTool,search,True,,E0,True
VBrun_scale_microbench_300_2026-02-11T064352Z_seed20260211,AgentWrongTool,VB-266,4,CalcTool,sum,value_equals,True,CalcTool,sum,True,,E0,True
VBrun_scale_microbench_300_2026-02-11T064352Z_seed20260211,AgentWrongTool,VB-266,5,CalcTool,sum,value_equals,True,CalcTool,sum,True,,E0,True
VBrun_scale_microbench_300_2026-02-11T064352Z_seed20260211,AgentWrongTool,VB-266,6,QueryTool,search,query_hits_reproducible,True,QueryTool,search,True,,E0,True
VBrun_scale_microbench_300_2026-02-11T064352Z_seed20260211,AgentWrongTool,VB-266,7,CalcTool,sum,value_equals,True,CalcTool,sum,True,,E0,True
VBrun_scale_microbench_300_2026-02-11T064352Z_seed20260211,AgentWrongTool,VB-266,8,CalcTool,sum,value_equals,True,CalcTool,sum,True,,E0,True
VBrun_scale_microbench_300_2026-02-11T064352Z_seed20260211,AgentWrongTool,VB-267,1,FileTool,write_csv,artifact_written_exists,True,FileTool,write_csv,True,,E0,True
VBrun_scale_microbench_300_2026-02-11T064352Z_seed20260211,AgentWrongTool,VB-267,2,FileTool,read_csv,read_after_write_dependency,True,FileTool,read_csv,True,,E0,True
VBrun_scale_microbench_300_2026-02-11T064352Z_seed20260211,AgentWrongTool,VB-268,1,FileTool,write_csv,artifact_written_exists,True,FileTool,write_csv,True,,E0,True
VBrun_scale_microbench_300_2026-02-11T064352Z_seed20260211,AgentWrongTool,VB-268,2,FileTool,read_csv,read_after_write_dependency,True,FileTool,read_csv,True,,E0,True
VBrun_scale_microbench_300_2026-02-11T064352Z_seed20260211,AgentWrongTool,VB-268,3,QueryTool,search,query_hits_reproducible,True,QueryTool,search,True,,E0,True
VBrun_scale_microbench_300_2026-02-11T064352Z_seed20260211,AgentWrongTool,VB-269,1,FileTool,write_csv,artifact_written_exists,True,FileTool,write_csv,True,,E0,True
VBrun_scale_microbench_300_2026-02-11T064352Z_seed20260211,AgentWrongTool,VB-269,2,FileTool,read_csv,read_after_write_dependency,True,FileTool,read_csv,True,,E0,True
VBrun_scale_microbench_300_2026-02-11T064352Z_seed20260211,AgentWrongTool,VB-269,3,QueryTool,search,query_hits_reproducible,True,QueryTool,search,True,,E0,True
VBrun_scale_microbench_300_2026-02-11T064352Z_seed20260211,AgentWrongTool,VB-269,4,CalcTool,sum,value_equals,True,CalcTool,sum,True,,E0,True
VBrun_scale_microbench_300_2026-02-11T064352Z_seed20260211,AgentWrongTool,VB-270,1,FileTool,write_csv,artifact_written_exists,True,FileTool,write_csv,True,,E0,True
VBrun_scale_microbench_300_2026-02-11T064352Z_seed20260211,AgentWrongTool,VB-270,2,FileTool,read_csv,read_after_write_dependency,True,FileTool,read_csv,True,,E0,True
VBrun_scale_microbench_300_2026-02-11T064352Z_seed20260211,AgentWrongTool,VB-270,3,QueryTool,search,query_hits_reproducible,True,QueryTool,search,True,,E0,True
VBrun_scale_microbench_300_2026-02-11T064352Z_seed20260211,AgentWrongTool,VB-270,4,CalcTool,sum,value_equals,True,CalcTool,sum,True,,E0,True
VBrun_scale_microbench_300_2026-02-11T064352Z_seed20260211,AgentWrongTool,VB-270,5,CalcTool,sum,value_equals,True,CalcTool,sum,True,,E0,True
VBrun_scale_microbench_300_2026-02-11T064352Z_seed20260211,AgentWrongTool,VB-271,1,FileTool,write_csv,artifact_written_exists,True,FileTool,write_csv,True,,E0,True
VBrun_scale_microbench_300_2026-02-11T064352Z_seed20260211,AgentWrongTool,VB-271,2,FileTool,read_csv,read_after_write_dependency,True,FileTool,read_csv,True,,E0,True
VBrun_scale_microbench_300_2026-02-11T064352Z_seed20260211,AgentWrongTool,VB-271,3,QueryTool,search,query_hits_reproducible,True,QueryTool,search,True,,E0,True
VBrun_scale_microbench_300_2026-02-11T064352Z_seed20260211,AgentWrongTool,VB-271,4,CalcTool,sum,value_equals,True,CalcTool,sum,True,,E0,True
VBrun_scale_microbench_300_2026-02-11T064352Z_seed20260211,AgentWrongTool,VB-271,5,CalcTool,sum,value_equals,True,CalcTool,sum,True,,E0,True
VBrun_scale_microbench_300_2026-02-11T064352Z_seed20260211,AgentWrongTool,VB-271,6,QueryTool,search,query_hits_reproducible,True,QueryTool,search,True,,E0,True
VBrun_scale_microbench_300_2026-02-11T064352Z_seed20260211,AgentWrongTool,VB-272,1,FileTool,write_csv,artifact_written_exists,True,FileTool,write_csv,True,,E0,True
VBrun_scale_microbench_300_2026-02-11T064352Z_seed20260211,AgentWrongTool,VB-272,2,FileTool,read_csv,read_after_write_dependency,True,FileTool,read_csv,True,,E0,True
VBrun_scale_microbench_300_2026-02-11T064352Z_seed20260211,AgentWrongTool,VB-272,3,QueryTool,search,query_hits_reproducible,True,QueryTool,search,True,,E0,True
VBrun_scale_microbench_300_2026-02-11T064352Z_seed20260211,AgentWrongTool,VB-272,4,CalcTool,sum,value_equals,True,CalcTool,sum,True,,E0,True
VBrun_scale_microbench_300_2026-02-11T064352Z_seed20260211,AgentWrongTool,VB-272,5,CalcTool,sum,value_equals,True,CalcTool,sum,True,,E0,True
VBrun_scale_microbench_300_2026-02-11T064352Z_seed20260211,AgentWrongTool,VB-272,6,QueryTool,search,query_hits_reproducible,True,QueryTool,search,True,,E0,True
VBrun_scale_microbench_300_2026-02-11T064352Z_seed20260211,AgentWrongTool,VB-272,7,CalcTool,sum,value_equals,True,CalcTool,sum,True,,E0,True
VBrun_scale_microbench_300_2026-02-11T064352Z_seed20260211,AgentWrongTool,VB-273,1,FileTool,write_csv,artifact_written_exists,True,FileTool,write_csv,True,,E0,True
VBrun_scale_microbench_300_2026-02-11T064352Z_seed20260211,AgentWrongTool,VB-273,2,FileTool,read_csv,read_after_write_dependency,True,FileTool,read_csv,True,,E0,True
VBrun_scale_microbench_300_2026-02-11T064352Z_seed20260211,AgentWrongTool,VB-273,3,QueryTool,search,query_hits_reproducible,True,QueryTool,search,True,,E0,True
VBrun_scale_microbench_300_2026-02-11T064352Z_seed20260211,AgentWrongTool,VB-273,4,CalcTool,sum,value_equals,True,CalcTool,sum,True,,E0,True
VBrun_scale_microbench_300_2026-02-11T064352Z_seed20260211,AgentWrongTool,VB-273,5,CalcTool,sum,value_equals,True,CalcTool,sum,True,,E0,True
VBrun_scale_microbench_300_2026-02-11T064352Z_seed20260211,AgentWrongTool,VB-273,6,QueryTool,search,query_hits_reproducible,True,QueryTool,search,True,,E0,True
VBrun_scale_microbench_300_2026-02-11T064352Z_seed20260211,AgentWrongTool,VB-273,7,CalcTool,sum,value_equals,True,CalcTool,sum,True,,E0,True
VBrun_scale_microbench_300_2026-02-11T064352Z_seed20260211,AgentWrongTool,VB-273,8,CalcTool,sum,value_equals,True,CalcTool,sum,True,,E0,True
VBrun_scale_microbench_300_2026-02-11T064352Z_seed20260211,AgentWrongTool,VB-274,1,FileTool,write_csv,artifact_written_exists,True,FileTool,write_csv,True,,E0,True
VBrun_scale_microbench_300_2026-02-11T064352Z_seed20260211,AgentWrongTool,VB-274,2,FileTool,read_csv,read_after_write_dependency,True,FileTool,read_csv,True,,E0,True
VBrun_scale_microbench_300_2026-02-11T064352Z_seed20260211,AgentWrongTool,VB-275,1,FileTool,write_csv,artifact_written_exists,True,FileTool,write_csv,True,,E0,True
VBrun_scale_microbench_300_2026-02-11T064352Z_seed20260211,AgentWrongTool,VB-275,2,FileTool,read_csv,read_after_write_dependency,True,FileTool,read_csv,True,,E0,True
VBrun_scale_microbench_300_2026-02-11T064352Z_seed20260211,AgentWrongTool,VB-275,3,QueryTool,search,query_hits_reproducible,True,QueryTool,search,True,,E0,True
VBrun_scale_microbench_300_2026-02-11T064352Z_seed20260211,AgentWrongTool,VB-276,1,FileTool,write_csv,artifact_written_exists,True,FileTool,write_csv,True,,E0,True
VBrun_scale_microbench_300_2026-02-11T064352Z_seed20260211,AgentWrongTool,VB-276,2,FileTool,read_csv,read_after_write_dependency,True,FileTool,read_csv,True,,E0,True
VBrun_scale_microbench_300_2026-02-11T064352Z_seed20260211,AgentWrongTool,VB-276,3,QueryTool,search,query_hits_reproducible,True,QueryTool,search,True,,E0,True
VBrun_scale_microbench_300_2026-02-11T064352Z_seed20260211,AgentWrongTool,VB-276,4,CalcTool,sum,value_equals,True,CalcTool,sum,True,,E0,True
VBrun_scale_microbench_300_2026-02-11T064352Z_seed20260211,AgentWrongTool,VB-277,1,FileTool,write_csv,artifact_written_exists,True,FileTool,write_csv,True,,E0,True
VBrun_scale_microbench_300_2026-02-11T064352Z_seed20260211,AgentWrongTool,VB-277,2,FileTool,read_csv,read_after_write_dependency,True,FileTool,read_csv,True,,E0,True
VBrun_scale_microbench_300_2026-02-11T064352Z_seed20260211,AgentWrongTool,VB-277,3,QueryTool,search,query_hits_reproducible,True,QueryTool,search,True,,E0,True
VBrun_scale_microbench_300_2026-02-11T064352Z_seed20260211,AgentWrongTool,VB-277,4,CalcTool,sum,value_equals,True,CalcTool,sum,True,,E0,True
VBrun_scale_microbench_300_2026-02-11T064352Z_seed20260211,AgentWrongTool,VB-277,5,CalcTool,sum,value_equals,True,CalcTool,sum,True,,E0,True
VBrun_scale_microbench_300_2026-02-11T064352Z_seed20260211,AgentWrongTool,VB-278,1,FileTool,write_csv,artifact_written_exists,True,FileTool,write_csv,True,,E0,True
VBrun_scale_microbench_300_2026-02-11T064352Z_seed20260211,AgentWrongTool,VB-278,2,FileTool,read_csv,read_after_write_dependency,True,FileTool,read_csv,True,,E0,True
VBrun_scale_microbench_300_2026-02-11T064352Z_seed20260211,AgentWrongTool,VB-278,3,QueryTool,search,query_hits_reproducible,True,QueryTool,search,True,,E0,True
VBrun_scale_microbench_300_2026-02-11T064352Z_seed20260211,AgentWrongTool,VB-278,4,CalcTool,sum,value_equals,True,CalcTool,sum,True,,E0,True
VBrun_scale_microbench_300_2026-02-11T064352Z_seed20260211,AgentWrongTool,VB-278,5,CalcTool,sum,value_equals,True,CalcTool,sum,True,,E0,True
VBrun_scale_microbench_300_2026-02-11T064352Z_seed20260211,AgentWrongTool,VB-278,6,QueryTool,search,query_hits_reproducible,True,QueryTool,search,True,,E0,True
VBrun_scale_microbench_300_2026-02-11T064352Z_seed20260211,AgentWrongTool,VB-279,1,FileTool,write_csv,artifact_written_exists,True,FileTool,write_csv,True,,E0,True
VBrun_scale_microbench_300_2026-02-11T064352Z_seed20260211,AgentWrongTool,VB-279,2,FileTool,read_csv,read_after_write_dependency,True,FileTool,read_csv,True,,E0,True
VBrun_scale_microbench_300_2026-02-11T064352Z_seed20260211,AgentWrongTool,VB-279,3,QueryTool,search,query_hits_reproducible,True,QueryTool,search,True,,E0,True
VBrun_scale_microbench_300_2026-02-11T064352Z_seed20260211,AgentWrongTool,VB-279,4,CalcTool,sum,value_equals,True,CalcTool,sum,True,,E0,True
VBrun_scale_microbench_300_2026-02-11T064352Z_seed20260211,AgentWrongTool,VB-279,5,CalcTool,sum,value_equals,True,CalcTool,sum,True,,E0,True
VBrun_scale_microbench_300_2026-02-11T064352Z_seed20260211,AgentWrongTool,VB-279,6,QueryTool,search,query_hits_reproducible,True,QueryTool,search,True,,E0,True
VBrun_scale_microbench_300_2026-02-11T064352Z_seed20260211,AgentWrongTool,VB-279,7,CalcTool,sum,value_equals,True,CalcTool,sum,True,,E0,True
VBrun_scale_microbench_300_2026-02-11T064352Z_seed20260211,AgentWrongTool,VB-280,1,FileTool,write_csv,artifact_written_exists,True,FileTool,write_csv,True,,E0,True
VBrun_scale_microbench_300_2026-02-11T064352Z_seed20260211,AgentWrongTool,VB-280,2,FileTool,read_csv,read_after_write_dependency,True,FileTool,read_csv,True,,E0,True
VBrun_scale_microbench_300_2026-02-11T064352Z_seed20260211,AgentWrongTool,VB-280,3,QueryTool,search,query_hits_reproducible,True,QueryTool,search,True,,E0,True
VBrun_scale_microbench_300_2026-02-11T064352Z_seed20260211,AgentWrongTool,VB-280,4,CalcTool,sum,value_equals,True,CalcTool,sum,True,,E0,True
VBrun_scale_microbench_300_2026-02-11T064352Z_seed20260211,AgentWrongTool,VB-280,5,CalcTool,sum,value_equals,True,CalcTool,sum,True,,E0,True
VBrun_scale_microbench_300_2026-02-11T064352Z_seed20260211,AgentWrongTool,VB-280,6,QueryTool,search,query_hits_reproducible,True,QueryTool,search,True,,E0,True
VBrun_scale_microbench_300_2026-02-11T064352Z_seed20260211,AgentWrongTool,VB-280,7,CalcTool,sum,value_equals,True,CalcTool,sum,True,,E0,True
VBrun_scale_microbench_300_2026-02-11T064352Z_seed20260211,AgentWrongTool,VB-280,8,CalcTool,sum,value_equals,True,CalcTool,sum,True,,E0,True
VBrun_scale_microbench_300_2026-02-11T064352Z_seed20260211,AgentWrongTool,VB-281,1,FileTool,write_csv,artifact_written_exists,True,FileTool,write_csv,True,,E0,True
VBrun_scale_microbench_300_2026-02-11T064352Z_seed20260211,AgentWrongTool,VB-281,2,FileTool,read_csv,read_after_write_dependency,True,FileTool,read_csv,True,,E0,True
VBrun_scale_microbench_300_2026-02-11T064352Z_seed20260211,AgentWrongTool,VB-282,1,FileTool,write_csv,artifact_written_exists,True,FileTool,write_csv,True,,E0,True
VBrun_scale_microbench_300_2026-02-11T064352Z_seed20260211,AgentWrongTool,VB-282,2,FileTool,read_csv,read_after_write_dependency,True,FileTool,read_csv,True,,E0,True
VBrun_scale_microbench_300_2026-02-11T064352Z_seed20260211,AgentWrongTool,VB-282,3,QueryTool,search,query_hits_reproducible,True,QueryTool,search,True,,E0,True
VBrun_scale_microbench_300_2026-02-11T064352Z_seed20260211,AgentWrongTool,VB-283,1,FileTool,write_csv,artifact_written_exists,True,FileTool,write_csv,True,,E0,True
VBrun_scale_microbench_300_2026-02-11T064352Z_seed20260211,AgentWrongTool,VB-283,2,FileTool,read_csv,read_after_write_dependency,True,FileTool,read_csv,True,,E0,True
VBrun_scale_microbench_300_2026-02-11T064352Z_seed20260211,AgentWrongTool,VB-283,3,QueryTool,search,query_hits_reproducible,True,QueryTool,search,True,,E0,True
VBrun_scale_microbench_300_2026-02-11T064352Z_seed20260211,AgentWrongTool,VB-283,4,CalcTool,sum,value_equals,True,CalcTool,sum,True,,E0,True
VBrun_scale_microbench_300_2026-02-11T064352Z_seed20260211,AgentWrongTool,VB-284,1,FileTool,write_csv,artifact_written_exists,True,FileTool,write_csv,True,,E0,True
VBrun_scale_microbench_300_2026-02-11T064352Z_seed20260211,AgentWrongTool,VB-284,2,FileTool,read_csv,read_after_write_dependency,True,FileTool,read_csv,True,,E0,True
VBrun_scale_microbench_300_2026-02-11T064352Z_seed20260211,AgentWrongTool,VB-284,3,QueryTool,search,query_hits_reproducible,True,QueryTool,search,True,,E0,True
VBrun_scale_microbench_300_2026-02-11T064352Z_seed20260211,AgentWrongTool,VB-284,4,CalcTool,sum,value_equals,True,CalcTool,sum,True,,E0,True
VBrun_scale_microbench_300_2026-02-11T064352Z_seed20260211,AgentWrongTool,VB-284,5,CalcTool,sum,value_equals,True,CalcTool,sum,True,,E0,True
VBrun_scale_microbench_300_2026-02-11T064352Z_seed20260211,AgentWrongTool,VB-285,1,FileTool,write_csv,artifact_written_exists,True,FileTool,write_csv,True,,E0,True
VBrun_scale_microbench_300_2026-02-11T064352Z_seed20260211,AgentWrongTool,VB-285,2,FileTool,read_csv,read_after_write_dependency,True,FileTool,read_csv,True,,E0,True
VBrun_scale_microbench_300_2026-02-11T064352Z_seed20260211,AgentWrongTool,VB-285,3,QueryTool,search,query_hits_reproducible,True,QueryTool,search,True,,E0,True
VBrun_scale_microbench_300_2026-02-11T064352Z_seed20260211,AgentWrongTool,VB-285,4,CalcTool,sum,value_equals,True,CalcTool,sum,True,,E0,True
VBrun_scale_microbench_300_2026-02-11T064352Z_seed20260211,AgentWrongTool,VB-285,5,CalcTool,sum,value_equals,True,CalcTool,sum,True,,E0,True
VBrun_scale_microbench_300_2026-02-11T064352Z_seed20260211,AgentWrongTool,VB-285,6,QueryTool,search,query_hits_reproducible,True,QueryTool,search,True,,E0,True
VBrun_scale_microbench_300_2026-02-11T064352Z_seed20260211,AgentWrongTool,VB-286,1,FileTool,write_csv,artifact_written_exists,True,FileTool,write_csv,True,,E0,True
VBrun_scale_microbench_300_2026-02-11T064352Z_seed20260211,AgentWrongTool,VB-286,2,FileTool,read_csv,read_after_write_dependency,True,FileTool,read_csv,True,,E0,True
VBrun_scale_microbench_300_2026-02-11T064352Z_seed20260211,AgentWrongTool,VB-286,3,QueryTool,search,query_hits_reproducible,True,QueryTool,search,True,,E0,True
VBrun_scale_microbench_300_2026-02-11T064352Z_seed20260211,AgentWrongTool,VB-286,4,CalcTool,sum,value_equals,True,CalcTool,sum,True,,E0,True
VBrun_scale_microbench_300_2026-02-11T064352Z_seed20260211,AgentWrongTool,VB-286,5,CalcTool,sum,value_equals,True,CalcTool,sum,True,,E0,True
VBrun_scale_microbench_300_2026-02-11T064352Z_seed20260211,AgentWrongTool,VB-286,6,QueryTool,search,query_hits_reproducible,True,QueryTool,search,True,,E0,True
VBrun_scale_microbench_300_2026-02-11T064352Z_seed20260211,AgentWrongTool,VB-286,7,CalcTool,sum,value_equals,True,CalcTool,sum,True,,E0,True
VBrun_scale_microbench_300_2026-02-11T064352Z_seed20260211,AgentWrongTool,VB-287,1,FileTool,write_csv,artifact_written_exists,True,FileTool,write_csv,True,,E0,True
VBrun_scale_microbench_300_2026-02-11T064352Z_seed20260211,AgentWrongTool,VB-287,2,FileTool,read_csv,read_after_write_dependency,True,FileTool,read_csv,True,,E0,True
VBrun_scale_microbench_300_2026-02-11T064352Z_seed20260211,AgentWrongTool,VB-287,3,QueryTool,search,query_hits_reproducible,True,QueryTool,search,True,,E0,True
VBrun_scale_microbench_300_2026-02-11T064352Z_seed20260211,AgentWrongTool,VB-287,4,CalcTool,sum,value_equals,True,CalcTool,sum,True,,E0,True
VBrun_scale_microbench_300_2026-02-11T064352Z_seed20260211,AgentWrongTool,VB-287,5,CalcTool,sum,value_equals,True,CalcTool,sum,True,,E0,True
VBrun_scale_microbench_300_2026-02-11T064352Z_seed20260211,AgentWrongTool,VB-287,6,QueryTool,search,query_hits_reproducible,True,QueryTool,search,True,,E0,True
VBrun_scale_microbench_300_2026-02-11T064352Z_seed20260211,AgentWrongTool,VB-287,7,CalcTool,sum,value_equals,True,CalcTool,sum,True,,E0,True
VBrun_scale_microbench_300_2026-02-11T064352Z_seed20260211,AgentWrongTool,VB-287,8,CalcTool,sum,value_equals,True,CalcTool,sum,True,,E0,True
VBrun_scale_microbench_300_2026-02-11T064352Z_seed20260211,AgentWrongTool,VB-288,1,FileTool,write_csv,artifact_written_exists,True,FileTool,write_csv,True,,E0,True
VBrun_scale_microbench_300_2026-02-11T064352Z_seed20260211,AgentWrongTool,VB-288,2,FileTool,read_csv,read_after_write_dependency,True,FileTool,read_csv,True,,E0,True
VBrun_scale_microbench_300_2026-02-11T064352Z_seed20260211,AgentWrongTool,VB-289,1,FileTool,write_csv,artifact_written_exists,True,FileTool,write_csv,True,,E0,True
VBrun_scale_microbench_300_2026-02-11T064352Z_seed20260211,AgentWrongTool,VB-289,2,FileTool,read_csv,read_after_write_dependency,True,FileTool,read_csv,True,,E0,True
VBrun_scale_microbench_300_2026-02-11T064352Z_seed20260211,AgentWrongTool,VB-289,3,QueryTool,search,query_hits_reproducible,True,QueryTool,search,True,,E0,True
VBrun_scale_microbench_300_2026-02-11T064352Z_seed20260211,AgentWrongTool,VB-290,1,FileTool,write_csv,artifact_written_exists,True,FileTool,write_csv,True,,E0,True
VBrun_scale_microbench_300_2026-02-11T064352Z_seed20260211,AgentWrongTool,VB-290,2,FileTool,read_csv,read_after_write_dependency,True,FileTool,read_csv,True,,E0,True
VBrun_scale_microbench_300_2026-02-11T064352Z_seed20260211,AgentWrongTool,VB-290,3,QueryTool,search,query_hits_reproducible,True,QueryTool,search,True,,E0,True
VBrun_scale_microbench_300_2026-02-11T064352Z_seed20260211,AgentWrongTool,VB-290,4,CalcTool,sum,value_equals,True,CalcTool,sum,True,,E0,True
VBrun_scale_microbench_300_2026-02-11T064352Z_seed20260211,AgentWrongTool,VB-291,1,FileTool,write_csv,artifact_written_exists,True,FileTool,write_csv,True,,E0,True
VBrun_scale_microbench_300_2026-02-11T064352Z_seed20260211,AgentWrongTool,VB-291,2,FileTool,read_csv,read_after_write_dependency,True,FileTool,read_csv,True,,E0,True
VBrun_scale_microbench_300_2026-02-11T064352Z_seed20260211,AgentWrongTool,VB-291,3,QueryTool,search,query_hits_reproducible,True,QueryTool,search,True,,E0,True
VBrun_scale_microbench_300_2026-02-11T064352Z_seed20260211,AgentWrongTool,VB-291,4,CalcTool,sum,value_equals,True,CalcTool,sum,True,,E0,True
VBrun_scale_microbench_300_2026-02-11T064352Z_seed20260211,AgentWrongTool,VB-291,5,CalcTool,sum,value_equals,True,CalcTool,sum,True,,E0,True
VBrun_scale_microbench_300_2026-02-11T064352Z_seed20260211,AgentWrongTool,VB-292,1,FileTool,write_csv,artifact_written_exists,True,FileTool,write_csv,True,,E0,True
VBrun_scale_microbench_300_2026-02-11T064352Z_seed20260211,AgentWrongTool,VB-292,2,FileTool,read_csv,read_after_write_dependency,True,FileTool,read_csv,True,,E0,True
VBrun_scale_microbench_300_2026-02-11T064352Z_seed20260211,AgentWrongTool,VB-292,3,QueryTool,search,query_hits_reproducible,True,QueryTool,search,True,,E0,True
VBrun_scale_microbench_300_2026-02-11T064352Z_seed20260211,AgentWrongTool,VB-292,4,CalcTool,sum,value_equals,True,CalcTool,sum,True,,E0,True
VBrun_scale_microbench_300_2026-02-11T064352Z_seed20260211,AgentWrongTool,VB-292,5,CalcTool,sum,value_equals,True,CalcTool,sum,True,,E0,True
VBrun_scale_microbench_300_2026-02-11T064352Z_seed20260211,AgentWrongTool,VB-292,6,QueryTool,search,query_hits_reproducible,True,QueryTool,search,True,,E0,True
VBrun_scale_microbench_300_2026-02-11T064352Z_seed20260211,AgentWrongTool,VB-293,1,FileTool,write_csv,artifact_written_exists,True,FileTool,write_csv,True,,E0,True
VBrun_scale_microbench_300_2026-02-11T064352Z_seed20260211,AgentWrongTool,VB-293,2,FileTool,read_csv,read_after_write_dependency,True,FileTool,read_csv,True,,E0,True
VBrun_scale_microbench_300_2026-02-11T064352Z_seed20260211,AgentWrongTool,VB-293,3,QueryTool,search,query_hits_reproducible,True,QueryTool,search,True,,E0,True
VBrun_scale_microbench_300_2026-02-11T064352Z_seed20260211,AgentWrongTool,VB-293,4,CalcTool,sum,value_equals,True,CalcTool,sum,True,,E0,True
VBrun_scale_microbench_300_2026-02-11T064352Z_seed20260211,AgentWrongTool,VB-293,5,CalcTool,sum,value_equals,True,CalcTool,sum,True,,E0,True
VBrun_scale_microbench_300_2026-02-11T064352Z_seed20260211,AgentWrongTool,VB-293,6,QueryTool,search,query_hits_reproducible,True,QueryTool,search,True,,E0,True
VBrun_scale_microbench_300_2026-02-11T064352Z_seed20260211,AgentWrongTool,VB-293,7,CalcTool,sum,value_equals,True,CalcTool,sum,True,,E0,True
VBrun_scale_microbench_300_2026-02-11T064352Z_seed20260211,AgentWrongTool,VB-294,1,FileTool,write_csv,artifact_written_exists,True,FileTool,write_csv,True,,E0,True
VBrun_scale_microbench_300_2026-02-11T064352Z_seed20260211,AgentWrongTool,VB-294,2,FileTool,read_csv,read_after_write_dependency,True,FileTool,read_csv,True,,E0,True
VBrun_scale_microbench_300_2026-02-11T064352Z_seed20260211,AgentWrongTool,VB-294,3,QueryTool,search,query_hits_reproducible,True,QueryTool,search,True,,E0,True
VBrun_scale_microbench_300_2026-02-11T064352Z_seed20260211,AgentWrongTool,VB-294,4,CalcTool,sum,value_equals,True,CalcTool,sum,True,,E0,True
VBrun_scale_microbench_300_2026-02-11T064352Z_seed20260211,AgentWrongTool,VB-294,5,CalcTool,sum,value_equals,True,CalcTool,sum,True,,E0,True
VBrun_scale_microbench_300_2026-02-11T064352Z_seed20260211,AgentWrongTool,VB-294,6,QueryTool,search,query_hits_reproducible,True,QueryTool,search,True,,E0,True
VBrun_scale_microbench_300_2026-02-11T064352Z_seed20260211,AgentWrongTool,VB-294,7,CalcTool,sum,value_equals,True,CalcTool,sum,True,,E0,True
VBrun_scale_microbench_300_2026-02-11T064352Z_seed20260211,AgentWrongTool,VB-294,8,CalcTool,sum,value_equals,True,CalcTool,sum,True,,E0,True
VBrun_scale_microbench_300_2026-02-11T064352Z_seed20260211,AgentWrongTool,VB-295,1,FileTool,write_csv,artifact_written_exists,True,FileTool,write_csv,True,,E0,True
VBrun_scale_microbench_300_2026-02-11T064352Z_seed20260211,AgentWrongTool,VB-295,2,FileTool,read_csv,read_after_write_dependency,True,FileTool,read_csv,True,,E0,True
VBrun_scale_microbench_300_2026-02-11T064352Z_seed20260211,AgentWrongTool,VB-296,1,FileTool,write_csv,artifact_written_exists,True,FileTool,write_csv,True,,E0,True
VBrun_scale_microbench_300_2026-02-11T064352Z_seed20260211,AgentWrongTool,VB-296,2,FileTool,read_csv,read_after_write_dependency,True,FileTool,read_csv,True,,E0,True
VBrun_scale_microbench_300_2026-02-11T064352Z_seed20260211,AgentWrongTool,VB-296,3,QueryTool,search,query_hits_reproducible,True,QueryTool,search,True,,E0,True
VBrun_scale_microbench_300_2026-02-11T064352Z_seed20260211,AgentWrongTool,VB-297,1,FileTool,write_csv,artifact_written_exists,True,FileTool,write_csv,True,,E0,True
VBrun_scale_microbench_300_2026-02-11T064352Z_seed20260211,AgentWrongTool,VB-297,2,FileTool,read_csv,read_after_write_dependency,True,FileTool,read_csv,True,,E0,True
VBrun_scale_microbench_300_2026-02-11T064352Z_seed20260211,AgentWrongTool,VB-297,3,QueryTool,search,query_hits_reproducible,True,QueryTool,search,True,,E0,True
VBrun_scale_microbench_300_2026-02-11T064352Z_seed20260211,AgentWrongTool,VB-297,4,CalcTool,sum,value_equals,True,CalcTool,sum,True,,E0,True
VBrun_scale_microbench_300_2026-02-11T064352Z_seed20260211,AgentWrongTool,VB-298,1,FileTool,write_csv,artifact_written_exists,True,FileTool,write_csv,True,,E0,True
VBrun_scale_microbench_300_2026-02-11T064352Z_seed20260211,AgentWrongTool,VB-298,2,FileTool,read_csv,read_after_write_dependency,True,FileTool,read_csv,True,,E0,True
VBrun_scale_microbench_300_2026-02-11T064352Z_seed20260211,AgentWrongTool,VB-298,3,QueryTool,search,query_hits_reproducible,True,QueryTool,search,True,,E0,True
VBrun_scale_microbench_300_2026-02-11T064352Z_seed20260211,AgentWrongTool,VB-298,4,CalcTool,sum,value_equals,True,CalcTool,sum,True,,E0,True
VBrun_scale_microbench_300_2026-02-11T064352Z_seed20260211,AgentWrongTool,VB-298,5,CalcTool,sum,value_equals,True,CalcTool,sum,True,,E0,True
VBrun_scale_microbench_300_2026-02-11T064352Z_seed20260211,AgentWrongTool,VB-299,1,FileTool,write_csv,artifact_written_exists,True,FileTool,write_csv,True,,E0,True
VBrun_scale_microbench_300_2026-02-11T064352Z_seed20260211,AgentWrongTool,VB-299,2,FileTool,read_csv,read_after_write_dependency,True,FileTool,read_csv,True,,E0,True
VBrun_scale_microbench_300_2026-02-11T064352Z_seed20260211,AgentWrongTool,VB-299,3,QueryTool,search,query_hits_reproducible,True,QueryTool,search,True,,E0,True
VBrun_scale_microbench_300_2026-02-11T064352Z_seed20260211,AgentWrongTool,VB-299,4,CalcTool,sum,value_equals,True,CalcTool,sum,True,,E0,True
VBrun_scale_microbench_300_2026-02-11T064352Z_seed20260211,AgentWrongTool,VB-299,5,CalcTool,sum,value_equals,True,CalcTool,sum,True,,E0,True
VBrun_scale_microbench_300_2026-02-11T064352Z_seed20260211,AgentWrongTool,VB-299,6,QueryTool,search,query_hits_reproducible,True,QueryTool,search,True,,E0,True
VBrun_scale_microbench_300_2026-02-11T064352Z_seed20260211,AgentWrongTool,VB-300,1,FileTool,write_csv,artifact_written_exists,True,FileTool,write_csv,True,,E0,True
VBrun_scale_microbench_300_2026-02-11T064352Z_seed20260211,AgentWrongTool,VB-300,2,FileTool,read_csv,read_after_write_dependency,True,FileTool,read_csv,True,,E0,True
VBrun_scale_microbench_300_2026-02-11T064352Z_seed20260211,AgentWrongTool,VB-300,3,QueryTool,search,query_hits_reproducible,True,QueryTool,search,True,,E0,True
VBrun_scale_microbench_300_2026-02-11T064352Z_seed20260211,AgentWrongTool,VB-300,4,CalcTool,sum,value_equals,True,CalcTool,sum,True,,E0,True
VBrun_scale_microbench_300_2026-02-11T064352Z_seed20260211,AgentWrongTool,VB-300,5,CalcTool,sum,value_equals,True,CalcTool,sum,True,,E0,True
VBrun_scale_microbench_300_2026-02-11T064352Z_seed20260211,AgentWrongTool,VB-300,6,QueryTool,search,query_hits_reproducible,True,QueryTool,search,True,,E0,True
VBrun_scale_microbench_300_2026-02-11T064352Z_seed20260211,AgentWrongTool,VB-300,7,CalcTool,sum,value_equals,True,CalcTool,sum,True,,E0,True
